strategy_name,n,is_after_tax,tax_rate,year,start_value,gross_return,dividend_income,ending_value_pretax,realized_capital_gain,net_taxable_gain,capital_gains_tax_paid,dividend_tax_paid,tax_paid,loss_carryforward,ending_value_aftertax,cash,spx_return,turnover
Top_3_MarketCap,3,False,0.3,2015,10000.0,0.014844887570073297,249.01640388799075,10148.448875700733,14.513898574000507,0.0,0.0,0.0,0.0,0.0,10148.448875700735,0.0,0.013837599218982092,0.021055540907242737
Top_3_MarketCap,3,False,0.3,2016,10148.448875700733,0.14890738076195667,277.5060283036315,11659.627816577953,-53.91551920062739,0.0,0.0,0.0,0.0,0.0,11659.627816577955,9.094947017729282e-13,0.11959912078710487,0.27275456238096135
Top_3_MarketCap,3,False,0.3,2017,11659.627816577953,0.47485582684381833,203.41575871319753,17196.27002411026,133.59865311488105,0.0,0.0,0.0,0.0,0.0,17196.27002411026,0.0,0.2183160148270721,0.0282452675159392
Top_3_MarketCap,3,False,0.3,2018,17196.27002411026,0.12696041289353574,226.81789236280432,19379.515566600032,21.33438373404595,0.0,0.0,0.0,0.0,0.0,19379.515566600032,1.4210854715202004e-14,-0.043842417452558714,0.00805023442193074
Top_3_MarketCap,3,False,0.3,2019,19379.515566600032,0.5667009987714986,251.96296441851473,30361.906393900073,314.0302206332786,0.0,0.0,0.0,0.0,0.0,30361.906393900073,0.0,0.3148637098683444,0.020720091688506095
Top_3_MarketCap,3,False,0.3,2020,30361.906393900073,0.6589023514050453,273.6535994711844,50367.43790998071,213.5120881012701,0.0,0.0,0.0,0.0,0.0,50367.43790998072,4.320099833421409e-12,0.18398826898926857,0.008190156957325537
Top_3_MarketCap,3,False,0.3,2021,50367.43790998071,0.31635890539981765,302.7777779237265,66301.62543497549,11998.202165536306,0.0,0.0,0.0,0.0,0.0,66301.62543497549,0.0,0.2870536836204064,0.23845740472946372
Top_3_MarketCap,3,False,0.3,2022,66301.62543497549,-0.2997854704955993,316.288320506459,46425.36145932837,130.29822311652237,0.0,0.0,0.0,0.0,0.0,46425.36145932837,8.256506589532364e-12,-0.18110887480348867,0.006969675068003949
Top_3_MarketCap,3,False,0.3,2023,46425.36145932837,0.5431677676091928,343.7524075964392,71642.12140364162,34.637401548874095,0.0,0.0,0.0,0.0,0.0,71642.12140364162,4.547473508864641e-13,0.2628765887097365,0.005017236170640672
Top_3_MarketCap,3,False,0.3,2024,71642.12140364162,0.2481200481747528,440.89005899210866,89417.96801765467,11677.919413430516,0.0,0.0,0.0,0.0,0.0,89417.96801765468,1.8189894035458565e-11,0.2501967983593843,0.3199736918135461
Top_3_MarketCap,3,True,0.3,2015,10000.0,0.014844887570073297,249.01640388799075,10148.448875700733,18.82198546729833,18.82198546729833,5.646595640189489,74.70492116639723,80.35151680658672,0.0,10068.097358894147,0.0,0.013837599218982092,0.01970488866803971
Top_3_MarketCap,3,True,0.3,2016,10068.097358894147,0.14890738075336699,275.3088422333415,11567.311365776966,-57.199796392721055,-57.199796392721055,0.0,82.59265267000245,82.59265267000245,57.199796392721055,11484.718713106966,0.0,0.11959912078710487,0.2691844736166644
Top_3_MarketCap,3,True,0.3,2017,11484.718713106966,0.4748558268438177,200.3642661142821,16938.30431368804,143.36597319959947,86.16617680687841,25.849853042063515,60.10927983428462,85.95913287634814,0.0,16852.345180811695,0.0,0.2183160148270721,0.027705391018766557
Top_3_MarketCap,3,True,0.3,2018,16852.345180811695,0.1269604128179232,222.28154192804018,18991.925881917687,32.909733657729795,32.909733657729795,9.87292009731894,66.68446257841205,76.55738267573099,0.0,18915.36849924196,0.0,-0.043842417452558714,0.0072966030230275465
Top_3_MarketCap,3,True,0.3,2019,18915.36849924196,0.5667009985908016,245.92835160384368,29634.72671647537,348.34974189760226,348.34974189760226,104.50492256928067,73.7785054811531,178.28342805043377,0.0,29456.443288424933,0.0,0.3148637098683444,0.019974103567846683
Top_3_MarketCap,3,True,0.3,2020,29456.443288424933,0.6589023514060596,265.4926087017465,48865.36303522736,296.4314874649941,296.4314874649941,88.92944623949826,79.64778261052395,168.5772288500222,0.0,48696.78580637734,0.0,0.18398826898926857,0.008798084337156635
Top_3_MarketCap,3,True,0.3,2021,48696.78580637734,0.31635890537494515,292.73485428308857,64102.44765936104,14507.607809692357,14507.607809692357,4352.282342907707,87.82045628492656,4440.102799192634,0.0,59662.3448601684,0.0,0.2870536836204064,0.2564151860851301
Top_3_MarketCap,3,True,0.3,2022,59662.3448601684,-0.2997854704514103,284.61599155135247,41776.440738028534,160.51012993953324,160.51012993953324,48.153038981859964,85.38479746540574,133.5378364472657,0.0,41642.90290158127,3.552713678800501e-15,-0.18110887480348867,0.006686098157011926
Top_3_MarketCap,3,True,0.3,2023,41642.90290158127,0.5431677676000142,308.34112397040235,64261.98550701732,68.34593648103125,68.34593648103125,20.503780944309383,92.5023371911207,113.00611813543009,0.0,64148.9793888819,5.684341886080802e-14,0.2628765887097365,0.005208079609404952
Top_3_MarketCap,3,True,0.3,2024,64148.9793888819,0.2481200481923136,394.7767982234729,80065.627246339,12830.734988588958,12830.734988588958,3849.2204965766873,118.43303946704187,3967.653536043729,0.0,76097.97371029526,0.0,0.2501967983593843,0.3287727284470222
Top_3_MarketCap_Quarterly,3,False,0.3,2015,10000.0,0.01879813536384936,202.47128311365412,10187.981353638494,-493.67227123773546,0.0,0.0,0.0,0.0,0.0,10187.981353638494,4.547473508864641e-13,0.013837599218982092,1.1202588968331615
Top_3_MarketCap_Quarterly,3,False,0.3,2016,10187.981353638494,0.10545602295237769,254.7966378045396,11262.36534910619,324.2764525482227,0.0,0.0,0.0,0.0,0.0,11262.36534910619,1.5631940186722204e-13,0.11959912078710487,0.290265361631516
Top_3_MarketCap_Quarterly,3,False,0.3,2017,11262.36534910619,0.417779895560423,196.99542794522932,15967.555168419101,822.7779513288408,0.0,0.0,0.0,0.0,0.0,15967.555168419103,1.8189894035458565e-12,0.2183160148270721,0.53926414840977
Top_3_MarketCap_Quarterly,3,False,0.3,2018,15967.555168419101,0.12602408839315735,211.43128038010127,17979.851752386567,20.712002731544274,0.0,0.0,0.0,0.0,0.0,17979.851752386567,0.0,-0.043842417452558714,0.01068540780161048
Top_3_MarketCap_Quarterly,3,False,0.3,2019,17979.851752386567,0.5689291271550007,234.7236329842562,28209.113116248165,331.58461214603335,0.0,0.0,0.0,0.0,0.0,28209.11311624816,0.0,0.3148637098683444,0.023729704282962963
Top_3_MarketCap_Quarterly,3,False,0.3,2020,28209.113116248165,0.6611350449020836,254.9879781276308,46859.14638300685,269.6973585727004,0.0,0.0,0.0,0.0,0.0,46859.14638300685,0.0,0.18398826898926857,0.01175027465655111
Top_3_MarketCap_Quarterly,3,False,0.3,2021,46859.14638300685,0.33238451349582687,280.1041256490488,62434.40095635232,9067.188589502126,0.0,0.0,0.0,0.0,0.0,62434.40095635232,0.0,0.2870536836204064,0.2688125565026891
Top_3_MarketCap_Quarterly,3,False,0.3,2022,62434.40095635232,-0.30023939739922256,298.49520000012967,43689.13403623566,201.82311855774591,0.0,0.0,0.0,0.0,0.0,43689.13403623567,1.1365131058482802e-11,-0.18110887480348867,0.008960997345908762
Top_3_MarketCap_Quarterly,3,False,0.3,2023,43689.13403623566,0.5440087516138084,324.13111926616875,67456.40530237656,132.928125186977,0.0,0.0,0.0,0.0,0.0,67456.40530237656,1.7621459846850485e-12,0.2628765887097365,0.007736104478829931
Top_3_MarketCap_Quarterly,3,False,0.3,2024,67456.40530237656,0.3176011280543202,340.3215913115888,88880.63572090078,5563.638097487499,0.0,0.0,0.0,0.0,0.0,88880.63572090078,1.8758328224066645e-11,0.2501967983593843,0.2932750371032809
Top_3_MarketCap_Quarterly,3,True,0.3,2015,10000.0,0.013619910784542662,202.0067108256344,10136.199107845427,-494.6492584075827,-494.6492584075827,0.0,60.602013247690316,60.602013247690316,494.64925840758247,10124.43374230454,0.0,0.013837599218982092,1.1195200631647173
Top_3_MarketCap_Quarterly,3,True,0.3,2016,10124.43374230454,0.09897483994924393,252.52411671641892,11126.497951525856,325.1021668434828,-169.54709156409967,0.0,75.75723501492568,75.75723501492568,169.54709156409967,11112.709665437054,0.0,0.11959912078710487,0.28879683807571555
Top_3_MarketCap_Quarterly,3,True,0.3,2017,11112.709665437054,0.4032156758021074,193.70287649434007,15593.528403178867,853.3486581571947,683.801566593095,205.1404699779285,58.11086294830203,263.2513329262305,0.0,15475.124278045945,0.0,0.2183160148270721,0.539366648329709
Top_3_MarketCap_Quarterly,3,True,0.3,2018,15475.124278045945,0.12337078234420888,204.65346291930325,17384.302467102334,21.59793833362907,21.59793833362907,6.479381500088721,61.39603887579098,67.8754203758797,0.0,17361.62519734144,0.0,-0.043842417452558714,0.009262431296126568
Top_3_MarketCap_Quarterly,3,True,0.3,2019,17361.62519734144,0.5653507305405914,226.38501492416452,27177.03268603036,348.14786915246674,348.14786915246674,104.44436074574001,67.91550447724934,172.35986522298936,0.0,27054.763625290547,0.0,0.3148637098683444,0.022030567764523307
Top_3_MarketCap_Quarterly,3,True,0.3,2020,27054.763625290547,0.6584368911850842,244.33641881240132,44868.61807847415,314.60354176722524,314.60354176722524,94.38106253016757,73.3009256437204,167.681988173888,0.0,44755.08499205386,0.0,0.18398826898926857,0.011389387311340564
Top_3_MarketCap_Quarterly,3,True,0.3,2021,44755.08499205386,0.24735855528588618,263.04348799574484,55825.63815738535,10615.219463759246,10615.219463759246,3184.565839127773,78.91304639872345,3263.4788855264965,0.0,55759.73077344199,0.0,0.2870536836204064,0.2833935098802457
Top_3_MarketCap_Quarterly,3,True,0.3,2022,55759.73077344199,-0.30116325699612595,266.41302814499716,38966.948644485085,204.46756357272272,204.46756357272272,61.340269071816806,79.92390844349916,141.26417751531596,0.0,38884.69000859911,0.0,-0.18110887480348867,0.008222359439925747
Top_3_MarketCap_Quarterly,3,True,0.3,2023,38884.69000859911,0.5421133693756838,288.303641323826,59964.60032628976,140.69058081541775,140.69058081541775,42.20717424462531,86.4910923971478,128.6982666417731,0.0,59899.68413855285,0.0,0.2628765887097365,0.007239553824458781
Top_3_MarketCap_Quarterly,3,True,0.3,2024,59899.68413855285,0.27967615663955875,295.75663876063714,76652.19758234685,6045.836931967439,6045.836931967439,1813.7510795902317,88.72699162819114,1902.4780712184229,0.0,76519.17521656623,0.0,0.2501967983593843,0.2992881517156242
Top_5_MarketCap,5,False,0.3,2015,10000.0,-0.009631165636097103,210.6006747988926,9903.688343639029,-233.11185377451312,0.0,0.0,0.0,0.0,0.0,9903.688343639029,0.0,0.013837599218982092,0.329880460796395
Top_5_MarketCap,5,False,0.3,2016,9903.688343639029,0.13502865613792459,185.63803354794499,11240.970071489435,-5.4496336231295,0.0,0.0,0.0,0.0,0.0,11240.970071489435,6.821210263296962e-13,0.11959912078710487,0.02823809238686045
Top_5_MarketCap,5,False,0.3,2017,11240.970071489435,0.4010318136517162,195.9813877612981,15748.956686463505,47.06518882568261,0.0,0.0,0.0,0.0,0.0,15748.956686463507,0.0,0.2183160148270721,0.14962624420547946
Top_5_MarketCap,5,False,0.3,2018,15748.956686463505,0.05043235322709257,142.52863621034498,16543.213633033414,712.9102962635405,0.0,0.0,0.0,0.0,0.0,16543.213633033418,0.0,-0.043842417452558714,0.18616842297188452
Top_5_MarketCap,5,False,0.3,2019,16543.213633033414,0.4552461665855906,147.23200601614894,24074.448222478357,937.486368024931,0.0,0.0,0.0,0.0,0.0,24074.448222478357,4.547473508864641e-13,0.3148637098683444,0.152497707569684
Top_5_MarketCap,5,False,0.3,2020,24074.448222478357,0.555313386237643,150.68359669308273,37443.31158670562,352.7175492625772,0.0,0.0,0.0,0.0,0.0,37443.31158670562,0.0,0.18398826898926857,0.03990316709745037
Top_5_MarketCap,5,False,0.3,2021,37443.31158670562,0.3588941667125344,169.79804979589528,50881.497697574116,2012.5973824713494,0.0,0.0,0.0,0.0,0.0,50881.497697574116,0.0,0.2870536836204064,0.09549097757668627
Top_5_MarketCap,5,False,0.3,2022,50881.497697574116,-0.36295717222107593,182.2829235063918,32413.693174889428,-2238.80337505839,0.0,0.0,0.0,0.0,0.0,32413.693174889428,5.4569682106375694e-12,-0.18110887480348867,0.08940566428587528
Top_5_MarketCap,5,False,0.3,2023,32413.693174889428,0.5401874570827434,188.19098280920917,49923.163665693224,2573.248125136261,0.0,0.0,0.0,0.0,0.0,49923.163665693224,1.8189894035458565e-12,0.2628765887097365,0.12383417484089786
Top_5_MarketCap,5,False,0.3,2024,49923.163665693224,0.4599767587611123,229.36739188111423,72886.65867573932,426.4120039626545,0.0,0.0,0.0,0.0,0.0,72886.65867573932,0.0,0.2501967983593843,0.009863606760778122
Top_5_MarketCap,5,True,0.3,2015,10000.0,-0.009631165636097103,210.6006747988926,9903.688343639029,-230.7898193324524,-230.7898193324524,0.0,63.18020243966778,63.18020243966778,230.7898193324524,9840.50814119936,0.0,0.013837599218982092,0.32813125350173344
Top_5_MarketCap,5,True,0.3,2016,9840.50814119936,0.13502865613792497,184.45376278607333,11169.25873121982,-5.631054683103773,-236.42087401555617,0.0,55.336128835821995,55.336128835821995,236.42087401555617,11113.922602383996,0.0,0.11959912078710487,0.026558660454424076
Top_5_MarketCap,5,True,0.3,2017,11113.922602383996,0.40103181365171625,193.76637080559993,15570.959140402852,53.88414768587603,-182.53672632968014,0.0,58.12991124167998,58.12991124167998,182.53672632968014,15512.829229161172,0.0,0.2183160148270721,0.14936737086199167
Top_5_MarketCap,5,True,0.3,2018,15512.829229161172,0.05043235322709249,140.39167405271553,16295.177712397794,773.5117839626038,590.9750576329236,177.29251728987708,42.11750221581466,219.41001950569174,0.0,16075.767692892103,0.0,-0.043842417452558714,0.19033607401662261
Top_5_MarketCap,5,True,0.3,2019,16075.767692892103,0.45524616677401536,143.07181062071737,23394.19931303079,1092.2076940763882,1092.2076940763882,327.66230822291647,42.92154318621521,370.5838514091317,0.0,23023.615461621655,0.0,0.3148637098683444,0.15795399776580085
Top_5_MarketCap,5,True,0.3,2020,23023.615461621655,0.555313386334629,144.10636356331707,35808.9373292811,351.6946807453872,351.6946807453872,105.50840422361614,43.23190906899512,148.74031329261126,0.0,35660.19701598848,0.0,0.18398826898926857,0.03860420802715787
Top_5_MarketCap,5,True,0.3,2021,35660.19701598848,0.3588941665363057,161.7119761063578,48458.43370256212,2361.028212055417,2361.028212055417,708.3084636166251,48.51359283190734,756.8220564485324,0.0,47701.61164611359,0.0,0.2870536836204064,0.0991418145812187
Top_5_MarketCap,5,True,0.3,2022,47701.61164611359,-0.36295717212162365,170.89098440685936,30387.969577396292,-2066.3687930984584,-2066.3687930984584,0.0,51.267295322057805,51.267295322057805,2066.3687930984584,30336.702282074228,1.8189894035458565e-12,-0.18110887480348867,0.09009363083813039
Top_5_MarketCap,5,True,0.3,2023,30336.702282074228,0.5401874570827436,176.13216077693698,46724.20834410417,2547.8986865531365,481.52989345467813,144.4589680364034,52.83964823308109,197.2986162694845,0.0,46526.90972783469,0.0,0.2628765887097365,0.12541462113665702
Top_5_MarketCap,5,True,0.3,2024,46526.90972783469,0.4599767579874646,213.76361509520103,67928.20682361952,491.0585186457786,491.0585186457786,147.31755559373357,64.12908452856031,211.44664012229387,0.0,67716.76018349723,0.0,0.2501967983593843,0.010147080921348958
Top_5_MarketCap_Quarterly,5,False,0.3,2015,10000.0,0.04842694970675911,176.62135974774307,10484.269497067591,374.15446345214707,0.0,0.0,0.0,0.0,0.0,10484.269497067593,1.1368683772161603e-12,0.013837599218982092,0.5291224365112432
Top_5_MarketCap_Quarterly,5,False,0.3,2016,10484.269497067591,0.13594809422881599,197.85288686026837,11909.585954575237,-6.4054866988588515,0.0,0.0,0.0,0.0,0.0,11909.58595457524,1.5063505998114124e-12,0.11959912078710487,0.030922129084228395
Top_5_MarketCap_Quarterly,5,False,0.3,2017,11909.585954575237,0.40737037496997996,170.2936733928716,16761.19845062776,31.36632667615578,0.0,0.0,0.0,0.0,0.0,16761.198450627755,0.0,0.2183160148270721,0.42092731277046364
Top_5_MarketCap_Quarterly,5,False,0.3,2018,16761.19845062776,0.04977410466476742,152.12082190489826,17595.472096616242,825.354304817489,0.0,0.0,0.0,0.0,0.0,17595.472096616242,0.0,-0.043842417452558714,0.19220314992341808
Top_5_MarketCap_Quarterly,5,False,0.3,2019,17595.472096616242,0.4686933149621153,155.67714533497087,25842.35224190271,725.0836516168675,0.0,0.0,0.0,0.0,0.0,25842.352241902707,1.8189894035458565e-12,0.3148637098683444,0.15926890341647365
Top_5_MarketCap_Quarterly,5,False,0.3,2020,25842.35224190271,0.5567984635642955,162.08572307888133,40231.33426508147,608.7120523851718,0.0,0.0,0.0,0.0,0.0,40231.33426508147,7.958078640513122e-13,0.18398826898926857,0.04104845905425861
Top_5_MarketCap_Quarterly,5,False,0.3,2021,40231.33426508147,0.35965889942999846,182.7381982191741,54700.89166946105,2568.841260874685,0.0,0.0,0.0,0.0,0.0,54700.891669461045,0.0,0.2870536836204064,0.09759383485422728
Top_5_MarketCap_Quarterly,5,False,0.3,2022,54700.89166946105,-0.36338116773613016,196.32770779588816,34823.61777840474,-2310.980607525613,0.0,0.0,0.0,0.0,0.0,34823.61777840474,7.73070496506989e-12,-0.18110887480348867,0.09328939006691843
Top_5_MarketCap_Quarterly,5,False,0.3,2023,34823.61777840474,0.6089325838379618,201.3869907538226,56028.85333079432,811.7321745285647,0.0,0.0,0.0,0.0,0.0,56028.85333079433,0.0,0.2628765887097365,0.1017626207830207
Top_5_MarketCap_Quarterly,5,False,0.3,2024,56028.85333079432,0.4604141107899498,257.77614843407355,81825.32801567251,613.7078270778848,0.0,0.0,0.0,0.0,0.0,81825.32801567252,1.602984411874786e-11,0.2501967983593843,0.011470596101556747
Top_5_MarketCap_Quarterly,5,True,0.3,2015,10000.0,0.04416682807154684,176.26577066783975,10441.668280715468,372.06120076592265,372.06120076592265,111.6183602297768,52.87973120035192,164.4980914301287,0.0,10316.977877039779,0.0,0.013837599218982092,0.5223236220485319
Top_5_MarketCap_Quarterly,5,True,0.3,2016,10316.977877039779,0.13145269224938744,194.2988431142976,11673.172394854028,-6.337184169792357,-6.337184169792357,0.0,58.28965293428928,58.28965293428928,6.337184169792357,11658.10867446303,4.405364961712621e-13,0.11959912078710487,0.02850337209653716
Top_5_MarketCap_Quarterly,5,True,0.3,2017,11658.10867446303,0.40341018540221335,166.47054135875618,16361.108456267313,35.210926391499214,28.873742221706856,8.662122666512072,49.94116240762685,58.603285074138924,0.0,16341.628412947484,0.0,0.2183160148270721,0.42092716349610226
Top_5_MarketCap_Quarterly,5,True,0.3,2018,16341.628412947484,0.04795936820012198,148.17758263882325,17125.362586993608,899.7955496371944,899.7955496371944,269.93866489115834,44.453274791646976,314.3919396828053,0.0,16843.87380867674,0.0,-0.043842417452558714,0.19654067864879038
Top_5_MarketCap_Quarterly,5,True,0.3,2019,16843.87380867674,0.46047821694305546,148.45550730712898,24600.11078651004,815.3425523395517,815.3425523395517,244.6027657018655,44.53665219213869,289.13941789400417,0.0,24420.94098133559,0.0,0.3148637098683444,0.16309637726735227
Top_5_MarketCap_Quarterly,5,True,0.3,2020,24420.94098133559,0.5548724176969592,153.0681190967601,37971.44754608402,616.7866167129482,616.7866167129482,185.03598501388447,45.920435729028036,230.95642074291248,0.0,37775.89394484233,0.0,0.18398826898926857,0.039602431728579406
Top_5_MarketCap_Quarterly,5,True,0.3,2021,37775.89394484233,0.35843798565419643,171.50465583049606,51316.209276718175,2957.2828074626677,2957.2828074626677,887.1848422388005,51.45139674914882,938.6362389879494,0.0,50415.536592569035,0.0,0.2870536836204064,0.10155705220940466
Top_5_MarketCap_Quarterly,5,True,0.3,2022,50415.536592569035,-0.3640315466628976,180.85801990101044,32062.69083093622,-2118.7036403907637,-2118.7036403907637,1.7763568394002505e-15,54.25740597030313,54.25740597030313,2118.703640390764,32049.074525620534,8.185452315956354e-12,-0.18110887480348867,0.09305383016988088
Top_5_MarketCap_Quarterly,5,True,0.3,2023,32049.074525620534,0.6074081798768892,185.25013001110221,51515.94454996648,762.9678067478236,-1355.7358336429406,0.0,55.57503900333066,55.57503900333066,1355.7358336429406,51501.38524296922,0.0,0.2628765887097365,0.10166579497389241
Top_5_MarketCap_Quarterly,5,True,0.3,2024,51501.38524296922,0.4592784110883172,236.84897929317293,75154.85962620743,579.7949024901185,-775.9409311528221,0.0,71.05469378795188,71.05469378795188,775.9409311528221,75135.38576480452,9.86233317235019e-12,0.2501967983593843,0.011235729751250523
Top_10_MarketCap,10,False,0.3,2015,10000.0,0.056396180316509524,216.9660614351925,10563.961803165095,103.6835545141297,0.0,0.0,0.0,0.0,0.0,10563.961803165097,5.002220859751105e-12,0.013837599218982092,0.23714486005546762
Top_10_MarketCap,10,False,0.3,2016,10563.961803165095,0.14290578029796083,192.43720363439587,12073.613007684256,-0.0019525300084879404,0.0,0.0,0.0,0.0,0.0,12073.613007684255,4.495959160522034e-12,0.11959912078710487,0.025706245698152223
Top_10_MarketCap,10,False,0.3,2017,12073.613007684256,0.3002208940909919,201.34378774229938,15698.363899759854,147.01091164058647,0.0,0.0,0.0,0.0,0.0,15698.363899759852,0.0,0.2183160148270721,0.09294200193994008
Top_10_MarketCap,10,False,0.3,2018,15698.363899759854,0.0004948986006365583,214.32885304907634,15706.132998086128,-228.69244875341352,0.0,0.0,0.0,0.0,0.0,15706.132998086126,0.0,-0.043842417452558714,0.1662603989901521
Top_10_MarketCap,10,False,0.3,2019,15706.132998086128,0.4360504047179745,200.61052250609998,22554.79864845592,584.1348805066383,0.0,0.0,0.0,0.0,0.0,22554.79864845591,0.0,0.3148637098683444,0.04763867730978454
Top_10_MarketCap,10,False,0.3,2020,22554.79864845592,0.39401372530309725,216.90282535161953,31441.698887395298,1303.9516575975238,0.0,0.0,0.0,0.0,0.0,31441.6988873953,5.6843418860808015e-12,0.18398826898926857,0.1002573315920831
Top_10_MarketCap,10,False,0.3,2021,31441.698887395298,0.33397338940057186,193.89936757979913,41942.389633330895,1963.8192642673544,0.0,0.0,0.0,0.0,0.0,41942.389633330895,0.0,0.2870536836204064,0.0992863610545892
Top_10_MarketCap,10,False,0.3,2022,41942.389633330895,-0.3461714889059812,175.58000460721095,27423.130165685947,-571.5247653020645,0.0,0.0,0.0,0.0,0.0,27423.130165685954,3.637978807091713e-12,-0.18110887480348867,0.10856339364070908
Top_10_MarketCap,10,False,0.3,2023,27423.130165685947,0.509848453066515,272.6533944839588,41404.77065890261,1054.6081549278606,0.0,0.0,0.0,0.0,0.0,41404.77065890262,5.4569682106375694e-12,0.2628765887097365,0.1494030078006008
Top_10_MarketCap,10,False,0.3,2024,41404.77065890261,0.49478622943165984,232.0981272890436,61891.28101370366,392.6472731423647,0.0,0.0,0.0,0.0,0.0,61891.281013703665,4.432010314303625e-12,0.2501967983593843,0.010326265194366668
Top_10_MarketCap,10,True,0.3,2015,10000.0,0.056396180316509524,216.9660614351925,10563.961803165095,106.28726241898886,106.28726241898886,31.886178725696666,65.08981843055774,96.97599715625441,0.0,10466.985806008843,0.0,0.013837599218982092,0.2360146709181566
Top_10_MarketCap,10,True,0.3,2016,10466.985806008843,0.1429057804005089,190.6706517868047,11962.778581057586,0.2584193628906169,0.2584193628906169,0.07752580886718619,57.20119553604141,57.2787213449086,0.0,11905.49985971268,0.0,0.11959912078710487,0.024205319239247496
Top_10_MarketCap,10,True,0.3,2017,11905.49985971268,0.3002208945882584,198.54027391894599,15479.779678116005,169.06207602407372,169.06207602407372,50.7186228072221,59.56208217568379,110.28070498290589,0.0,15369.4989731331,0.0,0.2183160148270721,0.0931024549583219
Top_10_MarketCap,10,True,0.3,2018,15369.4989731331,0.0004948985625010898,209.83887903972538,15377.105316081266,-208.09139170844895,-208.09139170844895,0.0,62.95166371191761,62.95166371191761,208.09139170844895,15314.153652369348,0.0,-0.043842417452558714,0.1672879084506942
Top_10_MarketCap,10,True,0.3,2019,15314.153652369348,0.4360504047179748,195.6038680122521,21991.896550398254,645.1301258417633,437.03873413331434,131.1116202399943,58.68116040367563,189.79278064366991,0.0,21802.103769754583,0.0,0.3148637098683444,0.04919466470572923
Top_10_MarketCap,10,True,0.3,2020,21802.103769754583,0.3940137257490297,209.66438081224587,30392.431905242553,1313.28979093506,1313.28979093506,393.98693728051796,62.89931424367376,456.8862515241917,0.0,29935.545653718364,0.0,0.18398826898926857,0.09653068830626921
Top_10_MarketCap,10,True,0.3,2021,29935.545653718364,0.3339733893432148,184.6109967879144,39933.22129752923,2379.9439083249135,2379.9439083249135,713.983172497474,55.38329903637432,769.3664715338483,0.0,39163.85482599538,0.0,0.2870536836204064,0.10557935395670952
Top_10_MarketCap,10,True,0.3,2022,39163.85482599538,-0.3461714897493418,163.9484503568983,25606.44485655361,-493.3970404972229,-493.3970404972229,0.0,49.184535107069486,49.184535107069486,493.3970404972229,25557.260321446545,2.0463630789890885e-12,-0.18110887480348867,0.10930911108669263
Top_10_MarketCap,10,True,0.3,2023,25557.260321446545,0.5098484530665153,254.10205684950816,38587.5899609543,1163.154426178995,669.7573856817721,200.92721570453162,76.23061705485244,277.15783275938406,0.0,38310.43212819491,0.0,0.2628765887097365,0.15189754232067523
Top_10_MarketCap,10,True,0.3,2024,38310.43212819491,0.4947862278451834,214.7525360895002,57265.90632802339,447.971527966642,447.971527966642,134.39145838999258,64.42576082685007,198.81721921684266,0.0,57067.08910880654,0.0,0.2501967983593843,0.010514468164475939
Top_10_MarketCap_Quarterly,10,False,0.3,2015,10000.0,0.06106550738391288,212.9880294870203,10610.655073839129,45.023257312134064,0.0,0.0,0.0,0.0,0.0,10610.655073839129,2.8705926524708048e-12,0.013837599218982092,0.24268140483584183
Top_10_MarketCap_Quarterly,10,False,0.3,2016,10610.655073839129,0.13765484915598167,195.79488478469716,12071.263197474605,-21.155971439164357,0.0,0.0,0.0,0.0,0.0,12071.263197474607,5.7127635955112055e-12,0.11959912078710487,0.20548294984661328
Top_10_MarketCap_Quarterly,10,False,0.3,2017,12071.263197474605,0.33182481900511696,201.57371658604222,16076.807923139746,345.1873812403555,0.0,0.0,0.0,0.0,0.0,16076.807923139744,0.0,0.2183160148270721,0.15799894478799056
Top_10_MarketCap_Quarterly,10,False,0.3,2018,16076.807923139746,0.007164910056116944,202.96764899738628,16191.99680589851,-71.22557012542916,0.0,0.0,0.0,0.0,0.0,16191.996805898514,2.3874235921539366e-12,-0.043842417452558714,0.2391728011513695
Top_10_MarketCap_Quarterly,10,False,0.3,2019,16191.99680589851,0.43774977705938195,207.63917263564178,23280.03979782681,674.8291256654377,0.0,0.0,0.0,0.0,0.0,23280.039797826805,0.0,0.3148637098683444,0.05333193752469207
Top_10_MarketCap_Quarterly,10,False,0.3,2020,23280.03979782681,0.38068901518150416,218.0637395254643,32142.49522184772,1752.2552945114187,0.0,0.0,0.0,0.0,0.0,32142.495221847726,8.412825991399586e-12,0.18398826898926857,0.18977739531787646
Top_10_MarketCap_Quarterly,10,False,0.3,2021,32142.49522184772,0.3618187471942045,194.22507526690006,43772.252574712365,1719.0064197172806,0.0,0.0,0.0,0.0,0.0,43772.252574712365,0.0,0.2870536836204064,0.09566270372375144
Top_10_MarketCap_Quarterly,10,False,0.3,2022,43772.252574712365,-0.3422105737822446,193.2553743656114,28792.924905378713,-1178.8664230680847,0.0,0.0,0.0,0.0,0.0,28792.924905378713,2.2737367544323206e-13,-0.18110887480348867,0.17552213287707752
Top_10_MarketCap_Quarterly,10,False,0.3,2023,28792.924905378713,0.5113579913639135,251.9091654649141,43516.41715048517,1261.2977318579117,0.0,0.0,0.0,0.0,0.0,43516.41715048517,0.0,0.2628765887097365,0.19311059165861638
Top_10_MarketCap_Quarterly,10,False,0.3,2024,43516.41715048517,0.4663027736197944,240.54607584628252,63808.24316575239,1418.1803482691735,0.0,0.0,0.0,0.0,0.0,63808.243165752385,1.0459189070388675e-11,0.2501967983593843,0.127661675981035
Top_10_MarketCap_Quarterly,10,True,0.3,2015,10000.0,0.05582743530403841,212.47183305614763,10558.274353040384,44.335746510780154,44.335746510780154,13.300723953234042,63.741549916844285,77.04227387007833,0.0,10529.715437183579,0.0,0.013837599218982092,0.24135738062688045
Top_10_MarketCap_Quarterly,10,True,0.3,2016,10529.715437183579,0.13319664427547231,193.91245456853216,11932.23819859207,-19.474084270256842,-19.474084270256842,0.0,58.17373637055964,58.17373637055964,19.47408427025685,11917.381381347308,3.751665644813329e-12,0.11959912078710487,0.20454642620997165
Top_10_MarketCap_Quarterly,10,True,0.3,2017,11917.381381347308,0.32666481763394406,198.61046275439713,15810.370596959287,368.2445876837103,348.7705034134534,104.631151024036,59.58313882631914,164.21428985035513,0.0,15698.918865524807,0.0,0.2183160148270721,0.15752430563471725
Top_10_MarketCap_Quarterly,10,True,0.3,2018,15698.918865524807,0.004659707391620659,197.93502878995875,15772.071233802946,-58.808361890227054,-58.808361890227054,0.0,59.38050863698763,59.38050863698763,58.80836189022707,15755.764585048979,2.9558577807620168e-12,-0.043842417452558714,0.23931242268936398
Top_10_MarketCap_Quarterly,10,True,0.3,2019,15755.764585048979,0.4343779565611468,201.80054203538404,22599.72140956104,745.0520712078903,686.2437093176633,205.87311279529894,60.54016261061521,266.4132754059142,0.0,22377.952846708475,0.0,0.3148637098683444,0.05407077064328713
Top_10_MarketCap_Quarterly,10,True,0.3,2020,22377.952846708475,0.3719041720442525,208.94196658059744,30700.406872208914,1817.6018361726967,1817.6018361726967,545.280550851809,62.68258997417922,607.9631408259883,0.0,30251.01708158079,0.0,0.18398826898926857,0.1876526924971801
Top_10_MarketCap_Quarterly,10,True,0.3,2021,30251.01708158079,0.3477377064596138,181.84621997963714,40770.436379600294,1995.1862928125179,1995.1862928125179,598.555887843755,54.55386599389114,653.1097538376462,0.0,40474.87635227674,0.0,0.2870536836204064,0.1011780787563912
Top_10_MarketCap_Quarterly,10,True,0.3,2022,40474.87635227674,-0.3425135059458857,178.45212379576805,26611.684550132213,-1005.5750936263524,-1005.5750936263524,0.0,53.53563713873041,53.535637138730415,1005.5750936263524,26595.74866188156,5.4569682106375694e-12,-0.18110887480348867,0.1778476768268794
Top_10_MarketCap_Quarterly,10,True,0.3,2023,26595.74866188156,0.5090580306495337,232.50545815638893,40134.52809934896,1231.352859640586,225.77776601423363,67.73332980426989,69.75163744691667,137.48496725118656,0.0,40049.5356755338,0.0,0.2628765887097365,0.19372727658432964
Top_10_MarketCap_Quarterly,10,True,0.3,2024,40049.5356755338,0.4561762573804899,220.96151678568273,58319.18296982522,1650.2505165680539,1650.2505165680539,495.075154970416,66.28845503570481,561.3636100061209,0.0,58125.279643152906,0.0,0.2501967983593843,0.13090993521511698
World_Top_3_MarketCap,3,False,0.3,2015,10000.0,0.014555443147659754,248.7053090924024,10145.554431476598,18.264709784439404,0.0,0.0,0.0,0.0,0.0,10145.554431476598,0.0,0.013837599218982092,0.023317639839716218
World_Top_3_MarketCap,3,False,0.3,2016,10145.554431476598,0.14927087287020394,278.2839603470374,11659.990197215275,-42.1097982533729,0.0,0.0,0.0,0.0,0.0,11659.990197215273,4.547473508864641e-13,0.11959912078710487,0.27898870537879344
World_Top_3_MarketCap,3,False,0.3,2017,11659.990197215275,0.47567641405736605,201.6600080713419,17206.372522170677,148.5517699409412,0.0,0.0,0.0,0.0,0.0,17206.372522170677,1.1368683772161603e-13,0.2183160148270721,0.03067557811001755
World_Top_3_MarketCap,3,False,0.3,2018,17206.372522170677,0.12827437848122755,226.8224365750641,19413.509263368593,41.743514465073275,0.0,0.0,0.0,0.0,0.0,19413.509263368593,1.3358203432289883e-12,-0.043842417452558714,0.010135470923286833
World_Top_3_MarketCap,3,False,0.3,2019,19413.509263368593,0.5670325010700078,252.8063468706663,30421.59997552225,368.68933744164985,0.0,0.0,0.0,0.0,0.0,30421.599975522247,0.0,0.3148637098683444,0.02357189195027321
World_Top_3_MarketCap,3,False,0.3,2020,30421.59997552225,0.6599461181056424,271.69931171371707,50498.21678593087,459.33257516247465,0.0,0.0,0.0,0.0,0.0,50498.216785930876,6.0254023992456496e-12,0.18398826898926857,0.014483210299450464
World_Top_3_MarketCap,3,False,0.3,2021,50498.21678593087,0.31680157573378487,304.05041664974345,66496.13143546003,12282.626658701634,0.0,0.0,0.0,0.0,0.0,66496.13143546003,0.0,0.2870536836204064,0.24462735388993473
World_Top_3_MarketCap,3,False,0.3,2022,66496.13143546003,-0.3005050809338824,314.42758759867615,46513.706076657036,335.13209875313714,0.0,0.0,0.0,0.0,0.0,46513.706076657036,0.0,-0.18110887480348867,0.012527375825119437
World_Top_3_MarketCap,3,False,0.3,2023,46513.706076657036,0.5438724800410931,337.577139473973,71811.23075647096,-285.9900976948593,0.0,0.0,0.0,0.0,0.0,71811.23075647096,0.0,0.2628765887097365,0.23414258342770056
World_Top_3_MarketCap,3,False,0.3,2024,71811.23075647096,0.5190504126151809,393.1245786256242,109084.87971102119,1814.143637057937,0.0,0.0,0.0,0.0,0.0,109084.87971102119,0.0,0.2501967983593843,0.028147551499662894
World_Top_3_MarketCap,3,True,0.3,2015,10000.0,0.014555443147659754,248.7053090924024,10145.554431476598,22.57368870507719,22.57368870507719,6.772106611523142,74.61159272772072,81.38369933924386,0.0,10064.170732137354,0.0,0.013837599218982092,0.021916273756039665
World_Top_3_MarketCap,3,True,0.3,2016,10064.170732137354,0.1492708728620286,276.05167442218146,11566.458281955978,-45.51642053202522,-45.51642053202522,0.0,82.81550232665444,82.81550232665444,45.51642053202522,11483.642779629323,0.0,0.11959912078710487,0.27540871986714777
World_Top_3_MarketCap,3,True,0.3,2017,11483.642779629323,0.4756764140573661,198.61007226074096,16946.140797359163,158.97155845263967,113.45513792061445,34.03654137618434,59.58302167822229,93.61956305440663,0.0,16852.521234304757,0.0,0.2183160148270721,0.030061740561677007
World_Top_3_MarketCap,3,True,0.3,2018,16852.521234304757,0.12827437840459777,222.1578037425328,19014.267920185484,53.81832592327455,53.81832592327455,16.145497776982367,66.64734112275984,82.79283889974221,0.0,18931.47508128574,0.0,-0.043842417452558714,0.009316552184168244
World_Top_3_MarketCap,3,True,0.3,2019,18931.47508128574,0.567032500878869,246.5292075308692,29666.23674195318,405.0277978586432,405.0277978586432,121.5083393575929,73.95876225926075,195.46710161685365,0.0,29470.769640336322,0.0,0.3148637098683444,0.022734322876133306
World_Top_3_MarketCap,3,True,0.3,2020,29470.769640336322,0.6599461181066828,263.20732090288305,48919.88966209256,578.041449217156,578.041449217156,173.41243476514677,78.96219627086491,252.3746310360117,0.0,48667.515031056544,0.0,0.18398826898926857,0.015376751502055344
World_Top_3_MarketCap,3,True,0.3,2021,48667.515031056544,0.3168015756781449,293.02773763984624,64085.46047723506,14775.541866190038,14775.541866190038,4432.662559857012,87.90832129195387,4520.570881148966,0.0,59564.88959608609,0.0,0.2870536836204064,0.2624800004896633
World_Top_3_MarketCap,3,True,0.3,2022,59564.88959608609,-0.30050508089311506,281.6531450394695,41665.33762962477,361.6260269366035,361.6260269366035,108.48780808098105,84.49594351184085,192.9837515928219,0.0,41472.35387803195,0.0,-0.18110887480348867,0.012083234557916987
World_Top_3_MarketCap,3,True,0.3,2023,41472.35387803195,0.5438724800295021,300.9891013212776,64028.025834338325,-281.6209060907604,-281.6209060907604,0.0,90.29673039638327,90.29673039638327,281.6209060907604,63937.729103941936,0.0,0.2628765887097365,0.2334374488782031
World_Top_3_MarketCap,3,True,0.3,2024,63937.729103941936,0.5190504126151807,350.02175213382634,97124.63377702064,1729.3119345204923,1447.691028429732,434.30730852891946,105.0065256401479,539.3138341690674,0.0,96585.3199428516,2.2737367544323206e-13,0.2501967983593843,0.027231775184857965
World_Top_3_MarketCap_Quarterly,3,False,0.3,2015,10000.0,0.01927667582117665,201.46516188231925,10192.766758211767,-479.8867705172929,0.0,0.0,0.0,0.0,0.0,10192.766758211765,0.0,0.013837599218982092,1.1366319951380324
World_Top_3_MarketCap_Quarterly,3,False,0.3,2016,10192.766758211767,0.1048328591279546,255.1773949804024,11261.30363989948,335.44442601118635,0.0,0.0,0.0,0.0,0.0,11261.30363989948,1.9326762412674725e-12,0.11959912078710487,0.2966281197679855
World_Top_3_MarketCap_Quarterly,3,False,0.3,2017,11261.30363989948,0.4170225349845,195.20187110982226,15957.521031040536,852.1770239871314,0.0,0.0,0.0,0.0,0.0,15957.521031040538,0.0,0.2183160148270721,0.5547649475636331
World_Top_3_MarketCap_Quarterly,3,False,0.3,2018,15957.521031040536,0.1274332143604645,211.264009242619,17991.039229250746,28.68023848204865,0.0,0.0,0.0,0.0,0.0,17991.039229250746,0.0,-0.043842417452558714,0.012677640674845538
World_Top_3_MarketCap_Quarterly,3,False,0.3,2019,17991.039229250746,0.5693536034225748,235.2016518838445,28234.30224374156,378.317827551979,0.0,0.0,0.0,0.0,0.0,28234.30224374156,3.410605131648481e-13,0.3148637098683444,0.02637093327565551
World_Top_3_MarketCap_Quarterly,3,False,0.3,2020,28234.30224374156,0.6622971399590998,252.93526547595135,46933.79986851239,453.1092225449706,0.0,0.0,0.0,0.0,0.0,46933.79986851239,1.5916157281026244e-12,0.18398826898926857,0.017839508374383313
World_Top_3_MarketCap_Quarterly,3,False,0.3,2021,46933.79986851239,0.3333940145675312,281.3198204890536,62581.247825584804,9128.450195579577,0.0,0.0,0.0,0.0,0.0,62581.247825584804,5.684341886080801e-13,0.2870536836204064,0.2702624168180141
World_Top_3_MarketCap_Quarterly,3,False,0.3,2022,62581.247825584804,-0.3009745743406174,296.53925343400374,43745.883399574726,385.16865854096693,0.0,0.0,0.0,0.0,0.0,43745.88339957473,1.7621459846850485e-12,-0.18110887480348867,0.014248369490400571
World_Top_3_MarketCap_Quarterly,3,False,0.3,2023,43745.883399574726,0.5447062370920802,318.2323340346568,67574.53893442597,867.6825480335012,0.0,0.0,0.0,0.0,0.0,67574.53893442597,0.0,0.2628765887097365,0.23511413253530256
World_Top_3_MarketCap_Quarterly,3,False,0.3,2024,67574.53893442597,0.5197319707365504,370.488086385373,102695.18722642894,1778.694484820521,0.0,0.0,0.0,0.0,0.0,102695.18722642894,0.0,0.2501967983593843,0.0294313673765485
World_Top_3_MarketCap_Quarterly,3,True,0.3,2015,10000.0,0.014115810126200267,201.00568148893888,10141.158101262003,-479.9848286768206,-479.9848286768206,0.0,60.301704446681654,60.301704446681654,479.9848286768206,10129.521764673567,0.0,0.013837599218982092,1.137194866548526
World_Top_3_MarketCap_Quarterly,3,True,0.3,2016,10129.521764673567,0.09834025023797972,252.91000313440986,11125.661469802628,336.1532317785125,-143.83159689830808,0.0,75.87300094032295,75.87300094032295,143.83159689830808,11111.993607709956,0.0,0.11959912078710487,0.2951456194415179
World_Top_3_MarketCap_Quarterly,3,True,0.3,2017,11111.993607709956,0.40133825650436555,191.90689752470075,15571.661748515924,885.0406880347837,741.2090911364755,222.36272734094268,57.57206925741023,279.93479659835293,0.0,15448.003663319403,0.0,0.2183160148270721,0.5549433235974762
World_Top_3_MarketCap_Quarterly,3,True,0.3,2018,15448.003663319403,0.12475741187080362,204.26070403556662,17375.256618925825,30.805261382661072,30.805261382661072,9.241578414798322,61.27821121066998,70.5197896254683,0.0,17350.262692448297,0.0,-0.043842417452558714,0.011340101374952883
World_Top_3_MarketCap_Quarterly,3,True,0.3,2019,17350.262692448297,0.5657695858010221,226.55625986572448,27166.513629493696,395.7971877002069,395.7971877002069,118.73915631006207,67.96687795971735,186.70603426977942,0.0,27029.93658085403,0.0,0.3148637098683444,0.024589109384070607
World_Top_3_MarketCap_Quarterly,3,True,0.3,2020,27029.93658085403,0.6596262119397887,241.93328159517426,44859.5912566555,519.20125316818,519.20125316818,155.76037595045398,72.57998447855226,228.34036042900624,0.0,44684.81629761661,0.0,0.18398826898926857,0.017710505082743883
World_Top_3_MarketCap_Quarterly,3,True,0.3,2021,44684.81629761661,0.25038649088356557,263.4399072361839,55873.2906461536,10677.753371577463,10677.753371577463,3203.326011473238,79.03197217085517,3282.3579836440927,0.0,55706.78923916877,0.0,0.2870536836204064,0.2853657427003065
World_Top_3_MarketCap_Quarterly,3,True,0.3,2022,55706.78923916877,-0.30188946175441483,263.79704867169687,38889.49661968948,385.8474177934456,385.8474177934456,115.75422533803366,79.13911460150908,194.89333993954273,0.0,38753.02831425295,0.0,-0.18110887480348867,0.013257191901138785
World_Top_3_MarketCap_Quarterly,3,True,0.3,2023,38753.02831425295,0.5428469535023306,281.7359144537045,59789.99167363472,751.0502870866007,751.0502870866007,225.31508612598023,84.52077433611133,309.83586046209155,0.0,59542.48249030958,1.8189894035458565e-12,0.2628765887097365,0.23253594885073647
World_Top_3_MarketCap_Quarterly,3,True,0.3,2024,59542.48249030958,0.518298274743847,326.2897002767525,90403.24843900275,1685.6311961558854,1685.6311961558854,505.6893588467655,97.88691008302575,603.5762689297914,0.0,89874.82359710336,0.0,0.2501967983593843,0.028139471172125927
World_Top_5_MarketCap,5,False,0.3,2015,10000.0,-0.01039477103532572,209.49615018876196,9896.052289646743,-237.7115144462091,0.0,0.0,0.0,0.0,0.0,9896.052289646743,0.0,0.013837599218982092,0.3381036994369757
World_Top_5_MarketCap,5,False,0.3,2016,9896.052289646743,0.1350484298734693,184.6684198918128,11232.498613309286,-5.496714093453136,0.0,0.0,0.0,0.0,0.0,11232.498613309286,1.1084466677857563e-12,0.11959912078710487,0.028388977275447497
World_Top_5_MarketCap,5,False,0.3,2017,11232.498613309286,0.40031783402659626,194.67540961071768,15729.068128896006,86.77846437440064,0.0,0.0,0.0,0.0,0.0,15729.068128896006,0.0,0.2183160148270721,0.15693360364044287
World_Top_5_MarketCap,5,False,0.3,2018,15729.068128896006,0.04301331017174653,140.31062274650762,16405.627415036743,714.7931920778108,0.0,0.0,0.0,0.0,0.0,16405.627415036743,4.547473508864641e-13,-0.043842417452558714,0.16429761903009055
World_Top_5_MarketCap,5,False,0.3,2019,16405.627415036743,0.4534614923013197,145.54030648613036,23844.947704798746,911.8917125501614,0.0,0.0,0.0,0.0,0.0,23844.947704798746,9.094947017729282e-13,0.3148637098683444,0.15626705981165606
World_Top_5_MarketCap,5,False,0.3,2020,23844.947704798746,0.5545491017130981,146.95648582060034,37068.14203489069,431.3822736661219,0.0,0.0,0.0,0.0,0.0,37068.1420348907,1.2505552149377763e-12,0.18398826898926857,0.03878897338362074
World_Top_5_MarketCap,5,False,0.3,2021,37068.14203489069,0.35743992632974425,167.39082210444175,50317.775993022515,2716.351340599581,0.0,0.0,0.0,0.0,0.0,50317.775993022515,0.0,0.2870536836204064,0.11564807482548223
World_Top_5_MarketCap,5,False,0.3,2022,50317.775993022515,-0.36878223901171425,174.40881925290154,31761.47390022579,-2358.801597933074,0.0,0.0,0.0,0.0,0.0,31761.473900225785,0.0,-0.18110887480348867,0.10283276668264651
World_Top_5_MarketCap,5,False,0.3,2023,31761.47390022579,0.5412150755490956,176.2025628479704,48951.26239668712,6154.984706991886,0.0,0.0,0.0,0.0,0.0,48951.26239668712,3.637978807091713e-12,0.2628765887097365,0.2693847515742084
World_Top_5_MarketCap,5,False,0.3,2024,48951.26239668712,0.5219680287978922,230.18189256169978,74502.25633705428,1064.9865586371739,0.0,0.0,0.0,0.0,0.0,74502.25633705428,0.0,0.2501967983593843,0.025456905345106546
World_Top_5_MarketCap,5,True,0.3,2015,10000.0,-0.01039477103532572,209.49615018876196,9896.052289646743,-235.44763898181836,-235.44763898181836,0.0,62.84884505662858,62.84884505662858,235.44763898181836,9833.203444590112,0.0,0.013837599218982092,0.33633377630112565
World_Top_5_MarketCap,5,True,0.3,2016,9833.203444590112,0.13504842987346952,183.49560910131453,11161.162130408398,-5.680576802434212,-241.12821578425257,0.0,55.048682730394354,55.048682730394354,241.12821578425257,11106.113447678006,1.0800249583553523e-12,0.11959912078710487,0.026730749703461745
World_Top_5_MarketCap,5,True,0.3,2017,11106.113447678006,0.400317834026596,192.48497231488437,15552.088727506116,97.7372152830808,-143.3910005011718,0.0,57.74549169446531,57.74549169446531,143.3910005011718,15494.343235811652,0.0,0.2183160148270721,0.15736632607868128
World_Top_5_MarketCap,5,True,0.3,2018,15494.343235811652,0.04301331017174658,138.21676723943727,16160.806227321122,778.2578803776867,634.8668798765149,190.46006396295445,41.46503017183118,231.92509413478564,0.0,15928.881133186336,0.0,-0.043842417452558714,0.16689875245825458
World_Top_5_MarketCap,5,True,0.3,2019,15928.881133186336,0.45346149258889884,141.31091640654324,23152.015347112163,1035.9261319431705,1035.9261319431705,310.7778395829511,42.39327492196297,353.1711145049141,0.0,22798.84423260725,0.0,0.3148637098683444,0.16006155560317892
World_Top_5_MarketCap,5,True,0.3,2020,22798.84423260725,0.5545491018165745,140.5093471230108,35441.92282425559,444.9260243258069,444.9260243258069,133.47780729774206,42.152804136903235,175.6306114346453,0.0,35266.29221282095,0.0,0.18398826898926857,0.037817315954026307
World_Top_5_MarketCap,5,True,0.3,2021,35266.29221282095,0.35743992620257165,159.25410128522452,47871.87309880999,3098.5120495135975,3098.5120495135975,929.5536148540792,47.77623038556735,977.3298452396466,0.0,46894.54325357035,0.0,0.2870536836204064,0.11848555876435242
World_Top_5_MarketCap,5,True,0.3,2022,46894.54325357035,-0.36878223892158846,162.54339066672196,29600.668599313405,-2171.950807806762,-2171.950807806762,0.0,48.763017200016584,48.763017200016584,2171.950807806762,29551.905582113388,0.0,-0.18110887480348867,0.10326832576874183
World_Top_5_MarketCap,5,True,0.3,2023,29551.905582113388,0.5412150755490958,163.94458005844007,45545.84239435663,6224.777379972548,4052.8265721657863,1215.8479716497359,49.18337401753202,1265.031345667268,0.0,44280.811048689364,0.0,0.2628765887097365,0.2670872511238842
World_Top_5_MarketCap,5,True,0.3,2024,44280.811048689364,0.5219680287270481,208.22018455151098,67393.97870220864,1038.2874015503985,1038.2874015503985,311.4862204651195,62.46605536545329,373.95227583057283,0.0,67020.02642637807,0.0,0.2501967983593843,0.024656393395915473
World_Top_5_MarketCap_Quarterly,5,False,0.3,2015,10000.0,0.049005874545811456,174.7110777690446,10490.058745458115,382.0835834918603,0.0,0.0,0.0,0.0,0.0,10490.058745458115,0.0,0.013837599218982092,0.5408121175669152
World_Top_5_MarketCap_Quarterly,5,False,0.3,2016,10490.058745458115,0.13603485589514266,197.09093526584127,11917.07237522809,-6.476188928473732,0.0,0.0,0.0,0.0,0.0,11917.072375228088,7.815970093361102e-13,0.11959912078710487,0.031108227892349318
World_Top_5_MarketCap_Quarterly,5,False,0.3,2017,11917.07237522809,0.4318581838273505,155.42752630887838,17063.557607733183,526.6989986854674,0.0,0.0,0.0,0.0,0.0,17063.55760773318,0.0,0.2183160148270721,0.456167752952502
World_Top_5_MarketCap_Quarterly,5,False,0.3,2018,17063.557607733183,0.042418782926510044,152.69327330601618,17787.372953849615,793.8668030868164,0.0,0.0,0.0,0.0,0.0,17787.37295384962,2.2737367544323206e-12,-0.043842417452558714,0.16943357712370424
World_Top_5_MarketCap_Quarterly,5,False,0.3,2019,17787.372953849615,0.4675811631267181,156.79421673623608,26104.413488579346,614.0083523519733,0.0,0.0,0.0,0.0,0.0,26104.413488579346,4.547473508864641e-13,0.3148637098683444,0.16598000309445832
World_Top_5_MarketCap_Quarterly,5,False,0.3,2020,26104.413488579346,0.48754331627035696,161.12785954719084,38831.44581009396,1631.2373094617494,0.0,0.0,0.0,0.0,0.0,38831.44581009396,0.0,0.18398826898926857,0.273635570766188
World_Top_5_MarketCap_Quarterly,5,False,0.3,2021,38831.44581009396,0.35807576608580716,175.60515351581859,52736.04551676286,3282.8813107447904,0.0,0.0,0.0,0.0,0.0,52736.04551676285,9.094947017729282e-13,0.2870536836204064,0.11780141743944549
World_Top_5_MarketCap_Quarterly,5,False,0.3,2022,52736.04551676286,-0.3692433643430973,183.070961456232,33263.61064800263,-2432.835589097735,0.0,0.0,0.0,0.0,0.0,33263.61064800263,0.0,-0.18110887480348867,0.10623056737039548
World_Top_5_MarketCap_Quarterly,5,False,0.3,2023,33263.61064800263,0.6176060742164106,183.2788898940334,53807.418634578724,4036.2650919601983,0.0,0.0,0.0,0.0,0.0,53807.418634578724,0.0,0.2628765887097365,0.27592225258131015
World_Top_5_MarketCap_Quarterly,5,False,0.3,2024,53807.418634578724,0.5225315420664834,253.3383939079133,81923.49206832198,1502.2285628395448,0.0,0.0,0.0,0.0,0.0,81923.492068322,1.318767317570746e-11,0.2501967983593843,0.02674660610458656
World_Top_5_MarketCap_Quarterly,5,True,0.3,2015,10000.0,0.04478711046501976,174.36322174469467,10447.871104650198,379.92360453867707,379.92360453867707,113.97708136160311,52.30896652340841,166.28604788501153,0.0,10320.989173881284,0.0,0.013837599218982092,0.5339358128298415
World_Top_5_MarketCap_Quarterly,5,True,0.3,2016,10320.989173881284,0.13155661526512324,193.52050510995576,11678.783575785086,-6.23232588523292,-6.23232588523292,0.0,58.05615153298672,58.05615153298672,6.23232588523292,11663.838573576388,0.0,0.11959912078710487,0.028899475337105195
World_Top_5_MarketCap_Quarterly,5,True,0.3,2017,11663.838573576388,0.4282590038877035,151.9360574986741,16658.982462603184,528.6900482172706,522.4577223320376,156.73731669961126,45.580817249602234,202.3181339492135,0.0,16491.724655651935,0.0,0.2183160148270721,0.45347132236221654
World_Top_5_MarketCap_Quarterly,5,True,0.3,2018,16491.724655651935,0.04057715440426806,147.44050832283676,17160.911913396998,866.7064059433299,866.7064059433299,260.0119217829989,44.23215249685103,304.24407427985,0.0,16890.92539710385,0.0,-0.043842417452558714,0.17164606147975983
World_Top_5_MarketCap_Quarterly,5,True,0.3,2019,16890.92539710385,0.4639958875177815,148.6766919620558,24728.245317729685,668.1068700002292,668.1068700002292,200.4320610000687,44.60300758861674,245.03506858868542,0.0,24532.31281855937,0.0,0.3148637098683444,0.1674754265724317
World_Top_5_MarketCap_Quarterly,5,True,0.3,2020,24532.31281855937,0.466942096193866,150.82511556206387,35987.48239054113,1869.7859270422684,1869.7859270422684,560.9357781126806,45.24753466861916,606.1833127812998,0.0,35857.514963806054,0.0,0.18398826898926857,0.2786137659227751
World_Top_5_MarketCap_Quarterly,5,True,0.3,2021,35857.514963806054,0.3567792314622224,162.07618945706278,48650.73159473792,3596.8799341947256,3596.8799341947256,1079.0639802584178,48.62285683711883,1127.6868370955365,0.0,47561.481441758515,0.0,0.2870536836204064,0.12109379597979318
World_Top_5_MarketCap_Quarterly,5,True,0.3,2022,47561.481441758515,-0.3698697782695203,165.02770872778802,29969.92684672539,-2182.8007596023967,-2182.8007596023967,0.0,49.508312618336404,49.50831261833641,2182.8007596023967,29957.64693254454,0.0,-0.18110887480348867,0.10604700006530698
World_Top_5_MarketCap_Quarterly,5,True,0.3,2023,29957.64693254454,0.6161474705349937,164.98575624649092,48415.97531321227,3729.0706306328384,1546.2698710304417,463.8809613091325,49.49572687394728,513.3766881830798,0.0,47939.14429340202,0.0,0.2628765887097365,0.27230673922863624
World_Top_5_MarketCap_Quarterly,5,True,0.3,2024,47939.14429340202,0.521220111400374,225.60917462566601,72925.99042244763,1454.5930931387913,1454.5930931387913,436.3779279416374,67.6827523876998,504.0606803293371,0.0,72477.15796277605,0.0,0.2501967983593843,0.025610397446656212
World_Top_10_MarketCap,10,False,0.3,2015,10000.0,0.05686506137611941,216.3946455931933,10568.650613761194,142.5462031931845,0.0,0.0,0.0,0.0,0.0,10568.650613761196,4.661160346586257e-12,0.013837599218982092,0.30746919257284655
World_Top_10_MarketCap,10,False,0.3,2016,10568.650613761194,0.12622180354765175,172.4848601369738,11902.644755295129,165.23651508767244,0.0,0.0,0.0,0.0,0.0,11902.64475529513,5.059064278611913e-12,0.11959912078710487,0.09722907251405544
World_Top_10_MarketCap,10,False,0.3,2017,11902.644755295129,0.3929889787936142,176.11780251131563,16580.25296262173,198.06044650297764,0.0,0.0,0.0,0.0,0.0,16580.25296262173,0.0,0.2183160148270721,0.11205269459464341
World_Top_10_MarketCap,10,False,0.3,2018,16580.25296262173,0.001040378868348042,191.3827947391314,16597.502707435906,133.94165764154783,0.0,0.0,0.0,0.0,0.0,16597.50270743591,2.2808421817899216e-12,-0.043842417452558714,0.03743284510672268
World_Top_10_MarketCap,10,False,0.3,2019,16597.502707435906,0.4566816171671037,225.4849833201999,24177.277084803118,505.48257030324896,0.0,0.0,0.0,0.0,0.0,24177.27708480311,0.0,0.3148637098683444,0.04017802521543372
World_Top_10_MarketCap,10,False,0.3,2020,24177.277084803118,0.4393156725782871,223.62851316879204,34798.73382842501,1693.584964185674,0.0,0.0,0.0,0.0,0.0,34798.733828425015,8.185452315956354e-12,0.18398826898926857,0.10212235436813091
World_Top_10_MarketCap,10,False,0.3,2021,34798.73382842501,0.2937021751716652,195.86743879609324,45019.19764705324,2925.3302834086153,0.0,0.0,0.0,0.0,0.0,45019.19764705325,1.1823431123048067e-11,0.2870536836204064,0.11557295398026327
World_Top_10_MarketCap,10,False,0.3,2022,45019.19764705324,-0.37237583885391046,170.6717428607599,28255.136158701796,-2201.5201034531883,0.0,0.0,0.0,0.0,0.0,28255.136158701793,2.2737367544323206e-13,-0.18110887480348867,0.24353789005975524
World_Top_10_MarketCap,10,False,0.3,2023,28255.136158701796,0.411313063977541,323.2286523431522,39876.84278524004,3365.929024808214,0.0,0.0,0.0,0.0,0.0,39876.84278524004,4.547473508864641e-12,0.2628765887097365,0.2852553750251424
World_Top_10_MarketCap,10,False,0.3,2024,39876.84278524004,0.48948748635419187,216.6209253963763,59396.05832392848,1081.4870538603618,0.0,0.0,0.0,0.0,0.0,59396.05832392848,1.4097167877480388e-11,0.2501967983593843,0.06907911093584712
World_Top_10_MarketCap,10,True,0.3,2015,10000.0,0.05686506137611941,216.3946455931933,10568.650613761194,145.1136723804813,145.1136723804813,43.534101714144384,64.918393677958,108.45249539210238,0.0,10460.198118369093,0.0,0.013837599218982092,0.3055679089428267
World_Top_10_MarketCap,10,True,0.3,2016,10460.198118369093,0.12622180359172458,170.71486960169665,11780.503190796404,168.55858621495426,168.55858621495426,50.56757586448626,51.214460880508994,101.78203674499525,0.0,11678.721154051407,0.0,0.11959912078710487,0.09661840136449047
World_Top_10_MarketCap,10,True,0.3,2017,11678.721154051407,0.3929889786765156,172.80451096974883,16268.329852629888,216.65373928591504,216.65373928591504,64.9961217857745,51.84135329092465,116.83747507669916,0.0,16151.492377553186,0.0,0.2183160148270721,0.11231316336603313
World_Top_10_MarketCap,10,True,0.3,2018,16151.492377553186,0.001040378551771236,186.43368953677088,16168.296043801889,155.04602646022278,155.04602646022278,46.51380793806685,55.93010686103126,102.44391479909811,0.0,16065.85212900279,0.0,-0.043842417452558714,0.03848023783036324
World_Top_10_MarketCap,10,True,0.3,2019,16065.85212900279,0.456681616848063,218.26225617952844,23402.83145531768,565.0699569306848,565.0699569306848,169.52098707920544,65.47867685385853,234.99966393306397,0.0,23167.831791384615,0.0,0.3148637098683444,0.040718719374940156
World_Top_10_MarketCap,10,True,0.3,2020,23167.831791384615,0.4393156716183617,214.29161580240148,33345.82337475798,1758.3853413749853,1758.3853413749853,527.5156024124956,64.28748474072044,591.803087153216,0.0,32754.020287604766,0.0,0.18398826898926857,0.09994273288735152
World_Top_10_MarketCap,10,True,0.3,2021,32754.020287604766,0.29370217466711457,184.35860644953704,42373.947275165076,3441.4216839315714,3441.4216839315714,1032.4265051794714,55.30758193486111,1087.7340871143326,0.0,41286.213188050744,0.0,0.2870536836204064,0.12238248772768856
World_Top_10_MarketCap,10,True,0.3,2022,41286.213188050744,-0.372375839034487,156.51966977528235,25912.224911593647,-1973.6266071257858,-1973.6266071257858,0.0,46.955900932584704,46.955900932584704,1973.6266071257858,25865.269010661057,0.0,-0.18110887480348867,0.24382876430590847
World_Top_10_MarketCap,10,True,0.3,2023,25865.269010661057,0.4113130639775415,295.88942689395964,36503.99205803941,3340.696890320143,1367.0702831943574,410.1210849583073,88.76682806818789,498.88791302649514,0.0,36005.10414501291,0.0,0.2628765887097365,0.2873509297924027
World_Top_10_MarketCap,10,True,0.3,2024,36005.10414501291,0.48948748694480987,195.58867826080942,53629.15209014144,1069.27959699601,1069.27959699601,320.78387909880297,58.676603478242825,379.4604825770458,0.0,53249.69160756439,0.0,0.2501967983593843,0.06848774328303797
World_Top_10_MarketCap_Quarterly,10,False,0.3,2015,10000.0,0.0581355297342705,218.24320415430472,10581.355297342705,151.5439194069781,0.0,0.0,0.0,0.0,0.0,10581.355297342707,3.979039320256561e-12,0.013837599218982092,0.3178132604649201
World_Top_10_MarketCap_Quarterly,10,False,0.3,2016,10581.355297342705,0.12685983410019847,173.725020035052,11923.704274918857,171.9475711002292,0.0,0.0,0.0,0.0,0.0,11923.704274918857,3.495870259939693e-12,0.11959912078710487,0.10314186844295536
World_Top_10_MarketCap_Quarterly,10,False,0.3,2017,11923.704274918857,0.394793301142589,177.24054337957364,16631.102847462073,229.11060822739827,0.0,0.0,0.0,0.0,0.0,16631.102847462073,2.220446049250313e-16,0.2183160148270721,0.1179705079106159
World_Top_10_MarketCap_Quarterly,10,False,0.3,2018,16631.102847462073,0.00018783314727065356,192.74051231136707,16634.226719852493,173.30137757992395,0.0,0.0,0.0,0.0,0.0,16634.22671985249,1.6058265828178264e-12,-0.043842417452558714,0.043654607924224355
World_Top_10_MarketCap_Quarterly,10,False,0.3,2019,16634.226719852493,0.44302990612037974,218.73918152662185,24003.686621933855,584.0492266329557,0.0,0.0,0.0,0.0,0.0,24003.68662193385,0.0,0.3148637098683444,0.16381248715243063
World_Top_10_MarketCap_Quarterly,10,False,0.3,2020,24003.686621933855,0.4365344359170316,199.29558198971677,34482.12242136895,1683.7031045500266,0.0,0.0,0.0,0.0,0.0,34482.12242136895,0.0,0.18398826898926857,0.15630834508491817
World_Top_10_MarketCap_Quarterly,10,False,0.3,2021,34482.12242136895,0.3014133727457513,203.54009530167815,44875.49523982566,3098.9288060737745,0.0,0.0,0.0,0.0,0.0,44875.49523982566,5.4569682106375694e-12,0.2870536836204064,0.20459989658149472
World_Top_10_MarketCap_Quarterly,10,False,0.3,2022,44875.49523982566,-0.3595496159305663,192.3189983169188,28740.528161652386,-1949.183919661666,0.0,0.0,0.0,0.0,0.0,28740.52816165238,0.0,-0.18110887480348867,0.22793825753493843
World_Top_10_MarketCap_Quarterly,10,False,0.3,2023,28740.528161652386,0.470975220696311,289.27799184545995,42276.60475551516,3008.136047562734,0.0,0.0,0.0,0.0,0.0,42276.60475551517,4.320099833421409e-12,0.2628765887097365,0.278554123264684
World_Top_10_MarketCap_Quarterly,10,False,0.3,2024,42276.60475551516,0.45814891131689733,235.80057466893726,61645.585198429195,930.6519928180855,0.0,0.0,0.0,0.0,0.0,61645.585198429195,1.6825651982799172e-11,0.2501967983593843,0.15847427730063002
World_Top_10_MarketCap_Quarterly,10,True,0.3,2015,10000.0,0.052924327082255515,217.70102564316284,10529.243270822555,151.72090196606675,151.72090196606675,45.51627058982003,65.31030769294885,110.82657828276889,0.0,10466.789716029809,0.0,0.013837599218982092,0.31433322519788204
World_Top_10_MarketCap_Quarterly,10,True,0.3,2016,10466.789716029809,0.12297082147260677,171.53954312216916,11753.899445591027,173.30959385499523,173.30959385499523,51.99287815649856,51.46186293665075,103.45474109314932,0.0,11688.749180467616,0.0,0.11959912078710487,0.10123403925784766
World_Top_10_MarketCap_Quarterly,10,True,0.3,2017,11688.749180467616,0.3909050704648275,173.49786938133346,16257.940502504003,241.13336201123428,241.13336201123428,72.34000860337028,52.04936081440004,124.38936941777033,0.0,16172.366510313253,0.0,0.2183160148270721,0.11719996081753056
World_Top_10_MarketCap_Quarterly,10,True,0.3,2018,16172.366510313253,-0.002344366672966786,187.20744577353076,16134.45255324347,185.93099856665253,185.93099856665253,55.77929956999577,56.16223373205922,111.94153330205499,0.0,16067.940866630433,0.0,-0.043842417452558714,0.043319788879524077
World_Top_10_MarketCap_Quarterly,10,True,0.3,2019,16067.940866630433,0.4385263695682477,210.96767396473172,23114.15664131116,645.7465512524717,645.7465512524717,193.72396537574153,63.29030218941951,257.01426756516105,0.0,22917.480883121178,0.0,0.3148637098683444,0.16487092829068958
World_Top_10_MarketCap_Quarterly,10,True,0.3,2020,22917.480883121178,0.43194489521394275,189.8999884530952,32816.56976174849,1734.2162553063083,1734.2162553063083,520.2648765918925,56.969996535928566,577.2348731278211,0.0,32312.222621741545,0.0,0.18398826898926857,0.15480553356329058
World_Top_10_MarketCap_Quarterly,10,True,0.3,2021,32312.222621741545,0.28452743261046526,189.40396871511732,41505.93636624346,3538.0948730398823,3538.0948730398823,1061.4284619119646,56.8211906145352,1118.2496525264999,0.0,40842.19339887167,0.0,0.2870536836204064,0.21275741731958087
World_Top_10_MarketCap_Quarterly,10,True,0.3,2022,40842.19339887167,-0.36032448922551297,174.92766222195144,26125.750923573618,-1736.89859709952,-1736.89859709952,0.0,52.47829866658543,52.47829866658543,1736.8985970995202,26110.50140519272,6.821210263296962e-12,-0.18110887480348867,0.22817067969457022
World_Top_10_MarketCap_Quarterly,10,True,0.3,2023,26110.50140519272,0.46831602307277514,262.563742734382,38338.46758370868,2840.5602302334396,1103.6616331339194,331.0984899401761,78.7691228203146,409.8676127604907,0.0,37987.765783719544,2.2737367544323206e-13,0.2628765887097365,0.27733508600829215
World_Top_10_MarketCap_Quarterly,10,True,0.3,2024,37987.765783719544,0.45667277179726085,211.77307865141867,55335.744078555894,942.3168644718605,942.3168644718605,282.69505934155814,63.531923595425596,346.22698293698375,0.0,55038.80002292915,0.0,0.2501967983593843,0.15828833388149977
Top_3_MarketCap,3,False,0.3,2005,10000.0,0.030390306688526835,203.11576276047757,10303.903066885268,-61.51760292983772,0.0,0.0,0.0,0.0,0.0,10303.903066885268,4.547473508864641e-13,0.04911783501430919,0.2837577958402085
Top_3_MarketCap,3,False,0.3,2006,10303.903066885268,0.22290883486956725,307.01119865701617,12600.734094133624,0.0,0.0,0.0,0.0,0.0,0.0,12600.734094133626,0.0,0.15794463807112516,0.012182274316856992
Top_3_MarketCap,3,False,0.3,2007,12600.734094133624,-0.00046453299239285634,347.5773817918245,12594.88063741853,-612.1119467685901,0.0,0.0,0.0,0.0,0.0,12594.880637418531,1.3642420526593924e-12,0.054937263566210565,0.26504779434605685
Top_3_MarketCap,3,False,0.3,2008,12594.88063741853,-0.34023352452187405,261.1602813193914,8309.680007217316,-3607.3543317421745,0.0,0.0,0.0,0.0,0.0,8309.680007217317,1.3642420526593924e-12,-0.3699761081938922,0.48428577989209187
Top_3_MarketCap,3,False,0.3,2009,8309.680007217316,-0.06767844602564083,183.59344186869163,7747.293777358512,-77.92737154519119,0.0,0.0,0.0,0.0,0.0,7747.293777358511,2.2737367544323206e-13,0.2646423212982973,0.5624085500483774
Top_3_MarketCap,3,False,0.3,2010,7747.293777358512,0.1570514798393671,128.45597229750086,8964.017729842986,21.957637620778954,0.0,0.0,0.0,0.0,0.0,8964.017729842986,0.0,0.15063401360544215,0.015358579215976519
Top_3_MarketCap,3,False,0.3,2011,8964.017729842986,0.14587353086195526,147.18982435939336,10271.630646804351,82.11439612615521,0.0,0.0,0.0,0.0,0.0,10271.630646804351,4.547473508864641e-13,0.02111820043608024,0.02408754839454149
Top_3_MarketCap,3,False,0.3,2012,10271.630646804351,0.15091896771482216,233.9840939174527,11821.814540767995,-161.94398893561427,0.0,0.0,0.0,0.0,0.0,11821.814540767997,1.3642420526593924e-12,0.1600322380427432,0.2649644756321225
Top_3_MarketCap,3,False,0.3,2013,11821.814540767995,0.24961301858294405,215.92516284084823,14772.693353416835,249.43634776649083,0.0,0.0,0.0,0.0,0.0,14772.693353416835,0.0,0.32388478062960185,0.05306894384845641
Top_3_MarketCap,3,False,0.3,2014,14772.693353416835,0.12352722635273193,258.2078021163057,16597.523189123855,2204.5395128805194,0.0,0.0,0.0,0.0,0.0,16597.523189123855,0.0,0.13688363157085162,0.3231534924827996
Top_3_MarketCap,3,False,0.3,2015,16597.523189123855,0.014844887570073413,413.3055538003158,16843.911554808084,24.089476814655995,0.0,0.0,0.0,0.0,0.0,16843.911554808084,0.0,0.013837599218982092,0.02105554090724255
Top_3_MarketCap,3,False,0.3,2016,16843.911554808084,0.14890738076195645,460.59127398911846,19352.09430622061,1652.0987978210405,0.0,0.0,0.0,0.0,0.0,19352.09430622061,9.094947017729282e-13,0.11959912078710487,0.2727545623809612
Top_3_MarketCap,3,False,0.3,2017,19352.09430622061,0.4748558268438181,337.6197772275519,28541.54904916054,523.922598677745,0.0,0.0,0.0,0.0,0.0,28541.54904916054,3.0127011996228248e-12,0.2183160148270721,0.02824526751593912
Top_3_MarketCap,3,False,0.3,2018,28541.54904916054,0.1269604128935359,376.4615228199842,32165.19590106307,35.40979287514844,0.0,0.0,0.0,0.0,0.0,32165.19590106307,0.0,-0.043842417452558714,0.008050234421930725
Top_3_MarketCap,3,False,0.3,2019,32165.19590106307,0.5667009987714988,418.1961144736687,50393.24454387643,749.3992153923658,0.0,0.0,0.0,0.0,0.0,50393.244543876426,0.0,0.3148637098683444,0.02072009168850596
Top_3_MarketCap,3,False,0.3,2020,50393.24454387643,0.6589023514050452,454.1971963010195,83597.47186876608,368.89025262421796,0.0,0.0,0.0,0.0,0.0,83597.47186876608,0.0,0.18398826898926857,0.008190156957325473
Top_3_MarketCap,3,False,0.3,2021,83597.47186876608,0.31635890539981754,502.53611902404435,110044.27656336095,20141.968562847236,0.0,0.0,0.0,0.0,0.0,110044.27656336094,0.0,0.2870536836204064,0.23845740472946378
Top_3_MarketCap,3,False,0.3,2022,110044.27656336095,-0.2997854704955992,524.960273405499,77054.60133846595,258.6531563734634,0.0,0.0,0.0,0.0,0.0,77054.60133846596,1.1638690011750441e-11,-0.18110887480348867,0.006969675068003981
Top_3_MarketCap,3,False,0.3,2023,77054.60133846595,0.5431677676091927,570.5438556399054,118908.1771314968,65.53315804342364,0.0,0.0,0.0,0.0,0.0,118908.17713149679,4.661160346586257e-12,0.2628765887097365,0.005017236170640679
Top_3_MarketCap,3,False,0.3,2024,118908.1771314968,0.24812004817475286,731.7682977975705,148411.67976973584,19859.79625936826,0.0,0.0,0.0,0.0,0.0,148411.67976973587,2.1827872842550278e-11,0.2501967983593843,0.31997369181354607
Top_3_MarketCap,3,True,0.3,2005,10000.0,0.030390306688526835,203.11576276047757,10303.903066885268,-61.51760292983772,-61.51760292983772,0.0,60.934728828143264,60.934728828143264,61.51760292983772,10242.968338057126,0.0,0.04911783501430919,0.28080091976943217
Top_3_MarketCap,3,True,0.3,2006,10242.968338057126,0.22290883486956709,305.19561052347757,12526.216475899306,8.664285224662969,-52.85331770517475,0.0,91.55868315704326,91.55868315704326,52.85331770517475,12434.657792742264,1.3073986337985843e-12,0.15794463807112516,0.010616845751567756
Top_3_MarketCap,3,True,0.3,2007,12434.657792742264,-0.0004645329923928618,342.99634979923974,12428.88148394842,-581.4753638868185,-634.3286815919932,0.0,102.89890493977192,102.89890493977192,634.3286815919932,12325.982579008649,0.0,0.054937263566210565,0.2668787305104927
Top_3_MarketCap,3,True,0.3,2008,12325.982579008649,-0.34023352452187416,255.58456412109365,8132.270082957316,-3516.788800011725,-4151.117481603718,0.0,76.6753692363281,76.6753692363281,4151.117481603718,8055.594713720988,1.3642420526593924e-12,-0.3699761081938922,0.484285779892092
Top_3_MarketCap,3,True,0.3,2009,8055.594713720988,-0.06767844602564083,177.97970060300008,7510.404581683984,-69.90073938075422,-4221.0182209844725,0.0,53.39391018090002,53.39391018090002,4221.0182209844725,7457.010671503085,9.094947017729282e-13,0.2646423212982973,0.5618806298441804
Top_3_MarketCap,3,True,0.3,2010,7457.010671503085,0.15705147983936718,123.64285952860429,8628.145232640598,28.201074028976628,-4192.817146955495,0.0,37.09285785858128,37.09285785858128,4192.817146955495,8591.052374782015,0.0,0.15063401360544215,0.015800872370655413
Top_3_MarketCap,3,True,0.3,2011,8591.052374782015,0.14587353086195542,141.0657060501668,9844.259518511455,92.47103982386669,-4100.346107131629,0.0,42.319711815050034,42.319711815050034,4100.346107131629,9801.939806696404,0.0,0.02111820043608024,0.025150966142865355
Top_3_MarketCap,3,True,0.3,2012,9801.939806696404,0.1509189677148224,223.2847035847039,11281.238443925851,-148.31189928445264,-4248.658006416082,0.0,66.98541107541116,66.98541107541116,4248.658006416082,11214.25303285044,0.0,0.1600322380427432,0.2638738646223701
Top_3_MarketCap,3,True,0.3,2013,11214.25303285044,0.249613018582944,204.82806627580544,14013.476583533173,243.2081306260977,-4005.449875789984,0.0,61.44841988274163,61.44841988274163,4005.449875789984,13952.02816365043,2.842170943040401e-14,0.32388478062960185,0.05215116323148419
Top_3_MarketCap,3,True,0.3,2014,13952.02816365043,0.12352722635273197,243.86362330926823,15675.483504701368,2104.0816070359897,-1901.3682687539945,0.0,73.15908699278047,73.15908699278047,1901.3682687539945,15602.324417708587,0.0,0.13688363157085162,0.32275115606731913
Top_3_MarketCap,3,True,0.3,2015,15602.324417708587,0.014844887570073493,388.52347187915814,15833.939169521283,28.894320094066757,-1872.4739486599278,0.0,116.55704156374743,116.55704156374743,1872.4739486599278,15717.382127957535,0.0,0.013837599218982092,0.019799804111831867
Top_3_MarketCap,3,True,0.3,2016,15717.382127957535,0.1489073807619566,429.78669381716816,18057.81633306648,1569.6386723180517,-302.8352763418761,0.0,128.93600814515045,128.93600814515045,302.8352763418761,17928.88032492133,0.0,0.11959912078710487,0.26918447378976623
Top_3_MarketCap,3,True,0.3,2017,17928.88032492133,0.4748558268438179,312.79015518716403,26442.513615995707,538.6437364029603,235.80846006108413,70.74253801832526,93.8370465561492,164.57958457447447,0.0,26277.934031421235,0.0,0.2183160148270721,0.027583134287630606
Top_3_MarketCap,3,True,0.3,2018,26277.934031421235,0.12696041288764764,346.6045604326495,29614.191385884842,51.31629615240027,51.31629615240027,15.39488884572009,103.98136812979486,119.37625697551495,0.0,29494.81512890933,1.4210854715202004e-14,-0.043842417452558714,0.0072966034881782275
Top_3_MarketCap,3,True,0.3,2019,29494.81512890933,0.5667009987630003,383.477132293247,46209.5563207923,807.7732663228653,807.7732663228653,242.33197989685965,115.04313968797409,357.3751195848337,0.0,45852.18120120746,0.0,0.3148637098683444,0.019761101377621285
Top_3_MarketCap,3,True,0.3,2020,45852.18120120746,0.6589023514066688,413.2683325932747,76064.29121180771,497.18432827104846,497.18432827104846,149.15529848131456,123.9804997779824,273.13579825929696,0.0,75791.1554135484,0.0,0.18398826898926857,0.00882293539834768
Top_3_MarketCap,3,True,0.3,2021,75791.1554135484,0.3163589053185731,455.60938908497843,99768.36237300842,23249.456199125972,23249.456199125972,6974.836859737791,136.68281672549352,7111.519676463285,0.0,92656.84269654515,0.0,0.2870536836204064,0.2569374845075063
Top_3_MarketCap,3,True,0.3,2022,92656.84269654515,-0.29978547045985854,442.01446011546864,64879.66751743625,304.5631904929676,304.5631904929676,91.36895714789023,132.6043380346406,223.97329518253082,0.0,64655.69422225372,0.0,-0.18110887480348867,0.006663418564619394
Top_3_MarketCap,3,True,0.3,2023,64655.69422225372,0.5431677676052433,478.737264633053,99774.5833159225,121.82025899799193,121.82025899799193,36.54607769939756,143.62117938991588,180.16725708931344,0.0,99594.41605883319,0.0,0.2628765887097365,0.005213204148106871
Top_3_MarketCap,3,True,0.3,2024,99594.41605883319,0.2481200482152015,612.91021407825,124305.78737331572,20636.82741038704,20636.82741038704,6191.048223116111,183.87306422347498,6374.921287339586,0.0,117930.86608597614,0.0,0.2501967983593843,0.3290797618278799
Top_3_MarketCap_Quarterly,3,False,0.3,2005,10000.0,0.030397926776265558,204.65180114457655,10303.979267762656,-59.66476937596599,0.0,0.0,0.0,0.0,0.0,10303.979267762656,0.0,0.04911783501430919,0.28766330689606473
Top_3_MarketCap_Quarterly,3,False,0.3,2006,10303.979267762656,0.17396372365086935,285.18583434073776,12096.497869604005,-415.3103761911548,0.0,0.0,0.0,0.0,0.0,12096.497869604003,0.0,0.15794463807112516,0.5077385575536006
Top_3_MarketCap_Quarterly,3,False,0.3,2007,12096.497869604005,0.14343269428890168,297.77814060248073,13831.531150501267,320.8369714080708,0.0,0.0,0.0,0.0,0.0,13831.531150501265,3.410605131648481e-13,0.054937263566210565,0.25863809474589167
Top_3_MarketCap_Quarterly,3,False,0.3,2008,13831.531150501267,-0.3435386929501734,289.40427162376,9079.865017558453,-3374.559520296155,0.0,0.0,0.0,0.0,0.0,9079.865017558455,1.3642420526593924e-12,-0.3699761081938922,0.505097973530629
Top_3_MarketCap_Quarterly,3,False,0.3,2009,9079.865017558453,-0.07028947182861334,182.2266106944882,8441.646101199167,-676.7625561382778,0.0,0.0,0.0,0.0,0.0,8441.646101199169,1.8189894035458565e-12,0.2646423212982973,1.0009299710919235
Top_3_MarketCap_Quarterly,3,False,0.3,2010,8441.646101199167,0.1593726349871446,140.8800195440841,9787.013483976234,47.651184158309924,0.0,0.0,0.0,0.0,0.0,9787.013483976234,0.0,0.15063401360544215,0.02399206490944708
Top_3_MarketCap_Quarterly,3,False,0.3,2011,9787.013483976234,0.11363703134785555,157.59682411173,10899.180642056726,68.71133852161714,0.0,0.0,0.0,0.0,0.0,10899.180642056726,0.0,0.02111820043608024,0.7435069067012052
Top_3_MarketCap_Quarterly,3,False,0.3,2012,10899.180642056726,0.14945897225581228,249.93384846619236,12528.160979248969,246.79595857323582,0.0,0.0,0.0,0.0,0.0,12528.160979248973,3.637978807091713e-12,0.1600322380427432,0.27204533025470823
Top_3_MarketCap_Quarterly,3,False,0.3,2013,12528.160979248969,0.16125628994682878,222.13369104562557,14548.405738619287,2012.0698123922598,0.0,0.0,0.0,0.0,0.0,14548.405738619285,0.0,0.32388478062960185,0.7421415257161855
Top_3_MarketCap_Quarterly,3,False,0.3,2014,14548.405738619287,0.15574187033499232,314.83559993673293,16814.20165874419,3165.3707113427613,0.0,0.0,0.0,0.0,0.0,16814.20165874419,0.0,0.13688363157085162,0.8708281861961333
Top_3_MarketCap_Quarterly,3,False,0.3,2015,16814.20165874419,0.01879813536384924,340.43929843776675,17130.277297560322,-106.53095896516834,0.0,0.0,0.0,0.0,0.0,17130.277297560326,0.0,0.013837599218982092,1.1202588968331617
Top_3_MarketCap_Quarterly,3,False,0.3,2016,17130.277297560322,0.10545602295237774,428.4202050015532,18936.76821343244,573.7140966110396,0.0,0.0,0.0,0.0,0.0,18936.76821343244,0.0,0.11959912078710487,0.29026536163151606
Top_3_MarketCap_Quarterly,3,False,0.3,2017,18936.76821343244,0.4177798955604228,331.2320851321696,26848.169259892176,1664.8563322542725,0.0,0.0,0.0,0.0,0.0,26848.16925989218,2.7284841053187847e-12,0.2183160148270721,0.53926414840977
Top_3_MarketCap_Quarterly,3,False,0.3,2018,26848.169259892176,0.12602408839315757,355.5048185277507,30231.685315895284,34.82557906846438,0.0,0.0,0.0,0.0,0.0,30231.68531589528,0.0,-0.043842417452558714,0.010685407801610453
Top_3_MarketCap_Quarterly,3,False,0.3,2019,30231.685315895284,0.5689291271550002,394.66904990703426,47431.371655092225,686.0260488757444,0.0,0.0,0.0,0.0,0.0,47431.371655092225,0.0,0.3148637098683444,0.023729704282962966
Top_3_MarketCap_Quarterly,3,False,0.3,2020,47431.371655092225,0.6611350449020839,428.74192847934364,78789.91368404905,470.7310572139917,0.0,0.0,0.0,0.0,0.0,78789.91368404905,0.0,0.18398826898926857,0.011750274656551235
Top_3_MarketCap_Quarterly,3,False,0.3,2021,78789.91368404905,0.33238451349582704,470.97272541093264,104978.4608122999,15336.056941844494,0.0,0.0,0.0,0.0,0.0,104978.46081229989,0.0,0.2870536836204064,0.26881255650268887
Top_3_MarketCap_Quarterly,3,False,0.3,2022,104978.4608122999,-0.3002393973992224,501.8958486969358,73459.7909981171,374.36539184474566,0.0,0.0,0.0,0.0,0.0,73459.7909981171,3.552713678800501e-15,-0.18110887480348867,0.008960997345908776
Top_3_MarketCap_Quarterly,3,False,0.3,2023,73459.7909981171,0.5440087516138081,545.0006003215825,113422.56019281404,236.91053835459064,0.0,0.0,0.0,0.0,0.0,113422.56019281404,0.0,0.2628765887097365,0.007736104478829765
Top_3_MarketCap_Quarterly,3,False,0.3,2024,113422.56019281404,0.3176011280543199,572.2235865137778,149445.69325686077,9535.072006294946,0.0,0.0,0.0,0.0,0.0,149445.69325686083,5.3887561080046e-11,0.2501967983593843,0.293275037103281
Top_3_MarketCap_Quarterly,3,True,0.3,2005,10000.0,0.025889529500008574,204.19292200048534,10258.895295000086,-60.254315243078054,-60.254315243078054,0.0,61.2578766001456,61.2578766001456,60.254315243078054,10242.689169498135,0.0,0.04911783501430919,0.28468255467308534
Top_3_MarketCap_Quarterly,3,True,0.3,2006,10242.689169498135,0.16703979283736264,282.6272887903091,11953.625846468602,-407.72538735733895,-467.979702600417,0.0,84.78818663709272,84.78818663709272,467.979702600417,11930.647582166643,0.0,0.15794463807112516,0.5075056269926447
Top_3_MarketCap_Quarterly,3,True,0.3,2007,11930.647582166643,0.13716354160258667,292.893167437568,13567.097458148957,320.23735130258746,-147.74235129782954,0.0,87.86795023127041,87.86795023127041,147.74235129782954,13546.8352487146,1.7053025658242404e-13,0.054937263566210565,0.2557625180410004
Top_3_MarketCap_Quarterly,3,True,0.3,2008,13546.8352487146,-0.3471765419652822,282.6705270673367,8843.691832492472,-3287.9879250957956,-3435.730276393625,0.0,84.80115812020101,84.80115812020101,3435.730276393625,8821.64405560089,1.3642420526593924e-12,-0.3699761081938922,0.5023220558513041
Top_3_MarketCap_Quarterly,3,True,0.3,2009,8821.64405560089,-0.0753966570551275,176.58597761134646,8156.521584078345,-650.017566178593,-4085.747842572218,0.0,52.97579328340393,52.97579328340393,4085.747842572218,8145.865556610057,0.0,0.2646423212982973,1.0026127941982146
Top_3_MarketCap_Quarterly,3,True,0.3,2010,8145.865556610057,0.1550024391114933,135.68204241201883,9408.494586558918,48.34751689681916,-4037.4003256753986,0.0,40.70461272360564,40.70461272360564,4037.4003256753986,9397.623613594342,0.0,0.15063401360544215,0.022367572092579002
Top_3_MarketCap_Quarterly,3,True,0.3,2011,9397.623613594342,0.1095609531580912,151.06494588147984,10427.236214120723,75.53400736475433,-3961.866318310644,0.0,45.31948376444396,45.31948376444396,3961.866318310644,10417.47830924702,0.0,0.02111820043608024,0.7434424976215671
Top_3_MarketCap_Quarterly,3,True,0.3,2012,10417.47830924702,0.14520579519797233,238.40618082947222,11930.156531098863,239.71125439676155,-3722.1550639138827,0.0,71.52185424884166,71.52185424884166,3722.1550639138827,11907.464013427068,2.2737367544323206e-12,0.1600322380427432,0.2698436468071569
Top_3_MarketCap_Quarterly,3,True,0.3,2013,11907.464013427068,0.15649058855944217,210.69742081697785,13770.870065138648,1942.9515647437388,-1779.203499170144,0.0,63.209226245093355,63.209226245093355,1779.2034991701437,13755.162655799675,2.842170943040401e-14,0.32388478062960185,0.7417002151573969
Top_3_MarketCap_Quarterly,3,True,0.3,2014,13755.162655799675,0.11881829867763334,295.27346329409767,15389.52768059591,3114.950517973999,1335.7470188038553,400.7241056411567,88.58203898822931,489.30614462938604,0.0,15394.033045477046,0.0,0.13688363157085162,0.8771008140626921
Top_3_MarketCap_Quarterly,3,True,0.3,2015,15394.033045477046,0.01361991078454251,310.96979818579405,15603.698402170743,-91.70229474460734,-91.70229474460734,0.0,93.29093945573823,93.29093945573823,91.70229474460734,15585.586759577887,0.0,0.013837599218982092,1.119520063164717
Top_3_MarketCap_Quarterly,3,True,0.3,2016,15585.586759577887,0.08995267055681541,388.1556088481636,16987.55191079686,563.9170601497754,472.214765405168,141.66442962155043,116.44668265444908,258.1111122759995,0.0,16964.13528524607,0.0,0.11959912078710487,0.29060543367449837
Top_3_MarketCap_Quarterly,3,True,0.3,2017,16964.13528524607,0.396653647651405,295.3414837505472,23693.02142539083,1643.519514604465,1643.519514604465,493.0558543813395,88.60244512516415,581.6582995065037,0.0,23433.638172121668,0.0,0.2183160148270721,0.5401393806624513
Top_3_MarketCap_Quarterly,3,True,0.3,2018,23433.638172121668,0.12337078233882307,309.9022091562448,26324.664446461225,32.70527997566136,32.70527997566136,9.81158399269841,92.97066274687344,102.78224673957186,0.0,26290.324758794894,0.0,-0.043842417452558714,0.009262431296157033
Top_3_MarketCap_Quarterly,3,True,0.3,2019,26290.324758794894,0.5653507305405913,342.8098173546733,41153.57906732898,660.2173554695155,660.2173554695155,198.06520664085465,102.842945206402,300.90815184725665,0.0,40928.52231201421,0.0,0.3148637098683444,0.021910322684974073
Top_3_MarketCap_Quarterly,3,True,0.3,2020,40928.52231201421,0.6584365259405103,369.6327782521271,67877.35635501551,500.2698330266379,500.2698330266379,150.08094990799137,110.88983347563813,260.9707833836295,0.0,67698.31414604608,0.0,0.18398826898926857,0.011408278742463938
Top_3_MarketCap_Quarterly,3,True,0.3,2021,67698.31414604608,0.24604907619982727,397.7875745310152,84355.42180196641,16323.641460020997,16323.641460020997,4897.092438006299,119.33627235930453,5016.428710365603,0.0,84250.33278886418,0.0,0.2870536836204064,0.28363419918329885
Top_3_MarketCap_Quarterly,3,True,0.3,2022,84250.33278886418,-0.30116325699336344,402.5375655316109,58877.228163395084,343.7594154879067,343.7594154879067,103.127824646372,120.76126965948328,223.88909430585528,0.0,58742.493669544,0.0,-0.18110887480348867,0.008244008183621858
Top_3_MarketCap_Quarterly,3,True,0.3,2023,58742.493669544,0.542113369383168,435.53580653533004,90587.58483870991,226.95868439237896,226.95868439237896,68.0876053177137,130.660741960599,198.74834727831268,0.0,90485.19108151023,0.0,0.2628765887097365,0.007244736240241767
Top_3_MarketCap_Quarterly,3,True,0.3,2024,90485.19108151023,0.27864446813641325,446.50619323717183,115698.38902463937,9373.955568705502,9373.955568705502,2812.18667061165,133.95185797115155,2946.1385285828014,0.0,115497.60582443391,0.0,0.2501967983593843,0.29945723103034194
Top_5_MarketCap,5,False,0.3,2005,10000.0,0.012535350853977615,216.97579921602818,10125.353508539776,-176.49456475169728,0.0,0.0,0.0,0.0,0.0,10125.353508539774,0.0,0.04911783501430919,0.16129595920140266
Top_5_MarketCap,5,False,0.3,2006,10125.353508539776,0.19875687118494018,262.09262852679024,12137.837091538599,179.15089140529838,0.0,0.0,0.0,0.0,0.0,12137.837091538599,0.0,0.15794463807112516,0.14650084536367294
Top_5_MarketCap,5,False,0.3,2007,12137.837091538599,0.005614236560627227,339.2458610256821,12205.981780304852,-831.6292339967215,0.0,0.0,0.0,0.0,0.0,12205.981780304852,0.0,0.054937263566210565,0.29161250994007226
Top_5_MarketCap,5,False,0.3,2008,12205.981780304852,-0.2983085470652072,310.7433110745341,8564.83308991772,-1101.9298027986806,0.0,0.0,0.0,0.0,0.0,8564.833089917722,1.9895196601282805e-13,-0.3699761081938922,0.33746501338985824
Top_5_MarketCap,5,False,0.3,2009,8564.83308991772,-0.034294642448280024,222.6614062046288,8271.105201469794,-1547.5651778184586,0.0,0.0,0.0,0.0,0.0,8271.105201469794,2.2737367544323206e-13,0.2646423212982973,0.3784316951720472
Top_5_MarketCap,5,False,0.3,2010,8271.105201469794,0.12103170751825325,177.41921330871298,9272.17118706679,-97.93249424826696,0.0,0.0,0.0,0.0,0.0,9272.17118706679,4.547473508864641e-13,0.15063401360544215,0.31769869338535567
Top_5_MarketCap,5,False,0.3,2011,9272.17118706679,0.13255071117556108,202.88387279751865,10501.204072054039,70.03210361030061,0.0,0.0,0.0,0.0,0.0,10501.204072054039,0.0,0.02111820043608024,0.17325940332887688
Top_5_MarketCap,5,False,0.3,2012,10501.204072054039,0.11997113755205266,247.72330592193788,11761.04547024461,459.6391634307047,0.0,0.0,0.0,0.0,0.0,11761.045470244611,0.0,0.1600322380427432,0.3319811690760362
Top_5_MarketCap,5,False,0.3,2013,11761.04547024461,0.29184928475821315,217.37935095072731,15193.498178744321,179.94837467433126,0.0,0.0,0.0,0.0,0.0,15193.498178744321,0.0,0.32388478062960185,0.03925204342682059
Top_5_MarketCap,5,False,0.3,2014,15193.498178744321,0.1744126747453454,257.93734268802916,17843.436834837652,1296.3429271962552,0.0,0.0,0.0,0.0,0.0,17843.436834837652,0.0,0.13688363157085162,0.19244155430284776
Top_5_MarketCap,5,False,0.3,2015,17843.436834837652,-0.009631165636097203,375.7839838148226,17671.583739164093,829.1445923677804,0.0,0.0,0.0,0.0,0.0,17671.583739164093,0.0,0.013837599218982092,0.3298804607963949
Top_5_MarketCap,5,False,0.3,2016,17671.583739164093,0.13502865613792459,331.24205257562295,20057.75394329222,173.16746756919764,0.0,0.0,0.0,0.0,0.0,20057.753943292217,5.115907697472721e-13,0.11959912078710487,0.028238092386860456
Top_5_MarketCap,5,False,0.3,2017,20057.75394329222,0.40103181365171625,349.6981513322547,28101.551384950562,1492.3748974287375,0.0,0.0,0.0,0.0,0.0,28101.551384950562,0.0,0.2183160148270721,0.14962624420547943
Top_5_MarketCap,5,False,0.3,2018,28101.551384950562,0.050432353227092615,254.3200717374845,29518.778750625683,1528.8614960097027,0.0,0.0,0.0,0.0,0.0,29518.778750625686,0.0,-0.043842417452558714,0.18616842297188446
Top_5_MarketCap,5,False,0.3,2019,29518.778750625683,0.45524616658559075,262.71249994155914,42957.08961913622,2024.73078625378,0.0,0.0,0.0,0.0,0.0,42957.08961913621,0.0,0.3148637098683444,0.15249770756968384
Top_5_MarketCap,5,False,0.3,2020,42957.08961913622,0.5553133862376427,268.87132396391735,66811.73651845264,629.3693310805513,0.0,0.0,0.0,0.0,0.0,66811.73651845264,2.2737367544323206e-12,0.18398826898926857,0.03990316709745024
Top_5_MarketCap,5,False,0.3,2021,66811.73651845264,0.35889416671253443,302.9780776211676,90790.07902286011,3646.246835645401,0.0,0.0,0.0,0.0,0.0,90790.07902286011,0.0,0.2870536836204064,0.09549097757668619
Top_5_MarketCap,5,False,0.3,2022,90790.07902286011,-0.3629571722210759,325.25538316558453,57837.168674994784,-3785.347638557556,0.0,0.0,0.0,0.0,0.0,57837.168674994784,6.366462912410498e-12,-0.18110887480348867,0.08940566428587526
Top_5_MarketCap,5,False,0.3,2023,57837.168674994784,0.5401874570827432,335.79739146421423,89080.08174640591,4847.1753389639625,0.0,0.0,0.0,0.0,0.0,89080.08174640592,9.094947017729282e-12,0.2628765887097365,0.12383417484089791
Top_5_MarketCap,5,False,0.3,2024,89080.08174640591,0.45997675876111227,409.27025690021156,130054.84901829262,764.3023854338082,0.0,0.0,0.0,0.0,0.0,130054.8490182926,1.290345608140342e-11,0.2501967983593843,0.00986360676077814
Top_5_MarketCap,5,True,0.3,2005,10000.0,0.012535350853977615,216.97579921602818,10125.353508539776,-176.73739059548885,-176.73739059548885,0.0,65.09273976480846,65.09273976480846,176.73739059548885,10060.260768774968,0.0,0.04911783501430919,0.1591818402456944
Top_5_MarketCap,5,True,0.3,2006,10060.260768774968,0.1987568711849399,260.40771676064,12059.806722481278,186.87047751378464,10.133086918295788,3.0399260754887365,78.122315028192,81.16224110368074,0.0,11978.6444813776,0.0,0.15794463807112516,0.14609812431104607
Top_5_MarketCap,5,True,0.3,2007,11978.6444813776,0.0056142366054743814,334.7965152196429,12045.895425708914,-805.3457761557336,-805.3457761557336,0.0,100.43895456589287,100.43895456589287,805.3457761557336,11945.456471143021,0.0,0.054937263566210565,0.2916404898466406
Top_5_MarketCap,5,True,0.3,2008,11945.456471143021,-0.2983085470652073,304.1107846096583,8382.024707205668,-1065.0672357141405,-1870.413011869874,0.0,91.23323538289749,91.23323538289749,1870.413011869874,8290.79147182277,0.0,-0.3699761081938922,0.3375808047848687
Top_5_MarketCap,5,True,0.3,2009,8290.79147182277,-0.0342946424482799,215.53710017285772,8006.461742683359,-1510.3067360630769,-3380.7197479329507,0.0,64.66113005185731,64.66113005185731,3380.7197479329507,7941.800612631501,0.0,0.2646423212982973,0.3793047890133344
Top_5_MarketCap,5,True,0.3,2010,7941.800612631501,0.12103170751825348,170.3554703544755,8903.010301547803,-85.88992315759366,-3466.6096710905445,0.0,51.10664110634265,51.10664110634265,3466.6096710905445,8851.90366044146,0.0,0.15063401360544215,0.3176764438596877
Top_5_MarketCap,5,True,0.3,2011,8851.90366044146,0.1325507111755613,193.68802193448528,10025.22978589053,80.9904772784455,-3385.619193812099,0.0,58.10640658034558,58.10640658034558,3385.619193812099,9967.123379310182,0.0,0.02111820043608024,0.17421160619240242
Top_5_MarketCap,5,True,0.3,2012,9967.123379310182,0.11997113755205245,235.12434737130107,11162.890509247682,454.5822754404694,-2931.03691837163,0.0,70.53730421139032,70.53730421139032,2931.03691837163,11092.353205036296,2.2737367544323206e-12,0.1600322380427432,0.33198116907603625
Top_5_MarketCap,5,True,0.3,2013,11092.353205036296,0.2918492847582128,205.01991479647427,14329.648554211608,174.01537605840923,-2757.0215423132204,0.0,61.505974438942275,61.505974438942275,2757.0215423132204,14268.142579772666,0.0,0.32388478062960185,0.03791885452466838
Top_5_MarketCap,5,True,0.3,2014,14268.142579772666,0.17441267474534541,242.22774365874463,16756.68749075877,1241.8136962600568,-1515.2078460531636,0.0,72.66832309762339,72.66832309762339,1515.2078460531636,16684.01916766115,0.0,0.13688363157085162,0.1930539856347032
Top_5_MarketCap,5,True,0.3,2015,16684.01916766115,-0.00963116563609744,351.36656950670954,16523.33261558158,788.1789838951439,-727.0288621580197,0.0,105.40997085201286,105.40997085201286,727.0288621580197,16417.922644729566,0.0,0.013837599218982092,0.3281312535017334
Top_5_MarketCap,5,True,0.3,2016,16417.922644729566,0.13502865613792467,307.74301138700696,18634.8126760238,167.3057692426946,-559.7230929153251,0.0,92.32290341610208,92.32290341610208,559.7230929153251,18542.489772607703,3.211653165635653e-12,0.11959912078710487,0.026558660454424014
Top_5_MarketCap,5,True,0.3,2017,18542.489772607703,0.40103181365171575,323.28018445687655,25978.61807573496,1560.3454826223401,1000.622389707015,300.1867169121045,96.98405533706297,397.17077224916744,0.0,25581.4473034858,0.0,0.2183160148270721,0.15236333994962042
Top_5_MarketCap,5,True,0.3,2018,25581.4473034858,0.05043235307965004,231.5130373843212,26871.579886183656,1662.7452053922386,1662.7452053922386,498.82356161767166,69.45391121529636,568.277472832968,0.0,26303.30241335069,0.0,-0.043842417452558714,0.19271420066620362
Top_5_MarketCap,5,True,0.3,2019,26303.30241335069,0.45524616659510514,234.09526509226123,38277.78000582037,2239.1328827333527,2239.1328827333527,671.7398648200058,70.22857952767836,741.9684443476841,0.0,37535.811561472685,0.0,0.3148637098683444,0.15917434591977317
Top_5_MarketCap,5,True,0.3,2020,37535.811561472685,0.5553133863411246,234.93917871825448,58379.95018873642,573.3741203127662,573.3741203127662,172.01223609382987,70.48175361547634,242.4939897093062,0.0,58137.45619902711,0.0,0.18398826898926857,0.03860420801081093
Top_5_MarketCap,5,True,0.3,2021,58137.45619902711,0.3588941665363062,263.6419233333529,79002.65008611795,3978.862745295903,3978.862745295903,1193.6588235887712,79.09257700000587,1272.751400588777,0.0,77729.89868552916,0.0,0.2870536836204064,0.0992653641690058
Top_5_MarketCap,5,True,0.3,2022,77729.89868552916,-0.36295717209172546,278.46729808038356,49517.27447165317,-3182.0270010003646,-3182.0270010003646,0.0,83.54018942411507,83.54018942411507,3182.0270010003646,49433.73428222906,1.3642420526593924e-11,-0.18110887480348867,0.09009363083743754
Top_5_MarketCap,5,True,0.3,2023,49433.73428222906,0.5401874570827431,287.0078083452987,76137.2174982504,4504.894038210195,1322.86703720983,396.86011116294895,86.10234250358961,482.9624536665386,0.0,75654.25504458384,0.0,0.2628765887097365,0.1262083574653513
Top_5_MarketCap,5,True,0.3,2024,75654.25504458384,0.4599767583853026,347.58652885566,110453.45403804645,805.1594666676477,805.1594666676477,241.54784000029423,104.275958656698,345.8237986569922,0.0,110107.63023938944,0.0,0.2501967983593843,0.010148734342682875
Top_5_MarketCap_Quarterly,5,False,0.3,2005,10000.0,-0.004103932791562511,229.38040068526988,9958.960672084375,-356.43025515290293,0.0,0.0,0.0,0.0,0.0,9958.960672084375,0.0,0.04911783501430919,0.29638269575446397
Top_5_MarketCap_Quarterly,5,False,0.3,2006,9958.960672084375,0.19696316795492277,277.05494226120425,11920.5091155966,-8.987867025825238,0.0,0.0,0.0,0.0,0.0,11920.509115596604,1.1652900866465643e-12,0.15794463807112516,0.1624922557726623
Top_5_MarketCap_Quarterly,5,False,0.3,2007,11920.5091155966,0.005464617375532405,336.7521533921724,11985.650136834882,-637.7448204615389,0.0,0.0,0.0,0.0,0.0,11985.650136834884,0.0,0.054937263566210565,0.30854430147304923
Top_5_MarketCap_Quarterly,5,False,0.3,2008,11985.650136834882,-0.32554938445314835,292.9923408726489,8083.7291125174925,-1378.9433212977024,0.0,0.0,0.0,0.0,0.0,8083.7291125174925,0.0,-0.3699761081938922,0.5183866204722415
Top_5_MarketCap_Quarterly,5,False,0.3,2009,8083.7291125174925,-0.014515917593104671,197.80385931194456,7966.386366875207,-2184.322187475449,0.0,0.0,0.0,0.0,0.0,7966.386366875208,6.821210263296962e-13,0.2646423212982973,0.6596650941709201
Top_5_MarketCap_Quarterly,5,False,0.3,2010,7966.386366875207,0.10053449626951781,167.02066668707357,8767.28300735736,-30.847891193122706,0.0,0.0,0.0,0.0,0.0,8767.28300735736,4.547473508864641e-13,0.15063401360544215,0.6343783742620803
Top_5_MarketCap_Quarterly,5,False,0.3,2011,8767.28300735736,0.15285886066432097,181.00445267950568,10107.439898983668,122.3251788620237,0.0,0.0,0.0,0.0,0.0,10107.439898983668,3.552713678800501e-15,0.02111820043608024,0.186024820120345
Top_5_MarketCap_Quarterly,5,False,0.3,2012,10107.439898983668,0.08520092325215714,233.18371681148014,10968.603110092767,328.03377728373204,0.0,0.0,0.0,0.0,0.0,10968.603110092767,0.0,0.1600322380427432,0.6112324623936216
Top_5_MarketCap_Quarterly,5,False,0.3,2013,10968.603110092767,0.2947018964775045,204.105886476975,14201.07124834616,187.2842210873741,0.0,0.0,0.0,0.0,0.0,14201.071248346158,0.0,0.32388478062960185,0.043642534345175135
Top_5_MarketCap_Quarterly,5,False,0.3,2014,14201.07124834616,0.175496645390585,242.5627954626038,16693.311613383597,1285.8704857030193,0.0,0.0,0.0,0.0,0.0,16693.3116133836,0.0,0.13688363157085162,0.20206795125253882
Top_5_MarketCap_Quarterly,5,False,0.3,2015,16693.311613383597,0.048426949706759245,294.8395395848602,17501.717775324185,1763.0695680991444,0.0,0.0,0.0,0.0,0.0,17501.71777532418,0.0,0.013837599218982092,0.5291224365112431
Top_5_MarketCap_Quarterly,5,False,0.3,2016,17501.717775324185,0.13594809422881593,330.2819893965989,19881.0429526101,190.4211248620073,0.0,0.0,0.0,0.0,0.0,19881.042952610096,0.0,0.11959912078710487,0.030922129084228374
Top_5_MarketCap_Quarterly,5,False,0.3,2017,19881.0429526101,0.40737037496997974,284.2765355734976,27979.99087500915,1295.840153493637,0.0,0.0,0.0,0.0,0.0,27979.99087500915,0.0,0.2183160148270721,0.42092731277046347
Top_5_MarketCap_Quarterly,5,False,0.3,2018,27979.99087500915,0.04977410466476764,253.9400282942496,29372.669869341098,1710.4453090616103,0.0,0.0,0.0,0.0,0.0,29372.669869341094,0.0,-0.043842417452558714,0.1922031499234178
Top_5_MarketCap_Quarterly,5,False,0.3,2019,29372.669869341098,0.46869331496211564,259.8767098158675,43139.44387969043,1546.1775925224317,0.0,0.0,0.0,0.0,0.0,43139.44387969042,0.0,0.3148637098683444,0.15926890341647354
Top_5_MarketCap_Quarterly,5,False,0.3,2020,43139.44387969043,0.5567984635642953,270.57474834363677,67159.4199509202,1016.8615748194845,0.0,0.0,0.0,0.0,0.0,67159.41995092019,0.0,0.18398826898926857,0.04104845905425863
Top_5_MarketCap_Quarterly,5,False,0.3,2021,67159.4199509202,0.3596588994299982,305.0505686540933,91313.90301682522,4355.1825147267355,0.0,0.0,0.0,0.0,0.0,91313.90301682522,0.0,0.2870536836204064,0.09759383485422736
Top_5_MarketCap_Quarterly,5,False,0.3,2022,91313.90301682522,-0.36338116773613005,327.7359604578081,58132.15030802754,-3600.2481932505325,0.0,0.0,0.0,0.0,0.0,58132.15030802754,3.637978807091713e-12,-0.18110887480348867,0.09328939006691842
Top_5_MarketCap_Quarterly,5,False,0.3,2023,58132.15030802754,0.6089325838379618,336.1815791535162,93530.71079915152,1479.3539215416376,0.0,0.0,0.0,0.0,0.0,93530.71079915152,0.0,0.2628765887097365,0.10176262078302059
Top_5_MarketCap_Quarterly,5,False,0.3,2024,93530.71079915152,0.4604141107899498,430.31375723078145,136593.56984329483,1035.892622021324,0.0,0.0,0.0,0.0,0.0,136593.56984329483,1.34718902700115e-11,0.2501967983593843,0.011470596101556704
Top_5_MarketCap_Quarterly,5,True,0.3,2005,10000.0,-0.009088777743563514,228.78911129740408,9909.112222564365,-355.529829289421,-355.529829289421,0.0,68.63673338922122,68.63673338922122,355.529829289421,9890.508902295778,0.0,0.04911783501430919,0.2932584254574302
Top_5_MarketCap_Quarterly,5,True,0.3,2006,9890.508902295778,0.19001707754102345,274.31583685559684,11769.874499303498,-5.993883006683802,-361.5237122961048,0.0,82.29475105667905,82.29475105667905,361.5237122961048,11747.216821464612,2.842170943040401e-14,0.15794463807112516,0.160378386698541
Top_5_MarketCap_Quarterly,5,True,0.3,2007,11747.216821464612,-0.0007016034102703486,330.8012302386152,11738.974934081487,-618.641111562077,-980.1648238581818,0.0,99.24036907158455,99.24036907158455,980.1648238581818,11712.835079126193,2.0463630789890885e-12,0.054937263566210565,0.305912527107189
Top_5_MarketCap_Quarterly,5,True,0.3,2008,11712.835079126193,-0.3301375028400581,285.41855079381577,7845.988954926037,-1337.8544140040685,-2318.0192378622505,0.0,85.62556523814473,85.62556523814473,2318.0192378622505,7827.503518088679,0.0,-0.3699761081938922,0.5191751480041301
Top_5_MarketCap_Quarterly,5,True,0.3,2009,7827.503518088679,-0.02108354518221178,190.92703926652797,7662.471994001135,-2116.244523589209,-4434.26376145146,0.0,57.278111779958394,57.278111779958394,4434.26376145146,7650.966416460459,9.094947017729282e-13,0.2646423212982973,0.6600699153104824
Top_5_MarketCap_Quarterly,5,True,0.3,2010,7650.966416460459,0.09529535974962557,160.01991652356656,8380.068013549362,-25.734528493628773,-4459.998289945089,0.0,48.00597495706997,48.00597495706997,4459.998289945089,8367.328111110015,0.0,0.15063401360544215,0.6342696805902299
Top_5_MarketCap_Quarterly,5,True,0.3,2011,8367.328111110015,0.14785852898209031,172.37386961591443,9604.508937129234,121.88102603849777,-4338.117263906591,0.0,51.71216088477432,51.71216088477432,4338.117263906591,9591.483189921884,1.4210854715202004e-14,0.02111820043608024,0.18473270698840977
Top_5_MarketCap_Quarterly,5,True,0.3,2012,9591.483189921884,0.08073875480705162,220.79655017351826,10365.887599428945,327.3648458499697,-4010.752418056621,0.0,66.23896505205548,66.23896505205548,4010.752418056621,10346.237148662196,0.0,0.1600322380427432,0.6113180157352673
Top_5_MarketCap_Quarterly,5,True,0.3,2013,10346.237148662196,0.28977086597700646,192.14398318544175,13344.275246833515,178.50112248019232,-3832.2512955764287,0.0,57.643194955632524,57.643194955632524,3832.2512955764287,13328.782400742133,0.0,0.32388478062960185,0.04158627664316808
Top_5_MarketCap_Quarterly,5,True,0.3,2014,13328.782400742133,0.17138302649905113,227.25087980368494,15613.109468128609,1214.4539930186093,-2617.7973025578194,0.0,68.17526394110548,68.17526394110548,2617.7973025578194,15595.323144335642,0.0,0.13688363157085162,0.20047704857003576
Top_5_MarketCap_Quarterly,5,True,0.3,2015,15595.323144335642,0.04416682807154703,274.892165285032,16284.119100371732,1657.098726359008,-960.6985761988115,0.0,82.46764958550959,82.46764958550959,960.6985761988117,16263.732826202153,0.0,0.013837599218982092,0.5276684748646249
Top_5_MarketCap_Quarterly,5,True,0.3,2016,16263.732826202153,0.13145269224938724,306.2936172310375,18401.64429223116,177.90352481177104,-782.7950513870406,0.0,91.88808516931124,91.88808516931124,782.7950513870406,18377.897772007153,2.4442670110147446e-12,0.11959912078710487,0.02850337209653711
Top_5_MarketCap_Quarterly,5,True,0.3,2017,18377.897772007153,0.4034101854022135,262.4249504418712,25791.728919515484,1300.022010916223,517.2269595291824,155.16808785875466,78.72748513256136,233.89557299131604,0.0,25619.50741026361,0.0,0.2183160148270721,0.42054669514991094
Top_5_MarketCap_Quarterly,5,True,0.3,2018,25619.50741026361,0.04795936825529796,232.30467494880506,26848.202800671777,1865.1552038169298,1865.1552038169298,559.546561145079,69.69140248464151,629.2379636297205,0.0,26270.548606123382,0.0,-0.043842417452558714,0.19811262973274446
Top_5_MarketCap_Quarterly,5,True,0.3,2019,26270.548606123382,0.4592969216102992,231.39863502173932,38336.53070992959,1703.59011806995,1703.59011806995,511.0770354209851,69.41959050652179,580.4966259275069,0.0,37951.88432703682,0.0,0.3148637098683444,0.16433429211502693
Top_5_MarketCap_Quarterly,5,True,0.3,2020,37951.88432703682,0.5548511346795488,237.87722544656404,59009.53040912019,960.7272552109898,960.7272552109898,288.21817656329694,71.36316763396921,359.58134419726616,0.0,58705.63032711109,0.0,0.18398826898926857,0.039599364169159205
Top_5_MarketCap_Quarterly,5,True,0.3,2021,58705.63032711109,0.35843798565419616,266.52682102677744,79747.95820812068,4769.821118404136,4769.821118404136,1430.9463355212406,79.95804630803323,1510.904381829274,0.0,78296.05109104243,0.0,0.2870536836204064,0.10172138522018623
Top_5_MarketCap_Quarterly,5,True,0.3,2022,78296.05109104243,-0.3640315466748695,280.87509773006377,49793.81851383566,-3067.988118417109,-3067.988118417109,-3.552713678800501e-15,84.26252931901912,84.26252931901912,3067.9881184171086,49772.67219643899,1.0913936421275139e-11,-0.18110887480348867,0.0930538300861694
Top_5_MarketCap_Quarterly,5,True,0.3,2023,49772.67219643899,0.6074081798768891,287.6961076682376,80005.00042288704,1293.4297606482985,-1774.55835776881,0.0,86.30883230047127,86.30883230047127,1774.5583577688099,79982.38961039689,1.7053025658242404e-11,0.2628765887097365,0.1016657949738926
Top_5_MarketCap_Quarterly,5,True,0.3,2024,79982.38961039689,0.4592784110883172,367.82986032861146,116716.5744257067,911.2159736295961,-863.3423841392138,0.0,110.34895809858344,110.34895809858344,863.3423841392138,116686.3312397691,1.2391865311656147e-11,0.2501967983593843,0.011235729751250815
Top_10_MarketCap,10,False,0.3,2005,10000.0,-0.009258750866238551,217.16761194477974,9907.412491337614,-223.3153631139901,0.0,0.0,0.0,0.0,0.0,9907.412491337616,1.1368683772161603e-13,0.04911783501430919,0.16618980637746428
Top_10_MarketCap,10,False,0.3,2006,9907.412491337614,0.1782316322453812,282.57673018895446,11673.226790996996,14.620364326928724,0.0,0.0,0.0,0.0,0.0,11673.226790996992,0.0,0.15794463807112516,0.01712984137765974
Top_10_MarketCap,10,False,0.3,2007,11673.226790996996,0.030760463036116962,532.6291905746573,12032.30065221367,-432.2164056204584,0.0,0.0,0.0,0.0,0.0,12032.300652213673,1.4779288903810084e-12,0.054937263566210565,0.37211057062647845
Top_10_MarketCap,10,False,0.3,2008,12032.30065221367,-0.29446807410377523,273.1345588492641,8489.172252118711,-924.166882860317,0.0,0.0,0.0,0.0,0.0,8489.172252118711,0.0,-0.3699761081938922,0.17419275122993566
Top_10_MarketCap,10,False,0.3,2009,8489.172252118711,0.10494239248843537,254.8996404487208,9380.046298502488,-149.6623274384317,0.0,0.0,0.0,0.0,0.0,9380.046298502486,0.0,0.2646423212982973,0.26420339976370805
Top_10_MarketCap,10,False,0.3,2010,9380.046298502488,0.08744569836608328,168.3608665653911,10200.290997781232,-36.660370261856755,0.0,0.0,0.0,0.0,0.0,10200.29099778123,1.1368683772161603e-13,0.15063401360544215,0.2519877120259485
Top_10_MarketCap,10,False,0.3,2011,10200.290997781232,0.09950348519696633,223.730425744947,11215.255502083706,-37.13575445592185,0.0,0.0,0.0,0.0,0.0,11215.255502083706,0.0,0.02111820043608024,0.10330514727110195
Top_10_MarketCap,10,False,0.3,2012,11215.255502083706,0.14124610109824012,313.895907116864,12799.366614573615,486.18427099243877,0.0,0.0,0.0,0.0,0.0,12799.366614573612,0.0,0.1600322380427432,0.2184718654399394
Top_10_MarketCap,10,False,0.3,2013,12799.366614573615,0.29246682194312035,312.5740947069009,16542.756691222836,663.9075660035837,0.0,0.0,0.0,0.0,0.0,16542.756691222832,0.0,0.32388478062960185,0.1631442530854298
Top_10_MarketCap,10,False,0.3,2014,16542.756691222836,0.15114531457725103,365.1035806302976,19043.116855292636,365.9138369325959,0.0,0.0,0.0,0.0,0.0,19043.116855292636,0.0,0.13688363157085162,0.040848298331137387
Top_10_MarketCap,10,False,0.3,2015,19043.116855292636,0.05639618031650936,413.17100615429706,20117.075907252078,986.8804923285079,0.0,0.0,0.0,0.0,0.0,20117.075907252078,8.185452315956354e-12,0.013837599218982092,0.23714486005546753
Top_10_MarketCap,10,False,0.3,2016,20117.075907252078,0.142905780297961,366.4604156115544,22991.922337091248,177.89146289619597,0.0,0.0,0.0,0.0,0.0,22991.922337091244,4.392930463836819e-12,0.11959912078710487,0.025706245698152257
Top_10_MarketCap,10,False,0.3,2017,22991.922337091248,0.3002208940909915,383.42132780638434,29894.57781800342,496.4259646166697,0.0,0.0,0.0,0.0,0.0,29894.57781800342,0.0,0.2183160148270721,0.09294200193994011
Top_10_MarketCap,10,False,0.3,2018,29894.57781800342,0.0004948986006364346,408.14893940744037,29909.372602732168,501.4407009057853,0.0,0.0,0.0,0.0,0.0,29909.372602732175,2.7284841053187847e-12,-0.043842417452558714,0.1662603989901523
Top_10_MarketCap,10,False,0.3,2019,29909.372602732168,0.43605040471797474,382.0249622484975,42951.366631014236,1440.0739596707149,0.0,0.0,0.0,0.0,0.0,42951.36663101424,0.0,0.3148637098683444,0.047638677309784654
Top_10_MarketCap,10,False,0.3,2020,42951.366631014236,0.39401372530309753,413.05058494140206,59874.79460415931,2720.0795667699795,0.0,0.0,0.0,0.0,0.0,59874.7946041593,2.2737367544323206e-12,0.18398826898926857,0.1002573315920832
Top_10_MarketCap,10,False,0.3,2021,59874.79460415931,0.3339733894005717,369.2448314989455,79871.38269777346,4397.546054401861,0.0,0.0,0.0,0.0,0.0,79871.38269777346,0.0,0.2870536836204064,0.09928636105458924
Top_10_MarketCap,10,False,0.3,2022,79871.38269777346,-0.3461714889059814,334.3590545187937,52222.18722830578,-879.4365652933111,0.0,0.0,0.0,0.0,0.0,52222.1872283058,1.864464138634503e-11,-0.18110887480348867,0.10856339364070917
Top_10_MarketCap,10,False,0.3,2023,52222.18722830578,0.5098484530665158,519.2170452150226,78847.58860240744,2235.4965573639192,0.0,0.0,0.0,0.0,0.0,78847.58860240744,0.0,0.2628765887097365,0.1494030078006004
Top_10_MarketCap,10,False,0.3,2024,78847.58860240744,0.49478622943165906,441.98717598598387,117860.28966677128,778.5964939326261,0.0,0.0,0.0,0.0,0.0,117860.28966677126,2.1113777393111377e-11,0.2501967983593843,0.01032626519436687
Top_10_MarketCap,10,True,0.3,2005,10000.0,-0.009258750866238551,217.16761194477974,9907.412491337614,-223.46528975183136,-223.46528975183136,0.0,65.15028358343392,65.15028358343392,223.46528975183136,9842.26220775418,4.547473508864641e-13,0.04911783501430919,0.16359609903796174
Top_10_MarketCap,10,True,0.3,2006,9842.26220775418,0.178231632245381,280.7185301673054,11596.464666029235,20.976191866429332,-202.48909788540203,0.0,84.21555905019162,84.21555905019162,202.48909788540203,11512.249106979043,0.0,0.15794463807112516,0.01608700029960617
Top_10_MarketCap,10,True,0.3,2007,11512.249106979043,0.03076046303611725,525.2840566991478,11866.371220096846,-410.5076948268635,-612.9967927122655,0.0,157.58521700974433,157.58521700974433,612.9967927122655,11708.786003087103,1.3642420526593924e-12,0.054937263566210565,0.36969091256979103
Top_10_MarketCap,10,True,0.3,2008,11708.786003087103,-0.29446807410377535,265.7907404454078,8260.922338664803,-900.1049659445094,-1513.101758656775,0.0,79.73722213362232,79.73722213362232,1513.101758656775,8181.185116531179,0.0,-0.3699761081938922,0.17565973665920273
Top_10_MarketCap,10,True,0.3,2009,8181.185116531179,0.10494239248843552,245.65188250571288,9039.738256050741,-144.4378413930577,-1657.5396000498326,0.0,73.69556475171386,73.69556475171386,1657.5396000498326,8966.042691299028,0.0,0.2646423212982973,0.26131202699223954
Top_10_MarketCap,10,True,0.3,2010,8966.042691299028,0.08744569836608312,160.92998575181767,9750.084556019787,-30.199835587000276,-1687.739435636833,0.0,48.2789957255453,48.2789957255453,1687.739435636833,9701.80556029424,7.958078640513122e-13,0.15063401360544215,0.25217282039703437
Top_10_MarketCap,10,True,0.3,2011,9701.80556029424,0.09950348519696686,212.7967808929639,10667.16902624683,-29.767160616109727,-1717.5065962529427,0.0,63.83903426788917,63.83903426788917,1717.5065962529427,10603.329991978937,0.0,0.02111820043608024,0.10379952955187267
Top_10_MarketCap,10,True,0.3,2012,10603.329991978937,0.14124610109824007,296.7691539147993,12101.009012003995,469.0156767660107,-1248.490919486932,0.0,89.03074617443978,89.03074617443978,1248.490919486932,12011.978265829555,2.4158453015843406e-13,0.1600322380427432,0.21680546857045271
Top_10_MarketCap,10,True,0.3,2013,12011.978265829555,0.29246682194312035,293.3452369280166,15525.08337448656,628.1304278317278,-620.3604916552041,0.0,88.00357107840499,88.00357107840499,620.3604916552041,15437.079803408156,0.0,0.32388478062960185,0.16205216127263095
Top_10_MarketCap,10,True,0.3,2014,15437.079803408156,0.151145314577251,340.70096150845023,17770.32208644841,366.28427176524775,-254.07621988995635,0.0,102.21028845253507,102.21028845253507,254.07621988995635,17668.111797995873,0.0,0.13688363157085162,0.04072902259806924
Top_10_MarketCap,10,True,0.3,2015,17668.111797995873,0.05639618031650958,383.33806298078207,18664.525816807898,951.9846868368298,697.9084669468734,209.37254008406205,115.00141889423462,324.3739589782967,0.0,18340.1518578296,0.0,0.013837599218982092,0.23500521334826616
Top_10_MarketCap,10,True,0.3,2016,18340.1518578296,0.1429057803096794,334.09128168075165,20961.065570070758,174.58631852830263,174.58631852830263,52.375895558490825,100.2273845042255,152.60328006271632,0.0,20808.462290008043,0.0,0.11959912078710487,0.023463199627008813
Top_10_MarketCap,10,True,0.3,2017,20808.462290008043,0.300220893922323,347.00918558020794,27055.597439863206,514.4322257788049,514.4322257788049,154.32966773364143,104.10275567406238,258.4324234077038,0.0,26797.165016455503,0.0,0.2183160148270721,0.09315713464782659
Top_10_MarketCap,10,True,0.3,2018,26797.165016455503,0.0004948986737239606,365.8601417609649,26810.42689788171,603.0864968212569,603.0864968212569,180.92594904637707,109.75804252828947,290.68399157466655,0.0,26519.742906307045,2.2737367544323206e-13,-0.043842417452558714,0.16898166180223606
Top_10_MarketCap,10,True,0.3,2019,26519.742906307045,0.43605040473387346,338.7300665856535,38083.6875340405,1549.0258380968014,1549.0258380968014,464.70775142904046,101.61901997569605,566.3267714047365,0.0,37517.36076263576,0.0,0.3148637098683444,0.05031980465885652
Top_10_MarketCap,10,True,0.3,2020,37517.36076263576,0.39401372539905005,360.7933579942311,52299.715843862024,2502.288894539421,2502.288894539421,750.6866683618263,108.23800739826932,858.9246757600956,0.0,51440.79116810192,0.0,0.18398826898926857,0.09618605236417649
Top_10_MarketCap,10,True,0.3,2021,51440.79116810192,0.33397338919404557,317.2327590423305,68620.64653733604,4936.530149174733,4936.530149174733,1480.95904475242,95.16982771269915,1576.128872465119,0.0,67044.51766487089,0.0,0.2870536836204064,0.10680883405286656
Top_10_MarketCap,10,True,0.3,2022,67044.51766487089,-0.3461714893879832,280.6629950680846,43835.61712952358,-649.4111391947923,-649.4111391947923,0.0,84.19889852042539,84.19889852042539,649.4111391947923,43751.418231003154,0.0,-0.18110887480348867,0.1093091110840744
Top_10_MarketCap,10,True,0.3,2023,43751.418231003154,0.5098484530665155,434.9967571935631,66058.01113554626,2317.836173737403,1668.4250345426108,500.52751036278346,130.4990271580689,631.0265375208523,0.0,65426.98459802541,0.0,0.2628765887097365,0.1527206711884081
Top_10_MarketCap,10,True,0.3,2024,65426.98459802541,0.49478622839790737,366.75678437451944,97799.35554273038,800.7553977194585,800.7553977194585,240.22661931583758,110.02703531235584,350.25365462819343,0.0,97449.10188810219,0.0,0.2501967983593843,0.010525171094050632
Top_10_MarketCap_Quarterly,10,False,0.3,2005,10000.0,-0.012867574802446689,219.7126124851016,9871.324251975533,-344.51736046574104,0.0,0.0,0.0,0.0,0.0,9871.324251975533,7.958078640513122e-13,0.04911783501430919,0.2969133391232397
Top_10_MarketCap_Quarterly,10,False,0.3,2006,9871.324251975533,0.1742581368420522,281.68261551905584,11591.482824288554,73.37539082188614,0.0,0.0,0.0,0.0,0.0,11591.482824288552,0.0,0.15794463807112516,0.15614484855792465
Top_10_MarketCap_Quarterly,10,False,0.3,2007,11591.482824288554,0.028538278482113155,529.1634416989519,11922.283789148732,-362.2192389865845,0.0,0.0,0.0,0.0,0.0,11922.283789148732,0.0,0.054937263566210565,0.47944835039290923
Top_10_MarketCap_Quarterly,10,False,0.3,2008,11922.283789148732,-0.286497882208636,279.3928621790973,8506.574732467268,-1045.5140315023182,0.0,0.0,0.0,0.0,0.0,8506.574732467268,0.0,-0.3699761081938922,0.2912885741570495
Top_10_MarketCap_Quarterly,10,False,0.3,2009,8506.574732467268,0.11190323491716238,221.79180267920594,9458.48796309495,-1056.3955766920217,0.0,0.0,0.0,0.0,0.0,9458.487963094953,0.0,0.2646423212982973,0.43943661732857037
Top_10_MarketCap_Quarterly,10,False,0.3,2010,9458.48796309495,0.08822545388654794,175.61201466056218,10292.967356719453,121.5991442823388,0.0,0.0,0.0,0.0,0.0,10292.967356719455,2.6147972675971687e-12,0.15063401360544215,0.3199356583536548
Top_10_MarketCap_Quarterly,10,False,0.3,2011,10292.967356719453,0.10334882088236334,226.91489368942908,11356.733396417065,-149.14991627226016,0.0,0.0,0.0,0.0,0.0,11356.733396417063,0.0,0.02111820043608024,0.162439586286444
Top_10_MarketCap_Quarterly,10,False,0.3,2012,11356.733396417065,0.1406589324958791,320.7407152324825,12954.159392597388,660.6905944827623,0.0,0.0,0.0,0.0,0.0,12954.159392597388,0.0,0.1600322380427432,0.2278083271785442
Top_10_MarketCap_Quarterly,10,False,0.3,2013,12954.159392597388,0.2956617000007533,319.0287249852869,16784.20818069346,811.238949059446,0.0,0.0,0.0,0.0,0.0,16784.20818069346,0.0,0.32388478062960185,0.17073582096580156
Top_10_MarketCap_Quarterly,10,False,0.3,2014,16784.20818069346,0.14183342541117153,372.52522417648015,19164.76991977542,332.3603213741451,0.0,0.0,0.0,0.0,0.0,19164.76991977542,0.0,0.13688363157085162,0.1706483308249387
Top_10_MarketCap_Quarterly,10,False,0.3,2015,19164.76991977542,0.06106550738391283,408.1866580785086,20335.076318822456,995.6924435629224,0.0,0.0,0.0,0.0,0.0,20335.076318822456,7.048583938740194e-12,0.013837599218982092,0.24268140483584175
Top_10_MarketCap_Quarterly,10,False,0.3,2016,20335.076318822456,0.1376548491559819,375.23639183676585,23134.29818206534,671.1776387144196,0.0,0.0,0.0,0.0,0.0,23134.29818206534,6.536993168992922e-12,0.11959912078710487,0.2054829498466134
Top_10_MarketCap_Quarterly,10,False,0.3,2017,23134.29818206534,0.3318248190051165,386.31139002455177,30810.832489139568,1498.8009719589336,0.0,0.0,0.0,0.0,0.0,30810.832489139575,3.183231456205249e-12,0.2183160148270721,0.1579989447879909
Top_10_MarketCap_Quarterly,10,False,0.3,2018,30810.832489139568,0.00716491005611737,388.9828294192644,31031.58933267835,682.2162754463054,0.0,0.0,0.0,0.0,0.0,31031.589332678344,0.0,-0.043842417452558714,0.2391728011513696
Top_10_MarketCap_Quarterly,10,False,0.3,2019,31031.58933267835,0.43774977705938123,397.9356969894603,44615.66064485657,1660.59110601365,0.0,0.0,0.0,0.0,0.0,44615.66064485657,1.5347723092418164e-12,0.3148637098683444,0.05333193752469223
Top_10_MarketCap_Quarterly,10,False,0.3,2020,44615.66064485657,0.3806890151815049,417.91413958513607,61600.352557419246,3618.3048104501413,0.0,0.0,0.0,0.0,0.0,61600.352557419246,0.0,0.18398826898926857,0.18977739531787646
Top_10_MarketCap_Quarterly,10,False,0.3,2021,61600.352557419246,0.3618187471942043,372.22788801412037,83888.51494646598,3860.0739880189303,0.0,0.0,0.0,0.0,0.0,83888.51494646598,0.0,0.2870536836204064,0.09566270372375102
Top_10_MarketCap_Quarterly,10,False,0.3,2022,83888.51494646598,-0.34221057378224456,370.36947854770074,55180.97811289546,-2067.7253422662993,0.0,0.0,0.0,0.0,0.0,55180.97811289544,0.0,-0.18110887480348867,0.17552213287707766
Top_10_MarketCap_Quarterly,10,False,0.3,2023,55180.97811289546,0.511357991363913,482.7781196817715,83398.21224220173,2645.3055583257046,0.0,0.0,0.0,0.0,0.0,83398.21224220173,0.0,0.2628765887097365,0.19311059165861671
Top_10_MarketCap_Quarterly,10,False,0.3,2024,83398.21224220173,0.4663027736197948,461.0010198698852,122287.02992567272,2810.271609636939,0.0,0.0,0.0,0.0,0.0,122287.02992567269,0.0,0.2501967983593843,0.1276616759810345
Top_10_MarketCap_Quarterly,10,True,0.3,2005,10000.0,-0.0177745541861972,219.15984842542844,9822.254458138028,-344.38512225268084,-344.38512225268084,0.0,65.74795452762854,65.74795452762854,344.3851222526808,9805.211143235098,0.0,0.04911783501430919,0.29531542774934605
Top_10_MarketCap_Quarterly,10,True,0.3,2006,9805.211143235098,0.16703873589404164,278.91919028143843,11443.06121777526,74.53265621288766,-269.8524660397931,0.0,83.67575708443152,83.67575708443152,269.8524660397931,11421.876759566705,0.0,0.15794463807112516,0.1535065836285115
Top_10_MarketCap_Quarterly,10,True,0.3,2007,11421.876759566705,0.016827922628415228,519.2213222143401,11614.083217947988,-344.75046281625583,-614.602928856049,0.0,155.76639666430202,155.76639666430202,614.602928856049,11592.279593491701,0.0,0.054937263566210565,0.47535425401629494
Top_10_MarketCap_Quarterly,10,True,0.3,2008,11592.279593491701,-0.29081441264967,270.8404526501133,8221.077612239656,-1011.6924182367027,-1626.2953470927516,0.0,81.25213579503401,81.25213579503401,1626.2953470927519,8200.20993830873,0.0,-0.3699761081938922,0.2935951510805376
Top_10_MarketCap_Quarterly,10,True,0.3,2009,8200.20993830873,0.10440288848234708,213.12888097690276,9056.33554202981,-1023.2921945937268,-2649.5875416864787,0.0,63.93866429307082,63.93866429307082,2649.5875416864787,9044.430235831147,0.0,0.2646423212982973,0.4386823283094132
Top_10_MarketCap_Quarterly,10,True,0.3,2010,9044.430235831147,0.08370040290508035,167.56866368974903,9801.452690617105,117.53743039827822,-2532.0501112882007,0.0,50.270599106924706,50.270599106924706,2532.0501112882007,9787.820817510163,2.6147972675971687e-12,0.15063401360544215,0.32030946635663315
Top_10_MarketCap_Quarterly,10,True,0.3,2011,9787.820817510163,0.09822190354986975,215.27086761325648,10749.199209811053,-137.62329380877785,-2669.6734050969785,0.0,64.58126028397693,64.58126028397693,2669.6734050969785,10731.910747995713,2.4655832930875476e-12,0.02111820043608024,0.16182801667634616
Top_10_MarketCap_Quarterly,10,True,0.3,2012,10731.910747995713,0.13472274344910495,302.2694881420938,12177.743206416631,627.7394928889092,-2041.9339122080692,0.0,90.68084644262815,90.68084644262815,2041.9339122080692,12152.620014356333,1.3642420526593924e-12,0.1600322380427432,0.2249019677257139
Top_10_MarketCap_Quarterly,10,True,0.3,2013,12152.620014356333,0.28931122588714386,298.52944544884343,15668.509408450403,765.2720269158099,-1276.6618852922593,0.0,89.55883363465304,89.55883363465304,1276.6618852922593,15644.579747159629,0.0,0.32388478062960185,0.16813820625668757
Top_10_MarketCap_Quarterly,10,True,0.3,2014,15644.579747159629,0.13655940127607205,346.40901811203867,17780.99419064751,325.4766509259746,-951.1852343662847,0.0,103.9227054336116,103.9227054336116,951.1852343662847,17754.232894122943,0.0,0.13688363157085162,0.16972982991366375
Top_10_MarketCap_Quarterly,10,True,0.3,2015,17754.232894122943,0.05582739152800563,377.2275213799596,18745.40540518254,934.5743401621899,-16.610894204094848,0.0,113.16825641398786,113.16825641398786,16.610894204094848,18718.3156570458,6.59383658785373e-12,0.013837599218982092,0.24151316589981411
Top_10_MarketCap_Quarterly,10,True,0.3,2016,18718.3156570458,0.1246892424595911,342.7828709766351,21052.288256442345,693.8625346985043,677.2516404944095,203.17549214832286,102.83486129299051,306.0103534413134,0.0,20965.711183569263,0.0,0.11959912078710487,0.20663535577909112
Top_10_MarketCap_Quarterly,10,True,0.3,2017,20965.711183569263,0.3186717716094177,348.35701255399795,27646.89150948866,1555.7304631836707,1555.7304631836707,466.71913895510124,104.50710376619938,571.2262427213007,0.0,27311.804640276983,0.0,0.2183160148270721,0.16026933161361911
Top_10_MarketCap_Quarterly,10,True,0.3,2018,27311.804640276983,2.4616028389554558e-05,343.36333076019895,27312.47694843538,764.7680706692922,764.7680706692922,229.43042120078763,103.00899922805968,332.4394204288473,0.0,27187.995206725445,0.0,-0.043842417452558714,0.24174207349119586
Top_10_MarketCap_Quarterly,10,True,0.3,2019,27187.995206725445,0.4343142394724204,348.2185594930021,38996.12866771422,1715.1571467613085,1715.1571467613085,514.5471440283924,104.46556784790062,619.0127118762931,0.0,38455.63848555378,0.0,0.3148637098683444,0.054782386552721614
Top_10_MarketCap_Quarterly,10,True,0.3,2020,38455.63848555378,0.37117239102036226,358.96543945667514,52729.309770451444,3430.7720534088767,3430.7720534088767,1029.231616022663,107.68963183700254,1136.9212478596655,0.0,51887.99714194953,0.0,0.18398826898926857,0.18770489794843292
Top_10_MarketCap_Quarterly,10,True,0.3,2021,51887.99714194953,0.34701543281675934,311.82830541135496,69893.93292815791,4111.520961561106,4111.520961561106,1233.4562884683328,93.54849162340649,1327.0047800917391,0.0,69211.76775745697,0.0,0.2870536836204064,0.1019462819490836
Top_10_MarketCap_Quarterly,10,True,0.3,2022,69211.76775745697,-0.342479904937921,305.13526395722283,45508.12811529764,-1530.9094811098532,-1530.9094811098532,0.0,91.54057918716686,91.54057918716686,1530.9094811098537,45480.876460379826,0.0,-0.18110887480348867,0.17801300589774474
Top_10_MarketCap_Quarterly,10,True,0.3,2023,45480.876460379826,0.5090580306495336,397.6030963900163,68633.28186351551,2403.39178968641,872.4823085765563,261.7446925729675,119.28092891700486,381.02562148997237,0.0,68342.02272739346,0.0,0.2628765887097365,0.1943943472126352
Top_10_MarketCap_Quarterly,10,True,0.3,2024,68342.02272739346,0.45571575039501655,377.0018906101602,99486.55889812084,2945.637892898754,2945.637892898754,883.6913678696261,113.10056718304806,996.7919350526743,0.0,99143.93107443518,0.0,0.2501967983593843,0.13104775828178553
World_Top_3_MarketCap,3,False,0.3,2005,10000.0,0.03206332610481659,201.70711214180096,10320.633261048166,-0.40109022817334505,0.0,0.0,0.0,0.0,0.0,10320.633261048166,0.0,0.04911783501430919,0.011554954706342786
World_Top_3_MarketCap,3,False,0.3,2006,10320.633261048166,0.22061350434972596,233.69608125118955,12597.504331876342,157.03554359258538,0.0,0.0,0.0,0.0,0.0,12597.504331876344,1.5347723092418164e-12,0.15794463807112516,0.04692781668009011
World_Top_3_MarketCap,3,False,0.3,2007,12597.504331876342,0.1602209197826299,264.33305936288536,14615.888062895234,61.27818585185696,0.0,0.0,0.0,0.0,0.0,14615.888062895236,1.1937117960769683e-12,0.054937263566210565,0.025850726770168066
World_Top_3_MarketCap,3,False,0.3,2008,14615.888062895234,-0.3407115404397574,303.48487484437845,9636.086326091137,-3182.316560002973,0.0,0.0,0.0,0.0,0.0,9636.086326091137,0.0,-0.3699761081938922,0.5003817223765284
World_Top_3_MarketCap,3,False,0.3,2009,9636.086326091137,-0.06564894382996621,213.70893450027415,9003.487436128875,-99.41983271628197,0.0,0.0,0.0,0.0,0.0,9003.487436128873,0.0,0.2646423212982973,0.5757607462082185
World_Top_3_MarketCap,3,False,0.3,2010,9003.487436128875,0.16118585198999683,146.66037987650483,10454.72222940254,57.716462306627506,0.0,0.0,0.0,0.0,0.0,10454.72222940254,0.0,0.15063401360544215,0.02295328332446119
World_Top_3_MarketCap,3,False,0.3,2011,10454.72222940254,0.14415315273551113,172.58382388136937,11961.803399744947,124.47430261446927,0.0,0.0,0.0,0.0,0.0,11961.803399744947,6.821210263296962e-13,0.02111820043608024,0.029654184359836678
World_Top_3_MarketCap,3,False,0.3,2012,11961.803399744947,0.1493200091162601,274.25974076355146,13747.939992441774,-228.83123576875147,0.0,0.0,0.0,0.0,0.0,13747.939992441776,1.8189894035458565e-12,0.1600322380427432,0.26864002019888095
World_Top_3_MarketCap,3,False,0.3,2013,13747.939992441774,0.2502866200183595,251.15003594458727,17188.865425365257,250.42143549484615,0.0,0.0,0.0,0.0,0.0,17188.865425365257,0.0,0.32388478062960185,0.04678920808456464
World_Top_3_MarketCap,3,False,0.3,2014,17188.865425365257,0.12242087638034244,297.4218663920543,19293.14139472224,2525.0980937357986,0.0,0.0,0.0,0.0,0.0,19293.14139472224,0.0,0.13688363157085162,0.32370415702570277
World_Top_3_MarketCap,3,False,0.3,2015,19293.14139472224,0.01455544314765979,479.8306693937817,19573.96161743288,35.238362840475446,0.0,0.0,0.0,0.0,0.0,19573.96161743288,0.0,0.013837599218982092,0.023317639839716162
World_Top_3_MarketCap,3,False,0.3,2016,19573.96161743288,0.14927087287020385,536.8971794858669,22495.783953594953,1909.9153392073058,0.0,0.0,0.0,0.0,0.0,22495.783953594953,1.8189894035458565e-12,0.11959912078710487,0.27898870537879344
World_Top_3_MarketCap,3,False,0.3,2017,22495.783953594953,0.475676414057366,389.0655049381228,33196.49779605024,677.1775400836931,0.0,0.0,0.0,0.0,0.0,33196.497796050244,2.9558577807620168e-12,0.2183160148270721,0.03067557811001757
World_Top_3_MarketCap,3,False,0.3,2018,33196.49779605024,0.1282743784812277,437.6117340338128,37454.757918592026,80.53635268872934,0.0,0.0,0.0,0.0,0.0,37454.757918592026,0.0,-0.043842417452558714,0.010135470923286913
World_Top_3_MarketCap,3,False,0.3,2019,37454.757918592026,0.5670325010700076,487.7428595658961,58692.82297814293,1022.7324380730424,0.0,0.0,0.0,0.0,0.0,58692.82297814294,9.777068044058979e-12,0.3148637098683444,0.023571891950273306
World_Top_3_MarketCap,3,False,0.3,2020,58692.82297814293,0.659946118105643,524.1933237741454,97426.92366323005,898.0192812575982,0.0,0.0,0.0,0.0,0.0,97426.92366323005,0.0,0.18398826898926857,0.014483210299450435
World_Top_3_MarketCap,3,False,0.3,2021,97426.92366323005,0.31680157573378454,586.6087679547711,128291.92659863646,23939.977663489837,0.0,0.0,0.0,0.0,0.0,128291.92659863646,7.275957614183426e-12,0.2870536836204064,0.24462735388993484
World_Top_3_MarketCap,3,False,0.3,2022,128291.92659863646,-0.3005050809338823,606.6295905942671,89739.55081294953,773.3124080317368,0.0,0.0,0.0,0.0,0.0,89739.55081294953,0.0,-0.18110887480348867,0.012527375825119409
World_Top_3_MarketCap,3,False,0.3,2023,89739.55081294953,0.5438724800410933,651.2923483497232,138546.4228713621,-551.7647392317376,0.0,0.0,0.0,0.0,0.0,138546.4228713621,0.0,0.2628765887097365,0.23414258342770056
World_Top_3_MarketCap,3,False,0.3,2024,138546.4228713621,0.5190504126151807,758.460808116477,210459.0008290999,3500.052970009445,0.0,0.0,0.0,0.0,0.0,210459.00082909994,0.0,0.2501967983593843,0.0281475514996629
World_Top_3_MarketCap,3,True,0.3,2005,10000.0,0.03206332610481659,201.70711214180096,10320.633261048166,-0.769843623836266,-0.769843623836266,0.0,60.512133642540284,60.512133642540284,0.769843623836266,10260.121127405626,0.0,0.04911783501430919,0.01026252469859811
World_Top_3_MarketCap,3,True,0.3,2006,10260.121127405626,0.22061350434972604,232.32586993346138,12523.642404375243,171.44412372531534,170.67428010147907,51.202284030443735,69.69776098003841,120.90004501048215,0.0,12402.742359364762,0.0,0.15794463807112516,0.04579812288193857
World_Top_3_MarketCap,3,True,0.3,2007,12402.742359364762,0.1602209197925089,260.2463746910686,14389.921148131696,67.15026953926693,67.15026953926693,20.14508086178006,78.07391240732058,98.21899326910064,0.0,14291.702154862594,0.0,0.054937263566210565,0.024337848876729865
World_Top_3_MarketCap,3,True,0.3,2008,14291.702154862594,-0.3407115404391072,296.75346589175683,9422.354298182452,-3092.9454536968396,-3092.9454536968396,0.0,89.02603976752705,89.02603976752705,3092.9454536968396,9333.328258414924,0.0,-0.3699761081938922,0.5002293290552252
World_Top_3_MarketCap,3,True,0.3,2009,9333.328258414924,-0.06564894382996624,206.9943719834093,8720.605115831606,-89.93837894234204,-3182.8838326391815,0.0,62.09831159502279,62.09831159502279,3182.8838326391815,8658.506804236582,0.0,0.2646423212982973,0.5751367522821057
World_Top_3_MarketCap,3,True,0.3,2010,8658.506804236582,0.161185851989997,141.04089177455734,10054.135600438642,60.44679155492237,-3122.437041084259,0.0,42.3122675323672,42.3122675323672,3122.437041084259,10011.823332906275,0.0,0.15063401360544215,0.022268187775174836
World_Top_3_MarketCap,3,True,0.3,2011,10011.823332906275,0.14415315273551124,165.27256457931017,11455.059230975668,135.09414650880564,-2987.342894575453,0.0,49.58176937379305,49.58176937379305,2987.342894575453,11405.477461601875,0.0,0.02111820043608024,0.03067682194263874
World_Top_3_MarketCap,3,True,0.3,2012,11405.477461601875,0.14932000911626014,261.5043223307078,13108.543460143566,-210.81224549732906,-3198.155140072782,0.0,78.45129669921234,78.45129669921234,3198.155140072782,13030.092163444353,0.0,0.1600322380427432,0.2675576726054952
World_Top_3_MarketCap,3,True,0.3,2013,13030.092163444353,0.2502866200183596,238.0362524865156,16291.349889560555,245.18779929273973,-2952.9673407800424,0.0,71.41087574595467,71.41087574595467,2952.9673407800424,16219.939013814601,0.0,0.32388478062960185,0.04590209921134057
World_Top_3_MarketCap,3,True,0.3,2014,16219.939013814601,0.12242087638034231,280.6563676468787,18205.59816272149,2408.267052820896,-544.7002879591464,0.0,84.19691029406361,84.19691029406361,544.7002879591464,18121.401252427422,0.0,0.13688363157085162,0.32331875858240744
World_Top_3_MarketCap,3,True,0.3,2015,18121.401252427422,0.014555443147660063,450.688869967241,18385.166278113065,40.256928223391476,-504.44335973575494,0.0,135.20666099017228,135.20666099017228,504.44335973575494,18249.95961712289,0.0,0.013837599218982092,0.022032884487597833
World_Top_3_MarketCap,3,True,0.3,2016,18249.95961712289,0.14927087287020405,500.5809266243623,20974.1470190168,1829.3642850644464,1324.9209253286915,397.47627759860745,150.17427798730867,547.6505555859161,0.0,20426.49646343088,0.0,0.11959912078710487,0.26593333404261066
World_Top_3_MarketCap,3,True,0.3,2017,20426.49646343088,0.47567641405736627,353.27709303464843,30142.899052911158,717.5862576529022,717.5862576529022,215.27587729587063,105.98312791039453,321.25900520626516,0.0,29821.640047704896,0.0,0.2183160148270721,0.029491370653112237
World_Top_3_MarketCap,3,True,0.3,2018,29821.640047704896,0.12827437847213166,393.1227834222974,33646.99238984387,95.23506109526399,95.23506109526399,28.57051832857917,117.93683502668921,146.50735335526838,0.0,33500.48503648861,2.842170943040401e-14,-0.043842417452558714,0.009316552657121807
World_Top_3_MarketCap,3,True,0.3,2019,33500.48503648861,0.5670325010610499,436.24957885784863,52496.34885348702,1065.5204557616487,1065.5204557616487,319.65613672849463,130.87487365735458,450.5310103858492,0.0,52045.81784310118,1.1368683772161603e-13,0.3148637098683444,0.022480941918415178
World_Top_3_MarketCap,3,True,0.3,2020,52045.81784310118,0.6599461181073165,464.82804643568215,86393.2532923763,1066.7198938727945,1066.7198938727945,320.0159681618383,139.44841393070465,459.46438209254296,0.0,85933.78891028377,0.0,0.18398826898926857,0.015404351959041716
World_Top_3_MarketCap,3,True,0.3,2021,85933.78891028377,0.31680157570714024,517.4084548528738,113157.74864354644,26846.005489630516,26846.005489630516,8053.801646889155,155.22253645586213,8209.024183345016,0.0,104948.72446020141,0.0,0.2870536836204064,0.26298749746277394
World_Top_3_MarketCap,3,True,0.3,2022,104948.72446020141,-0.3005050809009781,496.251038267102,73411.09952583413,778.1507882789427,778.1507882789427,233.4452364836828,148.8753114801306,382.3205479638134,0.0,73028.7789778703,0.0,-0.18110887480348867,0.012027984466539736
World_Top_3_MarketCap,3,True,0.3,2023,73028.7789778703,0.5438724800359875,530.0125143187767,112747.12211456461,-501.7704015950767,-501.7704015950767,0.0,159.003754295633,159.003754295633,501.7704015950767,112588.11836026897,0.0,0.2628765887097365,0.23343744894775878
World_Top_3_MarketCap,3,True,0.3,2024,112588.11836026897,0.5190504126151813,616.3542404492803,171027.02765073345,3044.7527567060724,2542.9823551109957,762.8947065332987,184.90627213478407,947.8009786680828,0.0,170079.22667206533,0.0,0.2501967983593843,0.027233586436785338
World_Top_3_MarketCap_Quarterly,3,False,0.3,2005,10000.0,0.03204070682611236,203.2217971705909,10320.407068261124,-1.267003597916009,0.0,0.0,0.0,0.0,0.0,10320.407068261124,0.0,0.04911783501430919,0.01547707586085636
World_Top_3_MarketCap_Quarterly,3,False,0.3,2006,10320.407068261124,0.15806184674103835,244.5815529264948,11951.669668589742,-328.71322844092094,0.0,0.0,0.0,0.0,0.0,11951.66966858974,0.0,0.15794463807112516,0.5785301516678992
World_Top_3_MarketCap_Quarterly,3,False,0.3,2007,11951.669668589742,0.16194072774153245,252.7335308343869,13887.131752447565,65.94122514660938,0.0,0.0,0.0,0.0,0.0,13887.131752447563,0.0,0.054937263566210565,0.030333953758069236
World_Top_3_MarketCap_Quarterly,3,False,0.3,2008,13887.131752447565,-0.3958079127612464,289.4211783503167,8390.495119270865,-3713.5130108268645,0.0,0.0,0.0,0.0,0.0,8390.495119270865,9.094947017729282e-13,-0.3699761081938922,1.2904310500138299
World_Top_3_MarketCap_Quarterly,3,False,0.3,2009,8390.495119270865,-0.018927464601790782,166.14526754678408,8231.684319909367,-261.1656883859067,0.0,0.0,0.0,0.0,0.0,8231.68431990937,2.2737367544323206e-12,0.2646423212982973,1.0594470636588165
World_Top_3_MarketCap_Quarterly,3,False,0.3,2010,8231.684319909367,0.16342118647574821,134.9366208251793,9576.915938162769,69.09667734276965,0.0,0.0,0.0,0.0,0.0,9576.915938162769,0.0,0.15063401360544215,0.029011458312627518
World_Top_3_MarketCap_Quarterly,3,False,0.3,2011,9576.915938162769,0.12657580765721727,160.24288918516328,10789.121807900998,185.48530380602347,0.0,0.0,0.0,0.0,0.0,10789.121807900996,0.0,0.02111820043608024,0.5248683072114567
World_Top_3_MarketCap_Quarterly,3,False,0.3,2012,10789.121807900998,0.14793417824712318,249.03808432453582,12385.201676560948,213.6450615555089,0.0,0.0,0.0,0.0,0.0,12385.201676560948,0.0,0.1600322380427432,0.27635432920764197
World_Top_3_MarketCap_Quarterly,3,False,0.3,2013,12385.201676560948,0.14736532838454233,224.18339716592638,14210.350988736136,3734.3220425879604,0.0,0.0,0.0,0.0,0.0,14210.35098873614,9.094947017729282e-13,0.32388478062960185,1.0368529713292964
World_Top_3_MarketCap_Quarterly,3,False,0.3,2014,14210.350988736136,0.12033635162624806,274.7153092043824,15920.37278204909,1287.3293194799776,0.0,0.0,0.0,0.0,0.0,15920.37278204909,9.094947017729282e-13,0.13688363157085162,1.1822766513125567
World_Top_3_MarketCap_Quarterly,3,False,0.3,2015,15920.37278204909,0.019276675821176516,320.7400479762389,16227.264647120932,-586.1056322435757,0.0,0.0,0.0,0.0,0.0,16227.264647120934,0.0,0.013837599218982092,1.136631995138032
World_Top_3_MarketCap_Quarterly,3,False,0.3,2016,16227.264647120932,0.10483285912795488,406.25192536401875,17928.415195904603,556.386301816893,0.0,0.0,0.0,0.0,0.0,17928.4151959046,0.0,0.11959912078710487,0.2966281197679855
World_Top_3_MarketCap_Quarterly,3,False,0.3,2017,17928.415195904603,0.41702253498449987,310.7686555821868,25404.96834915537,1641.1311504396306,0.0,0.0,0.0,0.0,0.0,25404.968349155366,0.0,0.2183160148270721,0.5547649475636329
World_Top_3_MarketCap_Quarterly,3,False,0.3,2018,25404.96834915537,0.12743321436046398,336.34017825727585,28642.40512661409,45.66000881122912,0.0,0.0,0.0,0.0,0.0,28642.405126614092,4.149569576838985e-12,-0.043842417452558714,0.012677640674845569
World_Top_3_MarketCap_Quarterly,3,False,0.3,2019,28642.40512661409,0.5693536034225752,374.4497976944542,44950.06169614106,741.1054832506601,0.0,0.0,0.0,0.0,0.0,44950.06169614106,0.0,0.3148637098683444,0.02637093327565556
World_Top_3_MarketCap_Quarterly,3,False,0.3,2020,44950.06169614106,0.6622971399590998,402.6823716103696,74720.35899848037,736.7140741875517,0.0,0.0,0.0,0.0,0.0,74720.35899848037,9.094947017729282e-13,0.18398826898926857,0.017839508374383323
World_Top_3_MarketCap_Quarterly,3,False,0.3,2021,74720.35899848037,0.33339401456753115,447.87164131648643,99631.67945491089,14607.38285699238,0.0,0.0,0.0,0.0,0.0,99631.6794549109,8.29913915367797e-12,0.2870536836204064,0.27026241681801405
World_Top_3_MarketCap_Quarterly,3,False,0.3,2022,99631.67945491089,-0.30097457434061736,472.101545917987,69645.07714012825,676.4764824054621,0.0,0.0,0.0,0.0,0.0,69645.07714012825,4.661160346586257e-12,-0.18110887480348867,0.014248369490400675
World_Top_3_MarketCap_Quarterly,3,False,0.3,2023,69645.07714012825,0.54470623709208,506.63773891333045,107581.18504111515,1381.3829621171549,0.0,0.0,0.0,0.0,0.0,107581.18504111517,1.0913936421275139e-11,0.2628765887097365,0.23511413253530258
World_Top_3_MarketCap_Quarterly,3,False,0.3,2024,107581.18504111515,0.5197319707365509,589.8308446563143,163494.56635670748,2831.747926371731,0.0,0.0,0.0,0.0,0.0,163494.56635670748,0.0,0.2501967983593843,0.029431367376548397
World_Top_3_MarketCap_Quarterly,3,True,0.3,2005,10000.0,0.02756420516579692,202.7701882896297,10275.64205165797,-1.3593879928285393,-1.3593879928285393,0.0,60.8310564868889,60.8310564868889,1.3593879928285393,10259.58001408021,4.440892098500626e-13,0.04911783501430919,0.012960612921870163
World_Top_3_MarketCap_Quarterly,3,True,0.3,2006,10259.58001408021,0.1520113090291008,242.51194387480544,11819.152202109342,-322.83260981445085,-324.1919978072794,0.0,72.75358316244163,72.75358316244163,324.1919978072794,11801.59501071125,5.115907697472721e-13,0.15794463807112516,0.5784032206820748
World_Top_3_MarketCap_Quarterly,3,True,0.3,2007,11801.59501071125,0.15677679168294048,248.9784459521735,13651.811213231957,66.10564913523422,-258.0863486720452,0.0,74.69353378565205,74.69353378565205,258.0863486720452,13631.93980709854,2.2737367544323206e-13,0.054937263566210565,0.02778591060338867
World_Top_3_MarketCap_Quarterly,3,True,0.3,2008,13631.93980709854,-0.3993877245626048,283.3140073598526,8187.5103861670605,-3619.2511377198293,-3877.3374863918743,0.0,84.99420220795578,84.99420220795578,3877.337486391874,8167.04246944799,2.2737367544323206e-13,-0.3699761081938922,1.29103214900476
World_Top_3_MarketCap_Quarterly,3,True,0.3,2009,8167.04246944799,-0.02432933260929109,161.3081292921947,7968.343776774584,-250.5706163026387,-4127.908102694512,0.0,48.392438787658406,48.392438787658406,4127.908102694512,7959.2079324785755,1.3642420526593924e-12,0.2646423212982973,1.0605498698807536
World_Top_3_MarketCap_Quarterly,3,True,0.3,2010,7959.2079324785755,0.1591280768976226,130.22396031111154,9225.741384402194,68.98058439385453,-4058.927518300658,0.0,39.067188093333456,39.067188093333456,4058.927518300658,9215.298683462548,2.842170943040401e-14,0.15063401360544215,0.027414224334783455
World_Top_3_MarketCap_Quarterly,3,True,0.3,2011,9215.298683462548,0.12257972870840929,153.9147954932733,10344.907496048349,189.4433683145125,-3869.4841499861454,0.0,46.17443864798198,46.17443864798198,3869.4841499861454,10332.663560316712,0.0,0.02111820043608024,0.5251550765328812
World_Top_3_MarketCap_Quarterly,3,True,0.3,2012,10332.663560316712,0.14364748649273973,238.01721070280047,11816.924709531331,208.49655186079036,-3660.987598125355,0.0,71.40516321084013,71.40516321084013,3660.987598125355,11794.334114940471,1.8189894035458565e-12,0.1600322380427432,0.2741391788505137
World_Top_3_MarketCap_Quarterly,3,True,0.3,2013,11794.334114940471,0.1426471345455831,213.04388371439703,13476.762080309945,3608.376561563014,-52.611036562340814,0.0,63.9131651143191,63.9131651143191,52.61103656234036,13460.041638864623,0.0,0.32388478062960185,1.0363960338973404
World_Top_3_MarketCap_Quarterly,3,True,0.3,2014,13460.041638864623,0.08224648510492734,253.08515125234624,14567.082753027204,1245.6235829401248,1193.0125463777845,357.90376391333535,75.92554537570388,433.82930928903926,0.0,14578.781812166842,0.0,0.13688363157085162,1.1904717286647153
World_Top_3_MarketCap_Quarterly,3,True,0.3,2015,14578.781812166842,0.014115810126200494,293.04179734331433,14784.573128098695,-525.8765197194091,-525.8765197194091,0.0,87.9125392029943,87.9125392029943,525.8765197194093,14767.608766877118,0.0,0.013837599218982092,1.1371948665485263
World_Top_3_MarketCap_Quarterly,3,True,0.3,2016,14767.608766877118,0.09834025023797931,368.7119753810993,16219.85910842839,514.9614812718827,-10.915038447526626,0.0,110.61359261432979,110.61359261432979,10.915038447526626,16199.93303049961,1.0516032489249483e-12,0.11959912078710487,0.29514561944151824
World_Top_3_MarketCap_Quarterly,3,True,0.3,2017,16199.93303049961,0.39583516504597444,279.49418895600456,22612.436195361155,1629.5140994309422,1618.5990609834157,485.5797182950247,83.84825668680135,569.4279749818261,0.0,22351.902592827762,0.0,0.2183160148270721,0.5554679230254517
World_Top_3_MarketCap_Quarterly,3,True,0.3,2018,22351.902592827762,0.12474917011526873,295.546701928719,25140.28389178035,45.36282538433092,45.36282538433092,13.608847615299275,88.66401057861572,102.27285819391498,0.0,25104.120143473723,0.0,-0.043842417452558714,0.011339076026535753
World_Top_3_MarketCap_Quarterly,3,True,0.3,2019,25104.120143473723,0.5657695858010221,327.804579546838,39307.26779894595,717.0682333568859,717.0682333568859,215.12047000706576,98.34137386405139,313.46184387111714,0.0,39066.337656769276,0.0,0.3148637098683444,0.024449024754686174
World_Top_3_MarketCap_Quarterly,3,True,0.3,2020,39066.337656769276,0.6596262119817825,349.6659061983291,64835.51798130526,775.87659251656,775.87659251656,232.76297775496798,104.89977185949871,337.6627496144667,0.0,64575.27324749318,1.1368683772161603e-13,0.18398826898926857,0.017730921966509362
World_Top_3_MarketCap_Quarterly,3,True,0.3,2021,64575.27324749318,0.2491726980742199,380.61299473583097,80665.66831145105,15675.815201981279,15675.815201981279,4702.744560594381,114.1838984207493,4816.928459015131,0.0,80417.45999437339,0.0,0.2870536836204064,0.2856071747300486
World_Top_3_MarketCap_Quarterly,3,True,0.3,2022,80417.45999437339,-0.3018894617450303,380.8133424363841,56140.276281769504,621.2454548511876,621.2454548511876,186.37363645535626,114.24400273091523,300.6176391862715,0.0,55924.00011942072,0.0,-0.18110887480348867,0.01322427318079494
World_Top_3_MarketCap_Quarterly,3,True,0.3,2023,55924.00011942072,0.5428469535152299,406.5694991963694,86282.17321263361,1081.806697339637,1081.806697339637,324.54200920189106,121.97084975891084,446.5128589608019,0.0,85925.60318527628,0.0,0.2628765887097365,0.2325394680895801
World_Top_3_MarketCap_Quarterly,3,True,0.3,2024,85925.60318527628,0.518297563580452,470.8677681874385,130460.6339653857,2432.7218470992757,2432.7218470992757,729.8165541297827,141.26033045623154,871.0768845860143,0.0,129698.06579061848,0.0,0.2501967983593843,0.028139392542392457
World_Top_5_MarketCap,5,False,0.3,2005,10000.0,0.011621092756974758,244.527028116151,10116.210927569748,-219.88629386904762,0.0,0.0,0.0,0.0,0.0,10116.21092756975,0.0,0.04911783501430919,0.15927710733951173
World_Top_5_MarketCap,5,False,0.3,2006,10116.210927569748,0.19204018717914725,282.781631487557,12058.929967643977,196.03588917370337,0.0,0.0,0.0,0.0,0.0,12058.929967643977,2.2737367544323206e-13,0.15794463807112516,0.18526983793310578
World_Top_5_MarketCap,5,False,0.3,2007,12058.929967643977,-0.0013368321117761632,282.53648092759687,12042.80920282957,-454.6112492710299,0.0,0.0,0.0,0.0,0.0,12042.809202829569,0.0,0.054937263566210565,0.1769632566229817
World_Top_5_MarketCap,5,False,0.3,2008,12042.80920282957,-0.3425267135115658,289.665563476304,7917.8253451375185,-2238.7520381318736,0.0,0.0,0.0,0.0,0.0,7917.8253451375185,0.0,-0.3699761081938922,0.5103986411048319
World_Top_5_MarketCap,5,False,0.3,2009,7917.8253451375185,-0.031679475374129046,207.43237060716228,7666.99279209958,-1445.6160142105123,0.0,0.0,0.0,0.0,0.0,7666.992792099579,0.0,0.2646423212982973,0.7086945995785104
World_Top_5_MarketCap,5,False,0.3,2010,7666.99279209958,0.17458779704953536,181.61457663723843,9005.556173666911,167.97986015662082,0.0,0.0,0.0,0.0,0.0,9005.556173666911,2.2737367544323206e-13,0.15063401360544215,0.1748026869385188
World_Top_5_MarketCap,5,False,0.3,2011,9005.556173666911,0.06352183340748536,180.34071800372078,9577.605612672332,130.14633603698255,0.0,0.0,0.0,0.0,0.0,9577.605612672332,2.2737367544323206e-13,0.02111820043608024,0.3326636913216087
World_Top_5_MarketCap,5,False,0.3,2012,9577.605612672332,0.10841568179961517,248.49947562589,10615.968255178024,81.79248890135494,0.0,0.0,0.0,0.0,0.0,10615.968255178024,0.0,0.1600322380427432,0.33162939553395354
World_Top_5_MarketCap,5,False,0.3,2013,10615.968255178024,0.29350831046985687,196.3039576548437,13731.84316175696,145.20116539463038,0.0,0.0,0.0,0.0,0.0,13731.843161756962,0.0,0.32388478062960185,0.03945338375447377
World_Top_5_MarketCap,5,False,0.3,2014,13731.84316175696,0.17372169111408206,229.9813898149183,16117.362177930723,1184.003660507503,0.0,0.0,0.0,0.0,0.0,16117.362177930723,1.8189894035458565e-12,0.13688363157085162,0.1953686038312781
World_Top_5_MarketCap,5,False,0.3,2015,16117.362177930723,-0.010394771035325637,337.65253274744464,15949.825888397716,772.4193927818717,0.0,0.0,0.0,0.0,0.0,15949.825888397716,0.0,0.013837599218982092,0.3381036994369757
World_Top_5_MarketCap,5,False,0.3,2016,15949.825888397716,0.1350484298734693,297.63678062225335,18103.82483138104,157.76752244183143,0.0,0.0,0.0,0.0,0.0,18103.824831381044,2.1600499167107046e-12,0.11959912078710487,0.02838897727544753
World_Top_5_MarketCap,5,False,0.3,2017,18103.82483138104,0.4003178340265963,313.7654083832952,25351.10877547641,1429.496087556512,0.0,0.0,0.0,0.0,0.0,25351.108775476412,0.0,0.2183160148270721,0.15693360364044284
World_Top_5_MarketCap,5,False,0.3,2018,25351.10877547641,0.04301331017174647,226.14371242164685,26441.54388043366,1343.3198119892322,0.0,0.0,0.0,0.0,0.0,26441.543880433663,1.3642420526593924e-12,-0.043842417452558714,0.16429761903009063
World_Top_5_MarketCap,5,False,0.3,2019,26441.54388043366,0.4534614923013197,234.5725831124003,38431.765827205934,1828.1656929875685,0.0,0.0,0.0,0.0,0.0,38431.76582720594,0.0,0.3148637098683444,0.15626705981165606
World_Top_5_MarketCap,5,False,0.3,2020,38431.765827205934,0.5545491017130983,236.85509063665563,59744.067043931136,695.2744341816108,0.0,0.0,0.0,0.0,0.0,59744.067043931136,0.0,0.18398826898926857,0.038788973383620716
World_Top_5_MarketCap,5,False,0.3,2021,59744.067043931136,0.3574399263297438,269.789850511886,81098.98196675316,4510.656579500948,0.0,0.0,0.0,0.0,0.0,81098.98196675317,7.275957614183426e-12,0.2870536836204064,0.11564807482548241
World_Top_5_MarketCap,5,False,0.3,2022,81098.98196675316,-0.3687822390117142,281.1010106924271,51191.117815483296,-3543.0928316046416,0.0,0.0,0.0,0.0,0.0,51191.1178154833,0.0,-0.18110887480348867,0.10283276668264654
World_Top_5_MarketCap,5,False,0.3,2023,51191.117815483296,0.5412150755490958,283.99205221003393,78896.52251143275,9920.2117722213,0.0,0.0,0.0,0.0,0.0,78896.52251143275,2.7284841053187847e-12,0.2628765887097365,0.2693847515742083
World_Top_5_MarketCap,5,False,0.3,2024,78896.52251143275,0.5219680287978922,370.9924929218455,120077.98484573382,1716.4774080183395,0.0,0.0,0.0,0.0,0.0,120077.98484573382,0.0,0.2501967983593843,0.02545690534510654
World_Top_5_MarketCap,5,True,0.3,2005,10000.0,0.011621092756974758,244.527028116151,10116.210927569748,-220.109803903875,-220.109803903875,0.0,73.35810843484529,73.35810843484529,220.109803903875,10042.852819134905,0.0,0.04911783501430919,0.1583278986291485
World_Top_5_MarketCap,5,True,0.3,2006,10042.852819134905,0.19204018717914725,280.7310291687073,11971.484154334199,201.68315599058346,-18.426647913291532,0.0,84.2193087506122,84.2193087506122,18.426647913291532,11887.264845583584,0.0,0.15794463807112516,0.18353586075381498
World_Top_5_MarketCap,5,True,0.3,2007,11887.264845583584,-0.0013368321117764198,278.5144275932557,11871.373568216817,-431.3043259553454,-449.73097386863697,0.0,83.5543282779767,83.5543282779767,449.73097386863697,11787.819239938839,0.0,0.054937263566210565,0.17825196005208677
World_Top_5_MarketCap,5,True,0.3,2008,11787.819239938839,-0.3425267135115655,283.5322925726855,7750.1762562141885,-2182.67065981674,-2632.4016336853774,0.0,85.05968777180564,85.05968777180564,2632.4016336853774,7665.116568442384,1.4210854715202004e-14,-0.3699761081938922,0.5085425421233422
World_Top_5_MarketCap,5,True,0.3,2009,7665.116568442384,-0.03167947537412923,200.8118683432042,7422.289696872584,-1410.674163589112,-4043.0757972744896,0.0,60.24356050296126,60.24356050296126,4043.0757972744896,7362.046136369622,0.0,0.2646423212982973,0.7068909165593489
World_Top_5_MarketCap,5,True,0.3,2010,7362.046136369622,0.17458779704953556,174.39104594155202,8647.36955309544,166.9579882393274,-3876.1178090351623,0.0,52.317313782465604,52.317313782465604,3876.1178090351623,8595.052239312972,0.0,0.15063401360544215,0.17415956775340766
World_Top_5_MarketCap,5,True,0.3,2011,8595.052239312972,0.06352183340748545,172.12017361566686,9141.025715787246,135.28872138744737,-3740.829087647715,0.0,51.636052084700054,51.636052084700054,3740.829087647715,9089.389663702546,0.0,0.02111820043608024,0.33262215584568183
World_Top_5_MarketCap,5,True,0.3,2012,9089.389663702546,0.10841568179961499,235.83227964627417,10074.822041235231,95.70678284707822,-3645.122304800637,0.0,70.74968389388225,70.74968389388225,3645.122304800637,10004.072357341349,0.0,0.1600322380427432,0.3315792353541621
World_Top_5_MarketCap,5,True,0.3,2013,10004.072357341349,0.2935083104698569,184.9891549415335,12940.350732762807,142.6333291431236,-3502.488975657513,0.0,55.496746482460054,55.496746482460054,3502.488975657513,12884.853986280348,0.0,0.32388478062960185,0.038904834398408944
World_Top_5_MarketCap,5,True,0.3,2014,12884.853986280348,0.17372169111408214,215.7959854638989,15123.232610534993,1132.7008921876295,-2369.7880834698835,0.0,64.73879563916967,64.73879563916967,2369.7880834698835,15058.49381489582,0.0,0.13688363157085162,0.19597058446407056
World_Top_5_MarketCap,5,True,0.3,2015,15058.49381489582,-0.010394771035325701,315.46964818619585,14901.96421955311,733.1469292438153,-1636.6411542260682,0.0,94.64089445585876,94.64089445585876,1636.6411542260682,14807.323325097248,0.0,0.013837599218982092,0.3363337763011256
World_Top_5_MarketCap,5,True,0.3,2016,14807.323325097248,0.1350484298734698,276.3167494712686,16807.029090780437,152.33316416143197,-1484.3079900646362,0.0,82.89502484138059,82.89502484138059,1484.3079900646362,16724.134065939055,1.5631940186722204e-12,0.11959912078710487,0.026730749703461756
World_Top_5_MarketCap,5,True,0.3,2017,16724.134065939055,0.40031783402659643,289.85337650640804,23419.103191186194,1367.9104330748953,-116.3975569897409,0.0,86.9560129519224,86.9560129519224,116.3975569897409,23332.14717823427,0.0,0.2183160148270721,0.15736632607868117
World_Top_5_MarketCap,5,True,0.3,2018,23332.14717823427,0.04301331017174652,208.1336334589962,24335.7400617845,1455.247511582341,1338.8499545926002,401.65498637778006,62.44009003769886,464.0950764154789,0.0,23871.64498536902,0.0,-0.043842417452558714,0.16775414948515005
World_Top_5_MarketCap,5,True,0.3,2019,23871.64498536902,0.4534614924150283,211.77407244914343,34696.51674683618,2005.8200684043227,2005.8200684043227,601.7460205212967,63.532221734743025,665.2782422560398,0.0,34031.23850458015,0.0,0.3148637098683444,0.1614025281791997
World_Top_5_MarketCap,5,True,0.3,2020,34031.23850458015,0.5545491017992984,209.73462733477044,52903.23125041277,664.1294469036241,664.1294469036241,199.23883407108727,62.92038820043113,262.1592222715184,0.0,52641.07202814124,1.1368683772161603e-13,0.18398826898926857,0.03781731636773022
World_Top_5_MarketCap,5,True,0.3,2021,52641.07202814124,0.35743992620257203,237.71443184165196,71457.09292910433,4850.508263014918,4850.508263014918,1455.1524789044754,71.31432955249558,1526.466808456971,0.0,69930.62612064734,0.0,0.2870536836204064,0.11870611641375263
World_Top_5_MarketCap,5,True,0.3,2022,69930.62612064734,-0.368782238853836,242.38984530286592,44141.45325542447,-3010.9941435656847,-3010.9941435656847,0.0,72.71695359085977,72.71695359085977,3010.9941435656847,44068.73630183361,0.0,-0.18110887480348867,0.1032683257821971
World_Top_5_MarketCap,5,True,0.3,2023,44068.73630183361,0.541215075549096,244.47934318940003,67919.40074878368,9373.90957854687,6362.915434981186,1908.8746304943556,73.34380295682,1982.2184334511755,0.0,65937.1823153325,0.0,0.2628765887097365,0.2670052767103328
World_Top_5_MarketCap,5,True,0.3,2024,65937.1823153325,0.5219680287535533,310.05421861312203,100354.28339003025,1546.0815675421634,1546.0815675421634,463.8244702626489,93.0162655839366,556.8407358465855,0.0,99797.44265418366,0.0,0.2501967983593843,0.02465639343292198
World_Top_5_MarketCap_Quarterly,5,False,0.3,2005,10000.0,0.0058171961517064115,246.9874004280773,10058.171961517064,-117.26019628992407,0.0,0.0,0.0,0.0,0.0,10058.171961517062,0.0,0.04911783501430919,0.18253700710714327
World_Top_5_MarketCap_Quarterly,5,False,0.3,2006,10058.171961517064,0.1950659284739587,284.01473230587936,12020.178613941129,53.14110193871096,0.0,0.0,0.0,0.0,0.0,12020.178613941127,0.0,0.15794463807112516,0.19421135129900974
World_Top_5_MarketCap_Quarterly,5,False,0.3,2007,12020.178613941129,0.02998068094292562,299.9972745563236,12380.551753842676,-614.1573631634749,0.0,0.0,0.0,0.0,0.0,12380.551753842677,0.0,0.054937263566210565,0.3216737818629399
World_Top_5_MarketCap_Quarterly,5,False,0.3,2008,12380.551753842676,-0.37689601434672865,287.71750035011695,7714.37114240597,-2064.6033840164073,0.0,0.0,0.0,0.0,0.0,7714.37114240597,0.0,-0.3699761081938922,0.8297233414551823
World_Top_5_MarketCap_Quarterly,5,False,0.3,2009,7714.37114240597,0.009137045049387033,187.02579002413756,7784.857699061825,-2093.3745377157693,0.0,0.0,0.0,0.0,0.0,7784.857699061825,0.0,0.2646423212982973,0.8313457989812187
World_Top_5_MarketCap_Quarterly,5,False,0.3,2010,7784.857699061825,0.14414713529356576,175.8661423218463,8907.022635049647,2.8069120878651006,0.0,0.0,0.0,0.0,0.0,8907.022635049647,2.2737367544323206e-13,0.15063401360544215,0.49708168616681636
World_Top_5_MarketCap_Quarterly,5,False,0.3,2011,8907.022635049647,0.0709338212586925,192.90819118701899,9538.831786591387,277.4011216780941,0.0,0.0,0.0,0.0,0.0,9538.831786591387,0.0,0.02111820043608024,0.6731794436412026
World_Top_5_MarketCap_Quarterly,5,False,0.3,2012,9538.831786591387,0.09656409784205208,242.67970558451822,10459.940472530674,107.48735523975687,0.0,0.0,0.0,0.0,0.0,10459.940472530674,9.094947017729282e-13,0.1600322380427432,0.47101414424982235
World_Top_5_MarketCap_Quarterly,5,False,0.3,2013,10459.940472530674,0.2963816424978777,194.7187047615725,13560.074810209342,203.51996319483942,0.0,0.0,0.0,0.0,0.0,13560.074810209344,0.0,0.32388478062960185,0.04534616238079702
World_Top_5_MarketCap_Quarterly,5,False,0.3,2014,13560.074810209342,0.17482069611097317,228.50093200935234,15930.656527847012,1236.3386864635793,0.0,0.0,0.0,0.0,0.0,15930.656527847008,0.0,0.13688363157085162,0.20500077425216096
World_Top_5_MarketCap_Quarterly,5,False,0.3,2015,15930.656527847012,0.04900587454581127,278.32621715486164,16711.35228308309,1722.619202962116,0.0,0.0,0.0,0.0,0.0,16711.35228308309,0.0,0.013837599218982092,0.5408121175669154
World_Top_5_MarketCap_Quarterly,5,False,0.3,2016,16711.35228308309,0.13603485589514278,313.9787994472246,18984.678682725265,183.72729295568283,0.0,0.0,0.0,0.0,0.0,18984.67868272526,0.0,0.11959912078710487,0.03110822789234933
World_Top_5_MarketCap_Quarterly,5,False,0.3,2017,18984.678682725265,0.4318581838273499,247.6062536599646,27183.367539192805,2025.241978717018,0.0,0.0,0.0,0.0,0.0,27183.367539192808,0.0,0.2183160148270721,0.4561677529525018
World_Top_5_MarketCap_Quarterly,5,False,0.3,2018,27183.367539192805,0.042418782926510266,243.2504091150814,28336.45290604937,1547.717566246512,0.0,0.0,0.0,0.0,0.0,28336.452906049366,0.0,-0.043842417452558714,0.16943357712370408
World_Top_5_MarketCap_Quarterly,5,False,0.3,2019,28336.45290604937,0.46758116312671794,249.7834812377778,41586.0445147454,1363.53352825695,0.0,0.0,0.0,0.0,0.0,41586.0445147454,2.0463630789890885e-12,0.3148637098683444,0.1659800030944584
World_Top_5_MarketCap_Quarterly,5,False,0.3,2020,41586.0445147454,0.4875433162703569,256.68725875134714,61861.04256803106,2693.2804195922454,0.0,0.0,0.0,0.0,0.0,61861.042568031065,5.4569682106375694e-12,0.18398826898926857,0.27363557076618783
World_Top_5_MarketCap_Quarterly,5,False,0.3,2021,61861.04256803106,0.3580757660858072,279.7505385180351,84011.98277644551,5411.4944604131215,0.0,0.0,0.0,0.0,0.0,84011.98277644551,3.637978807091713e-12,0.2870536836204064,0.11780141743944562
World_Top_5_MarketCap_Quarterly,5,False,0.3,2022,84011.98277644551,-0.3692433643430974,291.64406071819496,52991.11561093642,-3551.3552691828745,0.0,0.0,0.0,0.0,0.0,52991.115610936424,0.0,-0.18110887480348867,0.10623056737039538
World_Top_5_MarketCap_Quarterly,5,False,0.3,2023,52991.11561093642,0.6176060742164103,291.97530437069355,85718.75049175479,6528.203003256066,0.0,0.0,0.0,0.0,0.0,85718.7504917548,5.4569682106375694e-12,0.2628765887097365,0.27592225258131015
World_Top_5_MarketCap_Quarterly,5,False,0.3,2024,85718.75049175479,0.5225315420664841,403.5846938663375,130509.50137022362,2393.9889006594844,0.0,0.0,0.0,0.0,0.0,130509.50137022362,0.0,0.2501967983593843,0.026746606104586554
World_Top_5_MarketCap_Quarterly,5,True,0.3,2005,10000.0,0.00038320091077966934,246.30897389442845,10003.832009107797,-116.55694431659934,-116.55694431659934,0.0,73.89269216832854,73.89269216832854,116.55694431659934,9984.683722002666,0.0,0.04911783501430919,0.18106367520806788
World_Top_5_MarketCap_Quarterly,5,True,0.3,2006,9984.683722002666,0.18793538097436963,281.0796602659192,11861.159061205824,53.5861335859791,-62.970810730620244,0.0,84.32389807977576,84.32389807977576,62.970810730620244,11839.226414764862,6.821210263296962e-13,0.15794463807112516,0.19076630356983373
World_Top_5_MarketCap_Quarterly,5,True,0.3,2007,11839.226414764862,0.0244507465050644,294.649354835419,12128.70433864834,-594.785278197218,-657.7560889278382,0.0,88.3948064506257,88.3948064506257,657.756088927838,12104.41161939338,0.0,0.054937263566210565,0.32094769807963464
World_Top_5_MarketCap_Quarterly,5,True,0.3,2008,12104.41161939338,-0.38122187353164155,280.45274564518195,7489.945143850065,-2006.6402488332494,-2664.3963377610876,0.0,84.13582369355458,84.13582369355458,2664.3963377610876,7474.8268689260585,0.0,-0.3699761081938922,0.8301176680672622
World_Top_5_MarketCap_Quarterly,5,True,0.3,2009,7474.8268689260585,0.0023739485549883364,180.64870371647618,7492.5717233703335,-2028.8172869581804,-4693.213624719268,0.0,54.194611114942845,54.194611114942845,4693.213624719267,7482.1319894375065,0.0,0.2646423212982973,0.8324636441914315
World_Top_5_MarketCap_Quarterly,5,True,0.3,2010,7482.1319894375065,0.13794430827071438,168.58788791435634,8514.249511110647,6.669597713927118,-4686.54402700534,0.0,50.5763663743069,50.5763663743069,4686.54402700534,8502.872722939774,0.0,0.15063401360544215,0.49712147260127537
World_Top_5_MarketCap_Quarterly,5,True,0.3,2011,8502.872722939774,0.0656624002336589,183.72519782447682,9061.191754809306,278.2269982691976,-4408.317028736142,0.0,55.11755934734305,55.11755934734305,4408.317028736142,9048.867349134447,0.0,0.02111820043608024,0.6746591749856929
World_Top_5_MarketCap_Quarterly,5,True,0.3,2012,9048.867349134447,0.09145340346848367,229.65990633005822,9876.417065747628,113.51302145451898,-4294.804007281623,0.0,68.89797189901748,68.89797189901748,4294.804007281623,9857.709292982105,2.2737367544323206e-13,0.1600322380427432,0.4698617484580545
World_Top_5_MarketCap_Quarterly,5,True,0.3,2013,9857.709292982105,0.29145530442931433,183.14551527183625,12730.790955943885,193.47102567240262,-4101.33298160922,0.0,54.94365458155086,54.94365458155086,4101.33298160922,12716.014051972814,0.0,0.32388478062960185,0.04329525250776067
World_Top_5_MarketCap_Quarterly,5,True,0.3,2014,12716.014051972814,0.17076284241651107,213.89437778763093,14887.436755695988,1166.5206187009405,-2934.8123629082793,0.0,64.16831333628927,64.16831333628927,2934.8123629082793,14870.707209005443,3.637978807091713e-12,0.13688363157085162,0.20342979827232868
World_Top_5_MarketCap_Quarterly,5,True,0.3,2015,14870.707209005443,0.044787110465019646,259.2904418584246,15536.723215468133,1617.6769043381803,-1317.135458570099,0.0,77.78713255752737,77.78713255752737,1317.135458570099,15517.532791756892,0.0,0.013837599218982092,0.5393903729129417
World_Top_5_MarketCap_Quarterly,5,True,0.3,2016,15517.532791756892,0.1315621973232921,290.95741529038514,17559.053502876668,171.7865759856441,-1145.348882584455,0.0,87.28722458711555,87.28722458711555,1145.348882584455,17536.505313819544,0.0,0.11959912078710487,0.028899660203883345
World_Top_5_MarketCap_Quarterly,5,True,0.3,2017,17536.505313819544,0.4282590038877037,228.43487269468602,25046.671611187325,1965.0534187817457,819.7045361972907,245.9113608591871,68.5304618084058,314.44182266759293,0.0,24784.942761768256,0.0,0.2183160148270721,0.45344206860019
World_Top_5_MarketCap_Quarterly,5,True,0.3,2018,24784.942761768256,0.04053627615530935,221.58184152156872,25789.63204605283,1693.867797577593,1693.867797577593,508.16033927327794,66.47455245647062,574.6348917297486,0.0,25267.76208669587,0.0,-0.043842417452558714,0.17245311703680885
World_Top_5_MarketCap_Quarterly,5,True,0.3,2019,25267.76208669587,0.4629887521914062,222.29598605061327,36966.451725884515,1449.2661588984251,1449.2661588984251,434.77984766952744,66.68879581518397,501.4686434847114,0.0,36558.36988371004,0.0,0.3148637098683444,0.16823119963684618
World_Top_5_MarketCap_Quarterly,5,True,0.3,2020,36558.36988371004,0.4662590335514719,224.73424102460825,53604.04009390592,2963.1361325037396,2963.1361325037396,888.9408397511223,67.42027230738246,956.3611120585049,0.0,53381.21788542669,9.094947017729282e-13,0.18398826898926857,0.27884499163500986
World_Top_5_MarketCap_Quarterly,5,True,0.3,2021,53381.21788542669,0.3567693119927593,241.28253298732247,72425.99826374595,5657.035262891459,5657.035262891459,1697.1105788674377,72.38475989619673,1769.4953387636342,0.0,70714.1771287729,0.0,0.2870536836204064,0.12138382608917943
World_Top_5_MarketCap_Quarterly,5,True,0.3,2022,70714.1771287729,-0.3698734625543433,245.3616562267068,44558.879582472524,-2970.389913094985,-2970.389913094985,3.552713678800501e-15,73.60849686801204,73.60849686801204,2970.389913094985,44540.92407202167,0.0,-0.18110887480348867,0.10604406975140426
World_Top_5_MarketCap_Quarterly,5,True,0.3,2023,44540.92407202167,0.6161474705349933,245.3002419878593,71984.70177428902,5640.5559569239995,2670.1660438290146,801.0498131487044,73.59007259635777,874.6398857450622,0.0,71164.39785971756,0.0,0.2628765887097365,0.2717563301373419
World_Top_5_MarketCap_Quarterly,5,True,0.3,2024,71164.39785971756,0.5212107531090013,334.9100237791511,108256.04726272955,2161.267622349975,2161.267622349975,648.3802867049925,100.47300713374534,748.8532938387378,0.0,107589.77139001717,5.684341886080802e-14,0.2501967983593843,0.025608819656826674
World_Top_10_MarketCap,10,False,0.3,2005,10000.0,0.03636152042188223,253.96365242580669,10363.615204218822,-103.9208138466598,0.0,0.0,0.0,0.0,0.0,10363.615204218822,1.3500311979441904e-12,0.04911783501430919,0.11909044718451844
World_Top_10_MarketCap,10,False,0.3,2006,10363.615204218822,0.1867812243696866,293.1149751471247,12299.343940959114,71.39409422082778,0.0,0.0,0.0,0.0,0.0,12299.343940959112,1.1368683772161603e-13,0.15794463807112516,0.11313872941371902
World_Top_10_MarketCap,10,False,0.3,2007,12299.343940959114,0.02999213248858815,337.6078186895955,12668.227493959073,-334.7811807442631,0.0,0.0,0.0,0.0,0.0,12668.227493959073,0.0,0.054937263566210565,0.24208484345452996
World_Top_10_MarketCap,10,False,0.3,2008,12668.227493959073,-0.3152302127127105,309.4266338903915,8674.819446345347,-554.9830350205418,0.0,0.0,0.0,0.0,0.0,8674.81944634535,0.0,-0.3699761081938922,0.11818678138912413
World_Top_10_MarketCap,10,False,0.3,2009,8674.819446345347,0.13358396140176126,287.4898199227509,9833.636192433192,-481.121293369917,0.0,0.0,0.0,0.0,0.0,9833.636192433194,0.0,0.2646423212982973,0.21085279910444665
World_Top_10_MarketCap,10,False,0.3,2010,9833.636192433192,0.12727201638375407,230.32629055107918,11085.182899028427,-72.32765336670472,0.0,0.0,0.0,0.0,0.0,11085.18289902843,2.9558577807620168e-12,0.15063401360544215,0.189076971380695
World_Top_10_MarketCap,10,False,0.3,2011,11085.182899028427,0.10217069000186149,286.8290757106349,12217.763684618996,-28.307156576806847,0.0,0.0,0.0,0.0,0.0,12217.763684618996,0.0,0.02111820043608024,0.05411773167408461
World_Top_10_MarketCap,10,False,0.3,2012,12217.763684618996,0.10893834008466487,361.5417599420778,13548.746579968089,660.48761771456,0.0,0.0,0.0,0.0,0.0,13548.746579968087,0.0,0.1600322380427432,0.2858658215348768
World_Top_10_MarketCap,10,False,0.3,2013,13548.746579968089,0.2500201723489244,350.07344876052764,16936.20653500361,370.9729075543229,0.0,0.0,0.0,0.0,0.0,16936.20653500361,0.0,0.32388478062960185,0.15948128183994353
World_Top_10_MarketCap,10,False,0.3,2014,16936.20653500361,0.137719606591333,401.34109191490023,19268.65423615387,517.357721848803,0.0,0.0,0.0,0.0,0.0,19268.654236153867,1.7905676941154525e-12,0.13688363157085162,0.11211718197044057
World_Top_10_MarketCap,10,False,0.3,2015,19268.65423615387,0.05686506137611949,416.96336044902995,20364.367441927985,948.5615811595667,0.0,0.0,0.0,0.0,0.0,20364.36744192799,8.412825991399586e-12,0.013837599218982092,0.30746919257284655
World_Top_10_MarketCap,10,False,0.3,2016,20364.367441927985,0.12622180354765186,332.35511309507086,22934.794628555217,400.7048484112182,0.0,0.0,0.0,0.0,0.0,22934.794628555217,9.00968188943807e-12,0.11959912078710487,0.09722907251405542
World_Top_10_MarketCap,10,False,0.3,2017,22934.794628555217,0.3929889787936145,339.3553041421773,31947.916148472406,1322.4290483228096,0.0,0.0,0.0,0.0,0.0,31947.9161484724,0.0,0.2183160148270721,0.11205269459464329
World_Top_10_MarketCap,10,False,0.3,2018,31947.916148472406,0.0010403788683479135,368.76888985771313,31981.154085321028,362.5586491841659,0.0,0.0,0.0,0.0,0.0,31981.154085321024,8.242295734817162e-13,-0.043842417452558714,0.0374328451067228
World_Top_10_MarketCap,10,False,0.3,2019,31981.154085321028,0.45668161716710315,434.4792179041855,46586.35925187574,1314.980131339792,0.0,0.0,0.0,0.0,0.0,46586.359251875765,6.565414878423326e-12,0.3148637098683444,0.04017802521543385
World_Top_10_MarketCap,10,False,0.3,2020,46586.35925187574,0.43931567257828785,430.90204975946386,67052.47699958728,3361.4946036610386,0.0,0.0,0.0,0.0,0.0,67052.47699958729,0.0,0.18398826898926857,0.10212235436813111
World_Top_10_MarketCap,10,False,0.3,2021,67052.47699958728,0.29370217517166514,377.41019542829525,86745.9353450141,6581.487435647167,0.0,0.0,0.0,0.0,0.0,86745.9353450141,8.185452315956354e-12,0.2870536836204064,0.11557295398026327
World_Top_10_MarketCap,10,False,0.3,2022,86745.9353450141,-0.3723758388539106,328.8614801065747,54443.844903747384,-3826.9393460629904,0.0,0.0,0.0,0.0,0.0,54443.84490374738,6.366462912410498e-12,-0.18110887480348867,0.24353789005975535
World_Top_10_MarketCap,10,False,0.3,2023,54443.844903747384,0.4113130639775413,622.8181141218187,76837.30956582577,6831.32434277259,0.0,0.0,0.0,0.0,0.0,76837.30956582577,5.002220859751105e-12,0.2628765887097365,0.2852553750251423
World_Top_10_MarketCap,10,False,0.3,2024,76837.30956582577,0.4894874863541919,417.39937117784586,114448.21108342073,2147.7657121023162,0.0,0.0,0.0,0.0,0.0,114448.21108342071,1.8189894035458565e-11,0.2501967983593843,0.06907911093584715
World_Top_10_MarketCap,10,True,0.3,2005,10000.0,0.03636152042188223,253.96365242580669,10363.615204218822,-103.50933677592275,-103.50933677592275,0.0,76.189095727742,76.189095727742,103.50933677592275,10287.426108491083,2.4158453015843406e-12,0.04911783501430919,0.11646035090421142
World_Top_10_MarketCap,10,True,0.3,2006,10287.426108491083,0.18678122436968633,290.96011273081,12208.924152647725,77.8453256013224,-25.664011174600347,0.0,87.288033819243,87.288033819243,25.664011174600347,12121.63611882848,0.0,0.15794463807112516,0.11230667238312171
World_Top_10_MarketCap,10,True,0.3,2007,12121.63611882848,0.029992132488588532,332.7298715013877,12485.189835282845,-312.4401860788157,-338.10419725341603,0.0,99.81896145041631,99.81896145041631,338.10419725341603,12385.370873832426,0.0,0.054937263566210565,0.24185791143858215
World_Top_10_MarketCap,10,True,0.3,2008,12385.370873832426,-0.31523021271271046,302.517745343739,8481.127778748421,-544.4269556501827,-882.5311529035987,0.0,90.75532360312171,90.75532360312171,882.5311529035987,8390.372455145302,1.3784529073745944e-12,-0.3699761081938922,0.11842779165016656
World_Top_10_MarketCap,10,True,0.3,2009,8390.372455145302,0.1335839614017614,278.0630399438175,9511.191645339833,-471.93414041757336,-1354.465293321172,0.0,83.41891198314525,83.41891198314525,1354.465293321172,9427.772733356687,0.0,0.2646423212982973,0.2101157734125017
World_Top_10_MarketCap,10,True,0.3,2010,9427.772733356687,0.127272016383754,220.8200384211445,10627.664379138769,-59.788673280211384,-1414.2539666013836,0.0,66.24601152634334,66.24601152634334,1414.2539666013836,10561.418367612427,2.0463630789890885e-12,0.15063401360544215,0.18984143952324542
World_Top_10_MarketCap,10,True,0.3,2011,10561.418367612427,0.10217069000186134,273.2766699628477,11640.48576962972,-21.379841410800935,-1435.6338080121845,0.0,81.9830009888543,81.9830009888543,1435.6338080121845,11558.502768640863,0.0,0.02111820043608024,0.05380609808015842
World_Top_10_MarketCap,10,True,0.3,2012,11558.502768640863,0.1089383400846653,342.0332510220845,12817.666874120607,634.3293721463714,-801.3044358658132,0.0,102.60997530662536,102.60997530662536,801.3044358658132,12715.056898813978,1.1368683772161603e-13,0.1600322380427432,0.28346421499491115
World_Top_10_MarketCap,10,True,0.3,2013,12715.056898813978,0.25002017234892454,328.53251726881393,15894.077616081831,357.4075656313482,-443.896870234465,0.0,98.55975518064417,98.55975518064417,443.896870234465,15795.517860901187,0.0,0.32388478062960185,0.1589209188488805
World_Top_10_MarketCap,10,True,0.3,2014,15795.517860901187,0.13771960659133287,374.30993608593474,17970.87036661087,518.8745790160467,74.97770878158173,22.493312634474492,112.29298082578042,134.7862934602549,0.0,17836.084073150618,0.0,0.13688363157085162,0.11194194180207605
World_Top_10_MarketCap,10,True,0.3,2015,17836.084073150618,0.05686506134465473,385.9633090231539,18850.334088118747,913.2670737469492,913.2670737469492,273.98012212408474,115.78899270694616,389.7691148310309,0.0,18460.564973287717,0.0,0.013837599218982092,0.3036381665164502
World_Top_10_MarketCap,10,True,0.3,2016,18460.564973287717,0.1262218035273315,301.2842497888861,20790.690778349577,394.8271732842213,394.8271732842213,118.44815198526636,90.38527493666582,208.8334269219322,0.0,20581.857351427647,0.0,0.11959912078710487,0.0965191163741908
World_Top_10_MarketCap,10,True,0.3,2017,20581.857351427647,0.392988978200343,304.54000483321863,28670.300441430416,1350.9505321609545,1350.9505321609545,405.2851596482863,91.36200144996559,496.6471610982519,0.0,28173.65328033216,0.0,0.2183160148270721,0.1133365495610382
World_Top_10_MarketCap,10,True,0.3,2018,28173.65328033216,0.0010403788648863897,325.20327094751565,28202.964553751655,400.4613745122035,400.4613745122035,120.13841235366104,97.5609812842547,217.69939363791573,0.0,27985.26516011374,0.0,-0.043842417452558714,0.0387088462246098
World_Top_10_MarketCap,10,True,0.3,2019,27985.26516011374,0.45668161712938765,380.19316225689454,40765.621309229195,1370.6924175521228,1370.6924175521228,411.2077252656368,114.05794867706835,525.2656739427051,0.0,40240.355635286476,0.0,0.3148637098683444,0.040871832903874444
World_Top_10_MarketCap,10,True,0.3,2020,40240.355635286476,0.43931567242225394,372.2044820148576,57918.57452971299,3173.793945724399,3173.793945724399,952.1381837173199,111.66134460445728,1063.7995283217772,0.0,56854.7750013912,0.0,0.18398826898926857,0.09989942007701216
World_Top_10_MarketCap,10,True,0.3,2021,56854.7750013912,0.29370217467838466,320.0116193863548,73553.14606015006,7095.506494410209,7095.506494410209,2128.6519483230622,96.00348581590644,2224.6554341389688,0.0,71328.49062601109,0.0,0.2870536836204064,0.12359629153461898
World_Top_10_MarketCap,10,True,0.3,2022,71328.49062601109,-0.37237583893972365,270.41258933327657,44767.484088845995,-3052.0969904515437,-3052.0969904515437,0.0,81.12377679998296,81.12377679998296,3052.0969904515437,44686.36031204601,5.4569682106375694e-12,-0.18110887480348867,0.24382876436797948
World_Top_10_MarketCap,10,True,0.3,2023,44686.36031204601,0.411313063977541,511.1959801097907,63066.44408999804,6224.95630079271,3172.8593103411663,951.8577931023495,153.3587940329372,1105.2165871352868,0.0,61961.22750286277,0.0,0.2628765887097365,0.2879424853751797
World_Top_10_MarketCap,10,True,0.3,2024,61961.22750286277,0.4894874867330032,336.58879414372655,92290.4730281309,1900.5358483093323,1900.5358483093323,570.1607544927997,100.97663824311796,671.1373927359176,0.0,91619.335635395,0.0,0.2501967983593843,0.0684713320849243
World_Top_10_MarketCap_Quarterly,10,False,0.3,2005,10000.0,0.036622807200150785,256.37310280198744,10366.228072001508,-103.12815366998583,0.0,0.0,0.0,0.0,0.0,10366.228072001506,0.0,0.04911783501430919,0.12431860578391385
World_Top_10_MarketCap_Quarterly,10,False,0.3,2006,10366.228072001508,0.18955161677033852,296.21487996713876,12331.163362859463,92.68797482519767,0.0,0.0,0.0,0.0,0.0,12331.163362859465,0.0,0.15794463807112516,0.12355336826401433
World_Top_10_MarketCap_Quarterly,10,False,0.3,2007,12331.163362859463,0.021346389071793627,342.19635718062807,12594.389173710908,-376.52442520899353,0.0,0.0,0.0,0.0,0.0,12594.389173710908,0.0,0.054937263566210565,0.3834844869968935
World_Top_10_MarketCap_Quarterly,10,False,0.3,2008,12594.389173710908,-0.3424695258617312,325.2160248117243,8281.194684872013,-952.7107269337539,0.0,0.0,0.0,0.0,0.0,8281.19468487201,0.0,-0.3699761081938922,0.31932948680573925
World_Top_10_MarketCap_Quarterly,10,False,0.3,2009,8281.194684872013,0.14196542240305157,255.9186436578906,9456.837986311773,-543.6720748116078,0.0,0.0,0.0,0.0,0.0,9456.837986311775,0.0,0.2646423212982973,0.2225686217587028
World_Top_10_MarketCap_Quarterly,10,False,0.3,2010,9456.837986311773,0.12993141285690268,223.43842565802947,10685.578307032089,82.90036696184431,0.0,0.0,0.0,0.0,0.0,10685.578307032087,0.0,0.15063401360544215,0.20367763535168468
World_Top_10_MarketCap_Quarterly,10,False,0.3,2011,10685.578307032089,0.0860216370962237,273.763436734532,11604.769246322883,-171.58850218193064,0.0,0.0,0.0,0.0,0.0,11604.769246322881,8.384404281969182e-13,0.02111820043608024,0.1936970573990145
World_Top_10_MarketCap_Quarterly,10,False,0.3,2012,11604.769246322883,0.0986943895231294,339.1741675886517,12750.094862645507,543.1660705305219,0.0,0.0,0.0,0.0,0.0,12750.094862645507,0.0,0.1600322380427432,0.5061479914857029
World_Top_10_MarketCap_Quarterly,10,False,0.3,2013,12750.094862645507,0.26848978965521897,336.955643274006,16173.365150401287,346.22860401802075,0.0,0.0,0.0,0.0,0.0,16173.365150401287,0.0,0.32388478062960185,0.17144730378180495
World_Top_10_MarketCap_Quarterly,10,False,0.3,2014,16173.365150401287,0.13876359305738176,386.49795370822244,18417.63941050001,567.3847798370332,0.0,0.0,0.0,0.0,0.0,18417.639410500007,0.0,0.13688363157085162,0.12193488182311502
World_Top_10_MarketCap_Quarterly,10,False,0.3,2015,18417.63941050001,0.05813552973427061,401.9524637906122,19488.35863408421,1148.3925083682916,0.0,0.0,0.0,0.0,0.0,19488.35863408421,2.7284841053187847e-12,0.013837599218982092,0.31781326046492003
World_Top_10_MarketCap_Quarterly,10,False,0.3,2016,19488.35863408421,0.12685983410019816,319.9604775587478,21960.648577289296,480.7357567604411,0.0,0.0,0.0,0.0,0.0,21960.6485772893,8.753886504564434e-12,0.11959912078710487,0.10314186844295536
World_Top_10_MarketCap_Quarterly,10,False,0.3,2017,21960.648577289296,0.394793301142589,326.4352416886071,30630.565524349637,1280.105905170111,0.0,0.0,0.0,0.0,0.0,30630.565524349637,0.0,0.2183160148270721,0.11797050791061597
World_Top_10_MarketCap_Quarterly,10,False,0.3,2018,30630.565524349637,0.00018783314727079066,354.9825255545796,30636.31895987476,456.5292585719642,0.0,0.0,0.0,0.0,0.0,30636.31895987476,1.9468870959826745e-12,-0.043842417452558714,0.04365460792422422
World_Top_10_MarketCap_Quarterly,10,False,0.3,2019,30636.31895987476,0.4430299061203795,402.8659370305227,44209.12447254208,1454.8328320520843,0.0,0.0,0.0,0.0,0.0,44209.12447254208,0.0,0.3148637098683444,0.16381248715243063
World_Top_10_MarketCap_Quarterly,10,False,0.3,2020,44209.12447254208,0.4365344359170316,367.0554165192343,63507.92968654907,3219.3495560198817,0.0,0.0,0.0,0.0,0.0,63507.92968654907,5.4569682106375694e-12,0.18398826898926857,0.15630834508491825
World_Top_10_MarketCap_Quarterly,10,False,0.3,2021,63507.92968654907,0.3014133727457515,374.8728080845115,82650.06896947186,6541.516930901234,0.0,0.0,0.0,0.0,0.0,82650.06896947185,9.549694368615746e-12,0.2870536836204064,0.20459989658149488
World_Top_10_MarketCap_Quarterly,10,False,0.3,2022,82650.06896947186,-0.3595496159305664,354.20619627895684,52933.26841486343,-3258.0709096217247,0.0,0.0,0.0,0.0,0.0,52933.26841486342,1.8189894035458565e-12,-0.18110887480348867,0.22793825753493857
World_Top_10_MarketCap_Quarterly,10,False,0.3,2023,52933.26841486343,0.47097522069631154,532.7817743203244,77863.52618873083,5827.022655353533,0.0,0.0,0.0,0.0,0.0,77863.52618873082,0.0,0.2628765887097365,0.2785541232646837
World_Top_10_MarketCap_Quarterly,10,False,0.3,2024,77863.52618873083,0.45814891131689706,434.2889957041168,113536.61594339256,1849.9130230937283,0.0,0.0,0.0,0.0,0.0,113536.61594339256,2.546585164964199e-11,0.2501967983593843,0.15847427730063002
World_Top_10_MarketCap_Quarterly,10,True,0.3,2005,10000.0,0.030681665508534753,255.64758910541934,10306.816655085348,-102.99185527093519,-102.99185527093519,0.0,76.6942767316258,76.6942767316258,102.99185527093519,10288.703827885824,2.2453150450019166e-12,0.04911783501430919,0.12081879662505042
World_Top_10_MarketCap_Quarterly,10,True,0.3,2006,10288.703827885824,0.1822756654417606,293.0930048627971,12164.084164646902,92.80077473104296,-10.191080539892226,0.0,87.92790145883913,87.92790145883913,10.191080539892226,12142.328189592099,2.0463630789890885e-12,0.15794463807112516,0.12028068858089386
World_Top_10_MarketCap_Quarterly,10,True,0.3,2007,12142.328189592099,0.014978312468618712,335.8982314206898,12324.199775312327,-359.2982874697615,-369.48936800965373,0.0,100.76946942620694,100.76946942620694,369.48936800965373,12299.684302321542,0.0,0.054937263566210565,0.38189466196288036
World_Top_10_MarketCap_Quarterly,10,True,0.3,2008,12299.684302321542,-0.3472094515744812,316.54972865529453,8029.117661173224,-923.3434128020613,-1292.832780811715,0.0,94.96491859658835,94.96491859658835,1292.832780811715,8008.606962704911,0.0,-0.3699761081938922,0.32253628945427537
World_Top_10_MarketCap_Quarterly,10,True,0.3,2009,8008.606962704911,0.13301484149088738,246.574074460677,9073.870548411922,-526.3903298944145,-1819.2231107061298,0.0,73.9722223382031,73.9722223382031,1819.2231107061298,9059.908455118768,0.0,0.2646423212982973,0.2195337275577504
World_Top_10_MarketCap_Quarterly,10,True,0.3,2010,9059.908455118768,0.1236253713292564,213.48678033873762,10179.943002091895,80.57052602362774,-1738.652584682502,0.0,64.04603410162127,64.04603410162127,1738.652584682502,10165.52026528848,1.1368683772161603e-13,0.15063401360544215,0.20105575130755007
World_Top_10_MarketCap_Quarterly,10,True,0.3,2011,10165.52026528848,0.0799083596400132,259.7249840400042,10977.830314574994,-161.22215611733643,-1899.8747407998385,0.0,77.91749521200124,77.91749521200124,1899.8747407998385,10958.877561926713,0.0,0.02111820043608024,0.19240868257096772
World_Top_10_MarketCap_Quarterly,10,True,0.3,2012,10958.877561926713,0.09231242503314134,319.3595732644656,11970.518125309447,521.349268594114,-1378.5254722057243,0.0,95.8078719793397,95.8078719793397,1378.5254722057243,11946.437227876742,0.0,0.1600322380427432,0.5046580794538079
World_Top_10_MarketCap_Quarterly,10,True,0.3,2013,11946.437227876742,0.26157586115223164,314.83424173408974,15071.33683345968,329.77159141192175,-1048.7538807938026,0.0,94.45027252022692,94.45027252022692,1048.7538807938026,15046.803061769639,0.0,0.32388478062960185,0.17025668797406127
World_Top_10_MarketCap_Quarterly,10,True,0.3,2014,15046.803061769639,0.1331631619467583,358.6667905329714,17050.482934665048,536.936623160484,-511.8172576333186,0.0,107.60003715989141,107.60003715989141,511.8172576333186,17022.640927256838,1.6413537196058314e-12,0.13688363157085162,0.11950273641447866
World_Top_10_MarketCap_Quarterly,10,True,0.3,2015,17022.640927256838,0.05292565165105502,370.5848777368883,17923.575291153826,1076.1843831764766,564.367125543158,169.3101376629474,111.17546332106649,280.4856009840139,0.0,17725.41198588185,0.0,0.013837599218982092,0.3133842825420683
World_Top_10_MarketCap_Quarterly,10,True,0.3,2016,17725.41198588185,0.12298077111916922,290.50129969029786,19905.296820310563,449.94897655433937,449.94897655433937,134.9846929663018,87.15038990708935,222.13508287339116,0.0,19747.853292205127,0.0,0.11959912078710487,0.10107033097102955
World_Top_10_MarketCap_Quarterly,10,True,0.3,2017,19747.853292205127,0.3908786234028173,293.1186532050456,27466.86700222306,1306.452878936801,1306.452878936801,391.93586368104036,87.93559596151367,479.87145964255404,0.0,27053.044273009407,0.0,0.2183160148270721,0.11825047405093773
World_Top_10_MarketCap_Quarterly,10,True,0.3,2018,27053.044273009407,-0.002383930441621641,313.1567102407069,26988.551697228442,465.7535294016031,465.7535294016031,139.72605882048092,93.94701307221207,233.67307189269297,0.0,26832.16644529046,0.0,-0.043842417452558714,0.0435909341001962
World_Top_10_MarketCap_Quarterly,10,True,0.3,2019,26832.16644529046,0.4379623274851491,352.24151923404816,38583.64451313879,1513.3185107700494,1513.3185107700494,453.9955532310148,105.67245577021444,559.6680090012293,0.0,38137.47635673619,0.0,0.3148637098683444,0.16541680639137168
World_Top_10_MarketCap_Quarterly,10,True,0.3,2020,38137.47635673619,0.4314799772271633,315.9430053519908,54593.0337866422,3032.508689794922,3032.508689794922,909.7526069384766,94.78290160559723,1004.5355085440738,0.0,53720.926605835426,0.0,0.18398826898926857,0.1549017322524281
World_Top_10_MarketCap_Quarterly,10,True,0.3,2021,53720.926605835426,0.2800911139238615,314.12043982674675,68767.68077988588,6893.994765040876,6893.994765040876,2068.198429512263,94.23613194802402,2162.434561460287,0.0,67550.3345028097,0.0,0.2870536836204064,0.21476927872473378
World_Top_10_MarketCap_Quarterly,10,True,0.3,2022,67550.3345028097,-0.36032448927802774,289.3189887719756,43210.29472252486,-2593.084567160001,-2593.084567160001,0.0,86.79569663159268,86.79569663159268,2593.0845671600014,43185.07300983445,1.8189894035458565e-12,-0.18110887480348867,0.2281706796949246
World_Top_10_MarketCap_Quarterly,10,True,0.3,2023,43185.07300983445,0.4683160230727755,434.2633725702668,63409.33465790757,5009.561843459262,2416.47727629926,724.9431828897781,130.27901177108004,855.2221946608581,0.0,62651.9688737601,0.0,0.2628765887097365,0.2770088211824927
World_Top_10_MarketCap_Quarterly,10,True,0.3,2024,62651.9688737601,0.45667277179902177,349.2703522010462,91263.41715800617,1679.0686992496871,1679.0686992496871,503.72060977490605,104.78110566031386,608.5017154352199,0.0,90736.19614873882,0.0,0.2501967983593843,0.15825400926256428
Top_3_MarketCap,3,False,0.3,1995,10000.0,0.3750327367443457,274.215007953833,13750.327367443457,0.0,0.0,0.0,0.0,0.0,0.0,13750.327367443455,7.105427357601002e-15,0.3757621024474126,0.009971217434542313
Top_3_MarketCap,3,False,0.3,1996,13750.327367443457,0.19342947218194068,298.1643135361636,16410.04593245694,918.577086039797,0.0,0.0,0.0,0.0,0.0,16410.04593245694,1.8189894035458565e-12,0.229609615675976,0.271063955189873
Top_3_MarketCap,3,False,0.3,1997,16410.04593245694,0.3683961124648722,354.9362764387705,22455.443059344063,3005.8289237782005,0.0,0.0,0.0,0.0,0.0,22455.443059344063,0.0,0.3336276825136051,0.2751814557195959
Top_3_MarketCap,3,False,0.3,1998,22455.443059344063,0.496847325867782,223.14231156614386,33612.369894555406,1915.4238217899479,0.0,0.0,0.0,0.0,0.0,33612.369894555406,0.0,0.2857901787776598,0.2217565067694855
Top_3_MarketCap,3,False,0.3,1999,33612.369894555406,0.5598374334118511,198.60109394783274,52429.832787213076,4429.981371286494,0.0,0.0,0.0,0.0,0.0,52429.8327872131,2.000888343900442e-11,0.21041191370111562,0.23800721262199726
Top_3_MarketCap,3,False,0.3,2000,52429.832787213076,-0.34852421388240473,201.63272340166193,34156.76653106371,-117.00265443290346,0.0,0.0,0.0,0.0,0.0,34156.76653106371,1.8189894035458565e-12,-0.09104086276837844,0.5520506754839994
Top_3_MarketCap,3,False,0.3,2001,34156.76653106371,-0.12177234336565733,500.5501737802946,29997.417028782427,-506.9951171511715,0.0,0.0,0.0,0.0,0.0,29997.417028782427,0.0,-0.11886010983089954,0.3402735977506873
Top_3_MarketCap,3,False,0.3,2002,29997.417028782427,-0.24498448146286012,396.83292057538233,22648.515372760994,0.0,0.0,0.0,0.0,0.0,0.0,22648.515372760994,0.0,-0.22100334778687813,0.008760682853690421
Top_3_MarketCap,3,False,0.3,2003,22648.515372760994,0.1854773343822138,505.43231733164976,26849.301631815295,-1.1411440823604302,0.0,0.0,0.0,0.0,0.0,26849.301631815288,0.0,0.28684248085126623,0.01011788798662081
Top_3_MarketCap,3,False,0.3,2004,26849.301631815295,0.1884209998394853,1514.189950955989,31908.273890273857,0.0,0.0,0.0,0.0,0.0,0.0,31908.27389027386,7.958078640513122e-13,0.10882102850382633,0.023727230688864325
Top_3_MarketCap,3,False,0.3,2005,31908.273890273857,0.030390306688526995,648.1073389593206,32877.9761197008,-2219.2640380148932,0.0,0.0,0.0,0.0,0.0,32877.9761197008,0.0,0.04911783501430919,0.2837577958402084
Top_3_MarketCap,3,False,0.3,2006,32877.9761197008,0.22290883486956697,979.619741412935,40206.76746941275,0.0,0.0,0.0,0.0,0.0,0.0,40206.767469412756,3.922195901395753e-12,0.15794463807112516,0.012182274316856928
Top_3_MarketCap,3,False,0.3,2007,40206.76746941275,-0.0004645329923927146,1109.059429627782,40188.090099405745,-510.6436367094284,0.0,0.0,0.0,0.0,0.0,40188.090099405745,1.8189894035458565e-12,0.054937263566210565,0.2650477943460568
Top_3_MarketCap,3,False,0.3,2008,40188.090099405745,-0.34023352452187416,833.3173785600113,26514.754561082293,-4358.975895412698,0.0,0.0,0.0,0.0,0.0,26514.754561082293,9.094947017729282e-13,-0.3699761081938922,0.4842857798920919
Top_3_MarketCap,3,False,0.3,2009,26514.754561082293,-0.06767844602564088,585.8149827604284,24720.27717563697,-157.27860465993467,0.0,0.0,0.0,0.0,0.0,24720.27717563697,1.8189894035458565e-12,0.2646423212982973,0.5624085500483774
Top_3_MarketCap,3,False,0.3,2010,24720.27717563697,0.15705147983936713,409.88083469100883,28602.633288110086,95.03059856038607,0.0,0.0,0.0,0.0,0.0,28602.633288110086,0.0,0.15063401360544215,0.015358579215976552
Top_3_MarketCap,3,False,0.3,2011,28602.633288110086,0.14587353086195523,469.6573229520826,32775.0003977964,266.1700574048425,0.0,0.0,0.0,0.0,0.0,32775.0003977964,7.048583938740194e-12,0.02111820043608024,0.024087548394541507
Top_3_MarketCap,3,False,0.3,2012,32775.0003977964,0.1509189677148221,746.602855468564,37721.36962468472,-417.5212979122987,0.0,0.0,0.0,0.0,0.0,37721.369624684725,7.275957614183426e-12,0.1600322380427432,0.26496447563212244
Top_3_MarketCap,3,False,0.3,2013,37721.36962468472,0.24961301858294405,688.9799235727767,47137.114561785245,795.9083302722795,0.0,0.0,0.0,0.0,0.0,47137.114561785245,0.0,0.32388478062960185,0.053068943848456486
Top_3_MarketCap,3,False,0.3,2014,47137.114561785245,0.12352722635273199,823.8965270532714,52959.83158187355,7034.30505789225,0.0,0.0,0.0,0.0,0.0,52959.83158187355,0.0,0.13688363157085162,0.32315349248279956
Top_3_MarketCap,3,False,0.3,2015,52959.83158187355,0.01484488757007347,1318.786681103179,53746.01432743649,76.86536240754498,0.0,0.0,0.0,0.0,0.0,53746.01432743648,0.0,0.013837599218982092,0.0210555409072426
Top_3_MarketCap,3,False,0.3,2016,53746.01432743649,0.14890738076195636,1469.667252191496,61749.192547329636,6276.756591729392,0.0,0.0,0.0,0.0,0.0,61749.19254732964,1.0913936421275139e-11,0.11959912078710487,0.27275456238096113
Top_3_MarketCap,3,False,0.3,2017,61749.192547329636,0.4748558268438182,1077.2864322549967,91071.15643132999,1671.7465775913477,0.0,0.0,0.0,0.0,0.0,91071.15643132999,3.183231456205249e-12,0.2183160148270721,0.02824526751593914
Top_3_MarketCap,3,False,0.3,2018,91071.15643132999,0.12696041289353596,1201.2237379289636,102633.58805454345,112.98653694581127,0.0,0.0,0.0,0.0,0.0,102633.58805454342,0.0,-0.043842417452558714,0.008050234421930707
Top_3_MarketCap,3,False,0.3,2019,102633.58805454345,0.5667009987714985,1334.3916160474137,160796.14491255576,2391.2035417895854,0.0,0.0,0.0,0.0,0.0,160796.14491255573,2.2737367544323206e-13,0.3148637098683444,0.0207200916885059
Top_3_MarketCap,3,False,0.3,2020,160796.14491255576,0.658902351405045,1449.2648539767406,266745.1028923051,1177.065121618603,0.0,0.0,0.0,0.0,0.0,266745.1028923051,2.5920599000528455e-11,0.18398826898926857,0.008190156957325511
Top_3_MarketCap,3,False,0.3,2021,266745.1028923051,0.3163589053998174,1603.5060125574464,351132.29166407645,64269.544959261526,0.0,0.0,0.0,0.0,0.0,351132.29166407645,0.0,0.2870536836204064,0.23845740472946386
Top_3_MarketCap,3,False,0.3,2022,351132.29166407645,-0.299785470495599,1675.0576185335703,245867.9324013634,825.3175756148074,0.0,0.0,0.0,0.0,0.0,245867.93240136336,0.0,-0.18110887480348867,0.0069696750680039565
Top_3_MarketCap,3,False,0.3,2023,245867.9324013634,0.5431677676091925,1820.5069612170967,379415.4683704998,209.1049955744304,0.0,0.0,0.0,0.0,0.0,379415.4683704998,0.0,0.2628765887097365,0.005017236170640667
Top_3_MarketCap,3,False,0.3,2024,379415.4683704998,0.24812004817475306,2334.9463270344363,473556.0526608347,63369.18184489579,0.0,0.0,0.0,0.0,0.0,473556.0526608346,0.0,0.2501967983593843,0.319973691813546
Top_3_MarketCap,3,True,0.3,1995,10000.0,0.3750327367443457,274.215007953833,13750.327367443457,3.7105156383498628,3.7105156383498628,1.1131546915049597,82.26450238614989,83.37765707765485,0.0,13666.9497103658,0.0,0.3757621024474126,0.007864779158445159
Top_3_MarketCap,3,True,0.3,1996,13666.9497103658,0.19342947218701145,296.3563389841697,16310.540579248285,1039.336472282597,1039.336472282597,311.8009416847791,88.90690169525091,400.70784338003,0.0,15909.832735868255,0.0,0.229609615675976,0.27560385496116
Top_3_MarketCap,3,True,0.3,1997,15909.832735868255,0.36839611256866284,344.1170618698975,21770.953267379773,3233.479818825867,3233.479818825867,970.0439456477596,103.23511856096924,1073.2790642087289,0.0,20697.674203171046,0.0,0.3336276825136051,0.2811108505801009
Top_3_MarketCap,3,True,0.3,1998,20697.674203171046,0.4968473255559712,205.67516106243613,30981.258276245397,2119.8068703916592,2119.8068703916592,635.9420611174977,61.702548318730834,697.6446094362285,0.0,30283.613666809164,0.0,0.2857901787776598,0.22794732500369438
Top_3_MarketCap,3,True,0.3,1999,30283.613666809164,0.5598374334569878,178.93289956372814,47237.514217838565,4885.614161587784,4885.614161587784,1465.6842484763351,53.67986986911844,1519.3641183454536,0.0,45718.15009949311,0.0,0.21041191370111562,0.246373122662509
Top_3_MarketCap,3,True,0.3,2000,45718.15009949311,-0.3485242138234656,175.82118102424255,29784.26777860408,-82.71512201364399,-82.71512201364399,0.0,52.74635430727276,52.74635430727276,82.71512201364399,29731.52142429681,4.547473508864641e-12,-0.09104086276837844,0.5519532694157189
Top_3_MarketCap,3,True,0.3,2001,29731.52142429681,-0.12177234336565734,435.7004402670799,26111.04438863394,-404.9201509423558,-487.63527295599977,0.0,130.71013208012397,130.71013208012397,487.63527295599977,25980.334256553815,0.0,-0.11886010983089954,0.3410314117733653
Top_3_MarketCap,3,True,0.3,2002,25980.334256553815,-0.2449844814628603,343.691322178194,19615.555540480193,0.0,-487.63527295599977,0.0,103.1073966534582,103.1073966534582,487.63527295599977,19512.448143826736,0.0,-0.22100334778687813,0.006132477997583297
Top_3_MarketCap,3,True,0.3,2003,19512.448143826736,0.18547733438221367,435.44672663220706,23131.56501281489,-3.407168535613895,-491.04244149161366,0.0,130.6340179896621,130.6340179896621,491.04244149161366,23000.93099482523,0.0,0.28684248085126623,0.009033655658654242
Top_3_MarketCap,3,True,0.3,2004,23000.93099482523,0.18842099983948554,1297.1577083303744,27334.789410109213,1.2741963743773175,-489.76824511723635,0.0,389.1473124991123,389.1473124991123,489.76824511723635,26945.6420976101,4.831690603168681e-13,0.10882102850382633,0.01691579538237856
Top_3_MarketCap,3,True,0.3,2005,26945.6420976101,0.03039030668852678,547.308464772691,27764.52842487575,-1918.020946826894,-2407.7891919441304,0.0,164.1925394318073,164.1925394318073,2407.7891919441304,27600.335885443947,0.0,0.04911783501430919,0.28080091976943217
Top_3_MarketCap,3,True,0.3,2006,27600.335885443947,0.22290883486956706,822.3691690927233,33752.69459967696,30.515137578000484,-2377.27405436613,0.0,246.71075072781696,246.71075072781696,2377.27405436613,33505.98384894914,1.7905676941154525e-12,0.15794463807112516,0.010616845751567761
Top_3_MarketCap,3,True,0.3,2007,33505.98384894914,-0.00046453299239287364,924.2256882476995,33490.41921400872,-290.76135086319755,-2668.0354052293274,0.0,277.2677064743098,277.2677064743098,2668.0354052293274,33213.151507534414,7.275957614183426e-12,0.054937263566210565,0.2668787305104929
Top_3_MarketCap,3,True,0.3,2008,33213.151507534414,-0.34023352452187416,688.6890190480667,21912.923909646983,-3282.706330383275,-5950.7417356126025,0.0,206.60670571442,206.60670571442,5950.7417356126025,21706.317203932565,3.637978807091713e-12,-0.3699761081938922,0.4842857798920917
Top_3_MarketCap,3,True,0.3,2009,21706.317203932565,-0.06767844602564077,479.5777313088241,20237.267386630778,-106.55098698829903,-6057.2927226009015,0.0,143.87331939264723,143.87331939264723,6057.2927226009015,20093.39406723813,0.0,0.2646423212982973,0.5618806298441802
Top_3_MarketCap,3,True,0.3,2010,20093.39406723813,0.1570514798393671,333.1636240782853,23249.091340493436,100.39811784549124,-5956.89460475541,0.0,99.94908722348559,99.94908722348559,5956.89460475541,23149.142253269943,0.0,0.15063401360544215,0.015800872370655427
Top_3_MarketCap,3,True,0.3,2011,23149.142253269943,0.1458735308619554,380.11060274744653,26525.989370180112,256.6155596476938,-5700.279045107716,0.0,114.03318082423395,114.03318082423395,5700.279045107716,26411.95618935588,1.7053025658242404e-12,0.02111820043608024,0.025150966142865393
Top_3_MarketCap,3,True,0.3,2012,26411.95618935588,0.1509189677148222,601.6549708664389,30398.021352782576,-314.5446928914517,-6014.823737999168,0.0,180.49649125993167,180.49649125993167,6014.823737999168,30217.524861522645,5.4569682106375694e-12,0.1600322380427432,0.2638738646223702
Top_3_MarketCap,3,True,0.3,2013,30217.524861522645,0.24961301858294418,551.9223765413412,37760.212456312474,655.3399243079635,-5359.483813691204,0.0,165.57671296240235,165.57671296240235,5359.483813691204,37594.63574335007,0.0,0.32388478062960185,0.05215116323148428
Top_3_MarketCap,3,True,0.3,2014,37594.63574335007,0.12352722635273214,657.1061914317949,42238.596822467385,5700.348628975375,340.8648152841706,102.25944458525117,197.13185742953846,299.39130201478963,0.0,41939.2055204526,0.0,0.13688363157085162,0.322542449563781
Top_3_MarketCap,3,True,0.3,2015,41939.2055204526,0.01484488756711647,1044.3550140575924,42561.788311057906,78.93791278010092,78.93791278010092,23.68137383403024,313.3065042172777,336.9878780513079,0.0,42224.8004330066,0.0,0.013837599218982092,0.019704888822760468
Top_3_MarketCap,3,True,0.3,2016,42224.8004330066,0.1489073807618184,1154.6234116742335,48512.38486867611,5060.467797039723,5060.467797039723,1518.140339111917,346.38702350227004,1864.527362614187,0.0,46647.857506061926,1.8189894035458565e-12,0.11959912078710487,0.2541514722761717
Top_3_MarketCap,3,True,0.3,2017,46647.857506061926,0.4748558268428125,813.8260908755619,68798.86445254866,1486.1638156569586,1486.1638156569586,445.8491446970876,244.14782726266856,689.9969719597561,0.0,68108.8674805889,0.0,0.2183160148270721,0.027178332244831235
Top_3_MarketCap,3,True,0.3,2018,68108.8674805889,0.1269604128840113,898.3523608351741,76755.99741698688,133.00493098339052,133.00493098339052,39.90147929501717,269.50570825055223,309.4071875455694,0.0,76446.59022944132,0.0,-0.043842417452558714,0.007296603477267379
Top_3_MarketCap,3,True,0.3,2019,76446.59022944132,0.566700998763,993.9211033077308,119768.94926449152,2093.6395640722653,2093.6395640722653,628.0918692216796,298.17633099231927,926.2682002139989,0.0,118842.68106427751,0.0,0.3148637098683444,0.019761101377621385
Top_3_MarketCap,3,True,0.3,2020,118842.68106427751,0.6589023514066689,1071.1358840014127,197148.40306500276,1288.634868953191,1288.634868953191,386.5904606859573,321.3407652004238,707.9312258863811,0.0,196440.47183911636,0.0,0.18398826898926857,0.00882293552019317
Top_3_MarketCap,3,True,0.3,2021,196440.47183911636,0.316358905380934,1180.8782027013694,258586.1644826534,60290.61145504704,60290.61145504704,18087.18343651411,354.26346081041083,18441.44689732452,0.0,240144.7175853289,0.0,0.2870536836204064,0.256946854298426
Top_3_MarketCap,3,True,0.3,2022,240144.7175853289,-0.2997854704881711,1145.5973954099586,168152.8204387621,789.3560515330382,789.3560515330382,236.80681545991132,343.67921862298755,580.4860340828989,0.0,167572.3344046792,0.0,-0.18110887480348867,0.006663418454783166
Top_3_MarketCap,3,True,0.3,2023,167572.3344046792,0.5431677676052434,1240.7742576439543,258592.2251956681,315.7294578186406,315.7294578186406,94.71883734559214,372.2322772931863,466.95111463877845,0.0,258125.27408102935,0.0,0.2628765887097365,0.0052132043356346875
Top_3_MarketCap,3,True,0.3,2024,258125.27408102935,0.24812004817925398,1588.5189478731756,322171.3295222975,53485.79719982627,53485.79719982627,16045.73915994788,476.5556843619527,16522.294844309832,0.0,305649.0346779877,0.0,0.2501967983593843,0.32907976210363743
Top_3_MarketCap_Quarterly,3,False,0.3,1995,10000.0,0.4342594857841623,342.22844724051527,14342.594857841623,1356.0524628490077,0.0,0.0,0.0,0.0,0.0,14342.594857841621,0.0,0.3757621024474126,0.3268822247027392
Top_3_MarketCap_Quarterly,3,False,0.3,1996,14342.594857841623,0.295433413834001,350.4241284600622,18579.87661993176,-188.89743145685978,0.0,0.0,0.0,0.0,0.0,18579.876619931765,2.8990143619012088e-12,0.229609615675976,0.3181071935737627
Top_3_MarketCap_Quarterly,3,False,0.3,1997,18579.87661993176,0.32613874362423195,387.82388762605865,24639.494237449548,5752.245188265807,0.0,0.0,0.0,0.0,0.0,24639.494237449548,2.7284841053187847e-12,0.3336276825136051,0.5852610202986862
Top_3_MarketCap_Quarterly,3,False,0.3,1998,24639.494237449548,0.4569663266196613,269.4945402792395,35898.91340890318,102.10685598578203,0.0,0.0,0.0,0.0,0.0,35898.91340890317,2.7284841053187847e-12,0.2857901787776598,0.47230744435765715
Top_3_MarketCap_Quarterly,3,False,0.3,1999,35898.91340890318,0.4816821547081218,216.31114016615223,53190.77937138395,3560.769811850054,0.0,0.0,0.0,0.0,0.0,53190.77937138395,7.275957614183426e-12,0.21041191370111562,0.8969937143115423
Top_3_MarketCap_Quarterly,3,False,0.3,2000,53190.77937138395,-0.3820901979506971,204.3819369118062,32867.10395222,-1379.8043171249028,0.0,0.0,0.0,0.0,0.0,32867.10395222,1.8189894035458565e-12,-0.09104086276837844,1.12629174002628
Top_3_MarketCap_Quarterly,3,False,0.3,2001,32867.10395222,-0.060357522055012006,409.37808590976243,30883.32700053951,-702.7576963332435,0.0,0.0,0.0,0.0,0.0,30883.32700053951,0.0,-0.11886010983089954,0.30174386076632215
Top_3_MarketCap_Quarterly,3,False,0.3,2002,30883.32700053951,-0.2619199652953304,372.8821620731567,22794.36706435386,-2202.434143522683,0.0,0.0,0.0,0.0,0.0,22794.367064353857,0.0,-0.22100334778687813,0.6268811682033796
Top_3_MarketCap_Quarterly,3,False,0.3,2003,22794.36706435386,0.12948355671747325,485.5754889929693,25745.862784970028,207.4576758249505,0.0,0.0,0.0,0.0,0.0,25745.862784970028,1.8189894035458565e-12,0.28684248085126623,0.6043980174139308
Top_3_MarketCap_Quarterly,3,False,0.3,2004,25745.862784970028,0.1902726033982106,1468.6069266237018,30644.59512379938,0.0,0.0,0.0,0.0,0.0,0.0,30644.595123799387,2.2168933355715126e-12,0.10882102850382633,0.024743458366261795
Top_3_MarketCap_Quarterly,3,False,0.3,2005,30644.59512379938,0.03039792677626565,627.147158743185,31576.12728246094,-398.4873793644674,0.0,0.0,0.0,0.0,0.0,31576.127282460937,9.094947017729282e-13,0.04911783501430919,0.2876633068960648
Top_3_MarketCap_Quarterly,3,False,0.3,2006,31576.12728246094,0.17396372365086912,873.9404428414832,37069.227962991645,-900.926955404982,0.0,0.0,0.0,0.0,0.0,37069.227962991645,1.4495071809506044e-12,0.15794463807112516,0.5077385575536006
Top_3_MarketCap_Quarterly,3,False,0.3,2007,37069.227962991645,0.14343269428890185,912.5290555480829,42386.16720493304,1105.9756461944773,0.0,0.0,0.0,0.0,0.0,42386.16720493304,2.9558577807620168e-12,0.054937263566210565,0.2586380947458916
Top_3_MarketCap_Quarterly,3,False,0.3,2008,42386.16720493304,-0.34353869295017325,886.8676731008187,27824.878724182843,-2604.3265347209267,0.0,0.0,0.0,0.0,0.0,27824.87872418284,1.8189894035458565e-12,-0.3699761081938922,0.5050979735306291
Top_3_MarketCap_Quarterly,3,False,0.3,2009,27824.878724182843,-0.0702894718286132,558.4260705514803,25869.082694964814,-1942.9645936400605,0.0,0.0,0.0,0.0,0.0,25869.082694964814,0.0,0.2646423212982973,1.0009299710919235
Top_3_MarketCap_Quarterly,3,False,0.3,2010,25869.082694964814,0.15937263498714443,431.72111599614016,29991.906568761697,198.88315599970113,0.0,0.0,0.0,0.0,0.0,29991.906568761697,0.0,0.15063401360544215,0.023992064909446876
Top_3_MarketCap_Quarterly,3,False,0.3,2011,29991.906568761697,0.11363703134785566,482.949086770059,33400.09779569803,268.98827443879145,0.0,0.0,0.0,0.0,0.0,33400.09779569803,0.0,0.02111820043608024,0.7435069067012048
Top_3_MarketCap_Quarterly,3,False,0.3,2012,33400.09779569803,0.14945897225581248,765.9121593979494,38392.04208548668,909.882410183699,0.0,0.0,0.0,0.0,0.0,38392.04208548668,1.8189894035458565e-12,0.1600322380427432,0.2720453302547082
Top_3_MarketCap_Quarterly,3,False,0.3,2013,38392.04208548668,0.1612562899468284,680.7197025448338,44583.00035567476,6260.320393272333,0.0,0.0,0.0,0.0,0.0,44583.00035567476,2.5011104298755527e-12,0.32388478062960185,0.7421415257161855
Top_3_MarketCap_Quarterly,3,False,0.3,2014,44583.00035567476,0.15574187033499243,964.8009490619661,51526.44021621318,10826.884212471441,0.0,0.0,0.0,0.0,0.0,51526.44021621318,0.0,0.13688363157085162,0.8708281861961333
Top_3_MarketCap_Quarterly,3,False,0.3,2015,51526.44021621318,0.018798135363849663,1043.2624464855671,52495.04121421486,-326.45981056376604,0.0,0.0,0.0,0.0,0.0,52495.041214214856,0.0,0.013837599218982092,1.1202588968331617
Top_3_MarketCap_Quarterly,3,False,0.3,2016,52495.04121421486,0.10545602295237765,1312.8763725127737,58030.95948538712,1758.1236207461595,0.0,0.0,0.0,0.0,0.0,58030.95948538711,5.684341886080802e-14,0.11959912078710487,0.29026536163151556
Top_3_MarketCap_Quarterly,3,False,0.3,2017,58030.95948538712,0.41777989556042266,1015.047314088719,82275.12767846326,5101.884824122577,0.0,0.0,0.0,0.0,0.0,82275.12767846326,3.637978807091713e-12,0.2183160148270721,0.5392641484097699
Top_3_MarketCap_Quarterly,3,False,0.3,2018,82275.12767846326,0.12602408839315715,1089.4301228342695,92643.77564157221,106.72157705049699,0.0,0.0,0.0,0.0,0.0,92643.77564157223,0.0,-0.043842417452558714,0.010685407801610505
Top_3_MarketCap_Quarterly,3,False,0.3,2019,92643.77564157221,0.5689291271550005,1209.447324229564,145351.5180536756,2102.299051217703,0.0,0.0,0.0,0.0,0.0,145351.5180536756,0.0,0.3148637098683444,0.02372970428296299
Top_3_MarketCap_Quarterly,3,False,0.3,2020,145351.5180536756,0.6611350449020837,1313.862281084644,241448.50046867845,1442.5362660520937,0.0,0.0,0.0,0.0,0.0,241448.50046867845,7.275957614183426e-12,0.18398826898926857,0.011750274656551311
Top_3_MarketCap_Quarterly,3,False,0.3,2021,241448.50046867845,0.3323845134958268,1443.2768484570379,321702.24283125706,46996.7255778358,0.0,0.0,0.0,0.0,0.0,321702.2428312571,2.6147972675971687e-11,0.2870536836204064,0.2688125565026891
Top_3_MarketCap_Quarterly,3,False,0.3,2022,321702.24283125706,-0.3002393973992223,1538.0395077633275,225114.55530162217,1147.2275861444666,0.0,0.0,0.0,0.0,0.0,225114.55530162214,0.0,-0.18110887480348867,0.00896099734590878
Top_3_MarketCap_Quarterly,3,False,0.3,2023,225114.55530162217,0.5440087516138081,1670.1322739082511,347578.8435013552,726.0027528437819,0.0,0.0,0.0,0.0,0.0,347578.84350135515,0.0,0.2628765887097365,0.007736104478829799
Top_3_MarketCap_Quarterly,3,False,0.3,2024,347578.8435013552,0.3176011280543202,1753.556012900312,457970.27628520166,29219.842110918136,0.0,0.0,0.0,0.0,0.0,457970.2762852017,8.185452315956354e-11,0.2501967983593843,0.29327503710328073
Top_3_MarketCap_Quarterly,3,True,0.3,1995,10000.0,0.42505419786559034,341.08367649498905,14250.541978655903,1436.5138521772096,1436.5138521772096,430.9541556531629,102.32510294849669,533.2792586016596,0.0,13792.953758503245,0.0,0.3757621024474126,0.3294693194699532
Top_3_MarketCap_Quarterly,3,True,0.3,1996,13792.953758503245,0.28927347799990544,336.1709982554959,17782.889464117347,-171.06057869683642,-171.06057869683642,0.0,100.85129947664875,100.85129947664875,171.06057869683644,17755.539969733127,2.7711166694643907e-12,0.229609615675976,0.31685988838772766
Top_3_MarketCap_Quarterly,3,True,0.3,1997,17755.539969733127,0.2818261049102519,367.36151647482745,22759.514639981306,5997.299445397065,5826.238866700229,1747.8716600100686,110.20845494244823,1858.0801149525169,0.0,21669.018386748874,0.0,0.3336276825136051,0.6004939015089138
Top_3_MarketCap_Quarterly,3,True,0.3,1998,21669.018386748874,0.45438153363860095,236.78778569776046,31515.02019376287,124.89091181463749,124.89091181463749,37.46727354439123,71.03633570932814,108.50360925371936,0.0,31453.60423182017,0.0,0.2857901787776598,0.4723688303862717
Top_3_MarketCap_Quarterly,3,True,0.3,1999,31453.60423182017,0.467678880482019,188.15628099962234,46163.79064608232,3796.143967084853,3796.143967084853,1138.8431901254557,56.446884299886705,1195.2900744253425,0.0,45315.24154896165,0.0,0.21041191370111562,0.9049232265733502
Top_3_MarketCap_Quarterly,3,True,0.3,2000,45315.24154896165,-0.3993190636407932,167.36436569858827,27220.001724973914,205.00282613634863,205.00282613634863,61.50084784090495,50.20930970957648,111.71015755048143,0.0,28466.78095394388,0.0,-0.09104086276837844,1.1794653563674684
Top_3_MarketCap_Quarterly,3,True,0.3,2001,28466.78095394388,-0.06331776473445755,354.0453846991942,26664.328014754723,-599.8201212441252,-599.8201212441252,0.0,106.21361540975825,106.21361540975825,599.8201212441253,26637.989940501877,0.0,-0.11886010983089954,0.3007727733295929
Top_3_MarketCap_Quarterly,3,True,0.3,2002,26637.989940501877,-0.264579589337035,321.1343585979319,19590.12150127982,-1894.0897751541333,-2493.9098963982588,0.0,96.34030757937956,96.34030757937956,2493.9098963982588,19572.670209577143,0.0,-0.22100334778687813,0.6252448814266343
Top_3_MarketCap_Quarterly,3,True,0.3,2003,19572.670209577143,0.12461544874532898,415.99020685373046,22011.72729088793,187.0509294203409,-2306.858966977918,0.0,124.79706205611913,124.79706205611913,2306.858966977918,21976.373347427158,9.094947017729282e-13,0.28684248085126623,0.602548285329926
Top_3_MarketCap_Quarterly,3,True,0.3,2004,21976.373347427158,0.18556965213734736,1249.4185845023844,26054.521304749687,15.889367174736975,-2290.969599803181,0.0,374.8255753507153,374.8255753507153,2290.969599803181,25770.794870896458,1.5631940186722204e-13,0.10882102850382633,0.020367296601846666
Top_3_MarketCap_Quarterly,3,True,0.3,2005,25770.794870896458,0.025889529500008498,526.2213906963468,26437.9886249452,-340.7015008420876,-2631.671100645269,0.0,157.866417208904,157.866417208904,2631.671100645269,26396.224151348924,0.0,0.04911783501430919,0.28468255467308523
Top_3_MarketCap_Quarterly,3,True,0.3,2006,26396.224151348924,0.16703979283736242,728.352988433267,30805.44396527883,-699.9269667061697,-3331.5980673514387,0.0,218.50589652998005,218.50589652998005,3331.5980673514387,30746.22715169733,0.0,0.15794463807112516,0.5075056269926447
Top_3_MarketCap_Quarterly,3,True,0.3,2007,30746.22715169733,0.13716354160258684,754.8089737120696,34963.48855874175,928.923227340523,-2402.6748400109154,0.0,226.44269211362084,226.44269211362084,2402.6748400109154,34911.271234445354,0.0,0.054937263566210565,0.2557625180410003
Top_3_MarketCap_Quarterly,3,True,0.3,2008,34911.271234445354,-0.34717654196528214,728.4644169100517,22790.89681165859,-2792.599355200809,-5195.274195211725,0.0,218.5393250730155,218.5393250730155,5195.274195211725,22734.07793809536,2.7284841053187847e-12,-0.3699761081938922,0.502322055851304
Top_3_MarketCap_Quarterly,3,True,0.3,2009,22734.07793809536,-0.07539665705512762,455.07610060987236,21020.004460332242,-1558.9612067222106,-6754.2354019339355,0.0,136.5228301829617,136.5228301829617,6754.2354019339355,20992.543030529858,3.637978807091713e-12,0.2646423212982973,1.0026127941982148
Top_3_MarketCap_Quarterly,3,True,0.3,2010,20992.543030529858,0.15500243911149317,349.663408266441,24246.438403414963,168.84636652923373,-6585.389035404702,0.0,104.8990224799323,104.8990224799323,6585.389035404702,24218.423041983246,0.0,0.15063401360544215,0.022367572092579117
Top_3_MarketCap_Quarterly,3,True,0.3,2011,24218.423041983246,0.1095609531580913,389.3063732494692,26871.81655444881,245.15021286641644,-6340.238822538286,0.0,116.79191197484076,116.79191197484076,6340.238822538286,26846.669657961826,3.637978807091713e-12,0.02111820043608024,0.7434424976215673
Top_3_MarketCap_Quarterly,3,True,0.3,2012,26846.669657961826,0.14520579519797233,614.3916782110176,30744.96167406345,742.9421713621306,-5597.296651176155,0.0,184.3175034633053,184.3175034633053,5597.296651176155,30686.481252261045,0.0,0.1600322380427432,0.2698436468071569
Top_3_MarketCap_Quarterly,3,True,0.3,2013,30686.481252261045,0.156490588559442,542.9840011701286,35488.62676424566,5085.561479185074,-511.7351719910812,0.0,162.89520035103857,162.89520035103857,511.7351719910812,35448.14752184288,4.661160346586257e-12,0.32388478062960185,0.7417002151573967
Top_3_MarketCap_Quarterly,3,True,0.3,2014,35448.14752184288,0.06942416556386911,739.7285499929893,37909.10558433176,9116.161850367896,8604.426678376814,2581.3280035130447,221.9185649978968,2803.246568510941,0.0,37920.203674005264,8.79296635503124e-14,0.13688363157085162,0.8860564154494037
Top_3_MarketCap_Quarterly,3,True,0.3,2015,37920.203674005264,0.013619910784542355,766.013561802394,38436.67346497689,-225.8953521316339,-225.8953521316339,0.0,229.80406854071816,229.80406854071816,225.89535213163344,38392.058959215945,1.8189894035458565e-12,0.013837599218982092,1.1195200631647177
Top_3_MarketCap_Quarterly,3,True,0.3,2016,38392.058959215945,0.0899527095912273,956.1457869125404,41845.52868938357,1389.0995534543492,1163.2042013227158,348.9612603968147,286.8437360737621,635.8049964705767,0.0,41787.8463887531,0.0,0.11959912078710487,0.2906054258979476
Top_3_MarketCap_Quarterly,3,True,0.3,2017,41787.8463887531,0.39665364761744254,727.5162775624603,58363.148084929395,4048.490527378634,4048.490527378634,1214.5471582135904,218.2548832687381,1432.8020414823286,0.0,57724.207912459424,0.0,0.2183160148270721,0.5401393807565784
Top_3_MarketCap_Quarterly,3,True,0.3,2018,57724.207912459424,0.12337078233882333,763.3837913887155,64845.68860250844,80.5630934165489,80.5630934165489,24.16892802496468,229.01513741661464,253.18406544157932,0.0,64761.09946376946,0.0,-0.043842417452558714,0.009262431296156937
Top_3_MarketCap_Quarterly,3,True,0.3,2019,64761.09946376946,0.5653507305405914,844.4452810129642,101373.83435622342,1626.3169899019647,1626.3169899019647,487.8950969705894,253.33358430388927,741.2286812744787,0.0,100819.45083111855,0.0,0.3148637098683444,0.021910322684974202
Top_3_MarketCap_Quarterly,3,True,0.3,2020,100819.45083111855,0.6584365259405104,910.5184259638154,167202.65978359035,1232.3173883188601,1232.3173883188601,369.69521649565803,273.15552778914457,642.8507442848027,0.0,166761.62414068758,0.0,0.18398826898926857,0.01140827871983215
Top_3_MarketCap_Quarterly,3,True,0.3,2021,166761.62414068758,0.2460490760961014,979.8722881302517,207793.16768878908,40210.114545370234,40210.114545370234,12063.034363611072,293.9616864390755,12356.996050050147,0.0,207534.30134418453,0.0,0.2870536836204064,0.2836341997442006
Top_3_MarketCap_Quarterly,3,True,0.3,2022,207534.30134418453,-0.30116325699981594,991.5729667108136,145032.59521218864,846.7844483652866,846.7844483652866,254.03533450958594,297.47189001324404,551.50722452283,0.0,144700.70299813896,0.0,-0.18110887480348867,0.008244008462951436
Top_3_MarketCap_Quarterly,3,True,0.3,2023,144700.70299813896,0.542113369371322,1072.8577125885913,223144.88865085904,559.0685572118327,559.0685572118327,167.72056716354982,321.85731377657737,489.5778809401272,0.0,222892.66155385066,0.0,0.2628765887097365,0.007244736240376571
Top_3_MarketCap_Quarterly,3,True,0.3,2024,222892.66155385066,0.2786444681019898,1099.8811254857387,285000.4686763602,23090.91557810517,23090.91557810517,6927.274673431551,329.96433764572157,7257.239011077272,0.0,284505.8783312111,0.0,0.2501967983593843,0.2994572311196214
Top_5_MarketCap,5,False,0.3,1995,10000.0,0.380270173950758,212.16224851481576,13802.70173950758,512.3974105563061,0.0,0.0,0.0,0.0,0.0,13802.701739507578,0.0,0.3757621024474126,0.16235769971031674
Top_5_MarketCap,5,False,0.3,1996,13802.70173950758,0.24487722459374098,280.01833198329706,17182.669033373397,885.6561028651416,0.0,0.0,0.0,0.0,0.0,17182.669033373397,2.2737367544323206e-12,0.229609615675976,0.3034153698427166
Top_5_MarketCap,5,False,0.3,1997,17182.669033373397,0.3487189670637935,253.2984811183096,23174.5916300904,282.0747946071188,0.0,0.0,0.0,0.0,0.0,23174.5916300904,4.547473508864641e-13,0.3336276825136051,0.14774581295663028
Top_5_MarketCap,5,False,0.3,1998,23174.5916300904,0.43427399982013104,331.33286381272666,33238.71423148789,4497.862255422031,0.0,0.0,0.0,0.0,0.0,33238.71423148788,9.094947017729282e-13,0.2857901787776598,0.3034067785876733
Top_5_MarketCap,5,False,0.3,1999,33238.71423148789,0.5184216190974892,272.4062358839019,50470.38228009459,3904.8024341457285,0.0,0.0,0.0,0.0,0.0,50470.38228009459,1.2505552149377763e-11,0.21041191370111562,0.2001648639339665
Top_5_MarketCap,5,False,0.3,2000,50470.38228009459,-0.26926004244911794,314.78455684960625,36880.72500493311,5065.368714502059,0.0,0.0,0.0,0.0,0.0,36880.725004933105,0.0,-0.09104086276837844,0.342465450493365
Top_5_MarketCap,5,False,0.3,2001,36880.72500493311,-0.17184150954912183,430.2535443742016,30543.085546819362,-5124.146137757376,0.0,0.0,0.0,0.0,0.0,30543.085546819362,0.0,-0.11886010983089954,0.39129032007738584
Top_5_MarketCap,5,False,0.3,2002,30543.085546819362,-0.2229866883963161,613.0126709799675,23732.384047328727,-1619.7868684577388,0.0,0.0,0.0,0.0,0.0,23732.384047328727,1.3642420526593924e-12,-0.22100334778687813,0.16423782209998478
Top_5_MarketCap,5,False,0.3,2003,23732.384047328727,0.15928085517250593,450.33539352518443,27512.498473669584,-112.50567009105663,0.0,0.0,0.0,0.0,0.0,27512.498473669584,4.547473508864641e-12,0.28684248085126623,0.2020971836741111
Top_5_MarketCap,5,False,0.3,2004,27512.498473669584,0.08067700026976882,1239.4192768232854,29732.12432045184,-655.0037881758522,0.0,0.0,0.0,0.0,0.0,29732.12432045184,0.0,0.10882102850382633,0.1571143463747481
Top_5_MarketCap,5,False,0.3,2005,29732.12432045184,0.012535350853977518,645.1151436820346,30104.82693044278,-660.4074918448156,0.0,0.0,0.0,0.0,0.0,30104.82693044278,0.0,0.04911783501430919,0.1612959592014026
Top_5_MarketCap,5,False,0.3,2006,30104.82693044278,0.19875687118494012,779.2570614832529,36088.36813870171,610.8751205905347,0.0,0.0,0.0,0.0,0.0,36088.36813870171,0.0,0.15794463807112516,0.146500845363673
Top_5_MarketCap,5,False,0.3,2007,36088.36813870171,0.005614236560627091,1008.6500115214308,36290.97677451938,-1189.017925233094,0.0,0.0,0.0,0.0,0.0,36290.97677451938,3.637978807091713e-12,0.054937263566210565,0.2916125099400724
Top_5_MarketCap,5,False,0.3,2008,36290.97677451938,-0.29830854706520693,923.9058756616887,25465.068221335336,-4431.816120929194,0.0,0.0,0.0,0.0,0.0,25465.068221335332,0.0,-0.3699761081938922,0.33746501338985796
Top_5_MarketCap,5,False,0.3,2009,25465.068221335336,-0.03429464244828021,662.0196610642649,24591.752811763577,437.80783932027754,0.0,0.0,0.0,0.0,0.0,24591.752811763574,0.0,0.2646423212982973,0.37843169517204717
Top_5_MarketCap,5,False,0.3,2010,24591.752811763577,0.12103170751825319,527.5050106931417,27568.134645438127,-96.10251310443542,0.0,0.0,0.0,0.0,0.0,27568.134645438127,0.0,0.15063401360544215,0.3176986933853556
Top_5_MarketCap,5,False,0.3,2011,27568.134645438127,0.132550711175561,603.2168528630561,31222.310498474573,281.028346556066,0.0,0.0,0.0,0.0,0.0,31222.310498474573,0.0,0.02111820043608024,0.17325940332887688
Top_5_MarketCap,5,False,0.3,2012,31222.310498474573,0.11997113755205273,736.5340128744377,34968.08660597997,1740.8576504566458,0.0,0.0,0.0,0.0,0.0,34968.08660597997,0.0,0.1600322380427432,0.3319811690760361
Top_5_MarketCap,5,False,0.3,2013,34968.08660597997,0.2918492847582131,646.3149887166155,45173.49767129847,535.0247447080467,0.0,0.0,0.0,0.0,0.0,45173.497671298464,0.0,0.32388478062960185,0.03925204342682062
Top_5_MarketCap,5,False,0.3,2014,45173.49767129847,0.17441267474534533,766.9025139687474,53052.32822775227,3854.3029073337507,0.0,0.0,0.0,0.0,0.0,53052.32822775227,0.0,0.13688363157085162,0.1924415543028477
Top_5_MarketCap,5,False,0.3,2015,53052.32822775227,-0.009631165636097349,1117.2856124416965,52541.37246721018,2465.223009990922,0.0,0.0,0.0,0.0,0.0,52541.37246721018,1.8189894035458565e-12,0.013837599218982092,0.329880460796395
Top_5_MarketCap,5,False,0.3,2016,52541.37246721018,0.1350286561379245,984.8529887340063,59635.96338309972,991.0465515873644,0.0,0.0,0.0,0.0,0.0,59635.96338309972,9.43600753089413e-12,0.11959912078710487,0.02823809238686045
Top_5_MarketCap,5,False,0.3,2017,59635.96338309972,0.40103181365171636,1039.7268910042774,83551.88193749155,5907.548394990532,0.0,0.0,0.0,0.0,0.0,83551.88193749156,0.0,0.2183160148270721,0.1496262442054794
Top_5_MarketCap,5,False,0.3,2018,83551.88193749155,0.05043235322709265,756.1475990085119,87765.59996015146,4545.630006811247,0.0,0.0,0.0,0.0,0.0,87765.59996015146,0.0,-0.043842417452558714,0.1861684229718844
Top_5_MarketCap,5,False,0.3,2019,87765.59996015146,0.4552461665855902,781.1000708799131,127720.55290009484,6019.954745234378,0.0,0.0,0.0,0.0,0.0,127720.55290009487,1.4551915228366852e-11,0.3148637098683444,0.15249770756968406
Top_5_MarketCap,5,False,0.3,2020,127720.55290009484,0.555313386237643,799.4115630299668,198645.48562319053,1871.2487195166605,0.0,0.0,0.0,0.0,0.0,198645.4856231906,1.9099388737231493e-11,0.18398826898926857,0.039903167097450336
Top_5_MarketCap,5,False,0.3,2021,198645.48562319053,0.35889416671253443,900.8181870204057,269938.19165713224,10841.066422046308,0.0,0.0,0.0,0.0,0.0,269938.19165713224,0.0,0.2870536836204064,0.09549097757668619
Top_5_MarketCap,5,False,0.3,2022,269938.19165713224,-0.36295717222107593,967.0533488175354,171962.1889387887,-11254.642658572211,0.0,0.0,0.0,0.0,0.0,171962.1889387887,3.456079866737127e-11,-0.18110887480348867,0.08940566428587529
Top_5_MarketCap,5,False,0.3,2023,171962.1889387887,0.5401874570827435,998.3969789497447,264854.00649601524,14411.681978110419,0.0,0.0,0.0,0.0,0.0,264854.0064960152,0.0,0.2628765887097365,0.12383417484089772
Top_5_MarketCap,5,False,0.3,2024,264854.00649601524,0.45997675876111205,1216.8474158820347,386680.69394894684,2272.4333542135773,0.0,0.0,0.0,0.0,0.0,386680.69394894684,5.002220859751105e-12,0.2501967983593843,0.009863606760778078
Top_5_MarketCap,5,True,0.3,1995,10000.0,0.380270173950758,212.16224851481576,13802.70173950758,552.3751832650547,552.3751832650547,165.71255497951637,63.648674554444725,229.3612295339611,0.0,13573.340509973617,0.0,0.3757621024474126,0.16425597979813017
Top_5_MarketCap,5,True,0.3,1996,13573.340509973617,0.2448772246222468,275.3652321798356,16897.14246290867,988.5694212559292,988.5694212559292,296.57082637677877,82.60956965395067,379.18039603072947,0.0,16517.962066877943,0.0,0.229609615675976,0.3056749310670378
Top_5_MarketCap,5,True,0.3,1997,16517.962066877943,0.34871896703880656,243.49969708674928,22278.08873642581,340.8986256231905,340.8986256231905,102.2695876869572,73.04990912602479,175.31949681298198,0.0,22102.769239612826,0.0,0.3336276825136051,0.1490237410205
Top_5_MarketCap,5,True,0.3,1998,22102.769239612826,0.4342739997877927,316.00875420431817,31701.427243686077,5043.173702912082,5043.173702912082,1512.9521108736246,94.80262626129544,1607.75473713492,0.0,30093.672506551156,0.0,0.2857901787776598,0.3121843349261613
Top_5_MarketCap,5,True,0.3,1999,30093.672506551156,0.5184216190265526,246.631202334009,45694.88292985226,4220.548015591335,4220.548015591335,1266.1644046774004,73.9893607002027,1340.1537653776031,0.0,44354.72916447467,0.0,0.21041191370111562,0.20582019586859437
Top_5_MarketCap,5,True,0.3,2000,44354.72916447467,-0.26926004253039415,276.64113334077064,32411.772903224108,5018.796948388022,5018.796948388022,1505.6390845164067,82.99234000223119,1588.631424518638,0.0,30823.141478705467,0.0,-0.09104086276837844,0.3454186344968409
Top_5_MarketCap,5,True,0.3,2001,30823.141478705467,-0.17184150966425352,359.5852811967387,25526.446314409848,-4308.353041510502,-4308.353041510502,0.0,107.87558435902162,107.87558435902162,4308.353041510502,25418.57073005083,0.0,-0.11886010983089954,0.391719965104117
Top_5_MarketCap,5,True,0.3,2002,25418.57073005083,-0.22298668839631616,510.16148685555174,19750.567819189262,-1348.019243844476,-5656.372285354979,0.0,153.0484460566655,153.0484460566655,5656.372285354979,19597.519373132593,0.0,-0.22100334778687813,0.16036328929014917
Top_5_MarketCap,5,True,0.3,2003,19597.519373132593,0.15928085517250617,371.87400058151644,22719.02901814491,-70.30922809358408,-5726.681513448563,0.0,111.56220017445493,111.56220017445493,5726.681513448563,22607.466817970453,1.8189894035458565e-12,0.28684248085126623,0.20272827106386304
Top_5_MarketCap,5,True,0.3,2004,22607.466817970453,0.08067700026976882,1018.4509487988378,24431.369424542645,-487.7862021536648,-6214.467715602228,0.0,305.5352846396513,305.5352846396513,6214.467715602228,24125.834139902992,0.0,0.10882102850382633,0.15365441466534452
Top_5_MarketCap,5,True,0.3,2005,24125.834139902992,0.012535350853977455,523.472214425879,24428.259935491544,-543.0447003215872,-6757.512415923815,0.0,157.0416643277637,157.0416643277637,6757.512415923815,24271.21827116378,0.0,0.04911783501430919,0.15918184024569446
Top_5_MarketCap,5,True,0.3,2006,24271.21827116378,0.19875687118494034,628.2553383318038,29095.28967458705,531.3371392564659,-6226.175276667349,0.0,188.47660149954115,188.47660149954115,6226.175276667349,28906.813073087505,0.0,0.15794463807112516,0.14611320830451544
Top_5_MarketCap,5,True,0.3,2007,28906.813073087505,0.005614236560627174,807.9295031339834,29069.10275989365,-849.9772181138835,-7076.152494781232,0.0,242.378850940195,242.378850940195,7076.152494781232,28826.72390895346,3.637978807091713e-12,0.054937263566210565,0.29164048988343394
Top_5_MarketCap,5,True,0.3,2008,28826.72390895346,-0.2983085470652071,733.8788305708833,20227.465783023687,-3484.513733186117,-10560.66622796735,0.0,220.163649171265,220.163649171265,10560.66622796735,20007.30213385242,0.0,-0.3699761081938922,0.33758080478486857
Top_5_MarketCap,5,True,0.3,2009,20007.30213385242,-0.03429464244828013,520.1331982439422,19321.15886081724,505.2054097227207,-10055.460818244628,0.0,156.03995947318265,156.03995947318265,10055.460818244628,19165.118901344056,2.2737367544323206e-12,0.2646423212982973,0.3793047890133345
Top_5_MarketCap,5,True,0.3,2010,19165.118901344056,0.12103170751825333,411.10108451288625,21484.70596676408,-39.20881758819609,-10094.669635832824,0.0,123.33032535386587,123.33032535386587,10094.669635832824,21361.375641410214,0.0,0.15063401360544215,0.3176764438596877
Top_5_MarketCap,5,True,0.3,2011,21361.375641410214,0.13255071117556105,467.4070971054716,24192.841174367444,267.6322126946096,-9827.037423138216,0.0,140.22212913164148,140.22212913164148,9827.037423138216,24052.619045235802,0.0,0.02111820043608024,0.17421160619240253
Top_5_MarketCap,5,True,0.3,2012,24052.619045235802,0.11997113755205287,567.4010584960771,26938.239113198913,1400.5795266111577,-8426.457896527058,0.0,170.22031754882312,170.22031754882312,8426.457896527058,26768.01879565008,0.0,0.1600322380427432,0.33198116907603586
Top_5_MarketCap,5,True,0.3,2013,26768.01879565008,0.2918492847582132,494.7531719656097,34580.245935554965,419.93315313370294,-8006.524743393355,0.0,148.4259515896829,148.4259515896829,8006.524743393355,34431.81998396527,0.0,0.32388478062960185,0.03791885452466839
Top_5_MarketCap,5,True,0.3,2014,34431.81998396527,0.17441267474534575,584.5429437047909,40437.165803718904,2996.739442726402,-5009.785300666952,0.0,175.36288311143727,175.36288311143727,5009.785300666952,40261.802920607464,0.0,0.13688363157085162,0.19305398563470308
Top_5_MarketCap,5,True,0.3,2015,40261.802920607464,-0.009631165636097248,847.9162863699956,39874.03482787119,1902.0301161761074,-3107.755184490845,0.0,254.37488591099867,254.37488591099867,3107.755184490845,39619.659941960184,0.0,0.013837599218982092,0.32813125350173333
Top_5_MarketCap,5,True,0.3,2016,39619.659941960184,0.13502865613792467,742.6441045257362,44969.449380564634,777.1507392896636,-2330.604445201181,0.0,222.79323135772086,222.79323135772086,2330.604445201181,44746.656149206916,3.751665644813329e-12,0.11959912078710487,0.026558660454424038
Top_5_MarketCap,5,True,0.3,2017,44746.656149206916,0.4010318136517163,780.1383434016409,62691.48881957309,4926.090190104756,2595.4857449035753,778.6457234710726,234.04150302049226,1012.6872264915648,0.0,61678.801593081516,0.0,0.2183160148270721,0.15266329526515537
Top_5_MarketCap,5,True,0.3,2018,61678.801593081516,0.05043235322478607,558.195419041707,64789.4087015053,4008.9576654360917,4008.9576654360917,1202.6872996308275,167.45862571251212,1370.1459253433397,0.0,63419.262776161966,0.0,-0.043842417452558714,0.19271413432870896
Top_5_MarketCap,5,True,0.3,2019,63419.262776161966,0.4552461666070884,564.4214895670832,92290.63904405732,5398.71969665784,5398.71969665784,1619.615908997352,169.32644687012495,1788.942355867477,0.0,90501.69668818984,0.0,0.3148637098683444,0.15917434608615133
Top_5_MarketCap,5,True,0.3,2020,90501.69668818984,0.5553133862924443,566.4562295131086,140758.50034132024,1382.4486460590474,1382.4486460590474,414.7345938177143,169.93686885393257,584.6714626716469,0.0,140173.82887864858,0.0,0.18398826898926857,0.03860420835169569
Top_5_MarketCap,5,True,0.3,2021,140173.82887864858,0.3588941666617598,635.6607299785096,190481.39838183927,9593.340781614132,9593.340781614132,2878.0022344842396,190.69821899355287,3068.7004534777925,0.0,187412.69792836148,0.0,0.2870536836204064,0.09926536456179867
Top_5_MarketCap,5,True,0.3,2022,187412.69792836148,-0.3629571721698664,671.4058357774423,119389.91505955801,-7672.109166823725,-7672.109166823725,0.0,201.4217507332327,201.4217507332327,7672.109166823725,119188.49330882476,1.0913936421275139e-11,-0.18110887480348867,0.09009363083824368
Top_5_MarketCap,5,True,0.3,2023,119188.49330882476,0.5401874570827434,691.997655876901,183572.6224228424,10861.642165901314,3189.532999077589,956.8598997232768,207.5992967630703,1164.459196486347,0.0,182408.16322635606,0.0,0.2628765887097365,0.12620835746484632
Top_5_MarketCap,5,True,0.3,2024,182408.16322635606,0.45997675841168967,838.0575587533907,266311.6788550457,1941.30075049918,1941.30075049918,582.390225149754,251.4172676260172,833.8074927757712,0.0,265477.8713622699,0.0,0.2501967983593843,0.010148734505940714
Top_5_MarketCap_Quarterly,5,False,0.3,1995,10000.0,0.5051264580978543,355.0979160421022,15051.264580978543,1421.855446316926,0.0,0.0,0.0,0.0,0.0,15051.264580978543,1.8189894035458565e-12,0.3757621024474126,0.3705842586105983
Top_5_MarketCap_Quarterly,5,False,0.3,1996,15051.264580978543,0.25419994067688917,322.37666997107,18877.29514457545,1120.6594194975228,0.0,0.0,0.0,0.0,0.0,18877.295144575455,3.183231456205249e-12,0.229609615675976,0.7899848416466924
Top_5_MarketCap_Quarterly,5,False,0.3,1997,18877.29514457545,0.28986430001629154,290.4176720241246,24349.149087858754,-289.73611365643296,0.0,0.0,0.0,0.0,0.0,24349.14908785875,1.8189894035458565e-12,0.3336276825136051,0.48044219157438145
Top_5_MarketCap_Quarterly,5,False,0.3,1998,24349.149087858754,0.4360994836279389,349.5580966571798,34967.800431853655,4758.923368354164,0.0,0.0,0.0,0.0,0.0,34967.80043185367,1.0913936421275139e-11,0.2857901787776598,0.3103644759143283
Top_5_MarketCap_Quarterly,5,False,0.3,1999,34967.800431853655,0.4183638430434888,213.10118116233764,49597.06380330172,5537.41424903945,0.0,0.0,0.0,0.0,0.0,49597.06380330171,6.366462912410498e-12,0.21041191370111562,0.8817923017530922
Top_5_MarketCap_Quarterly,5,False,0.3,2000,49597.06380330172,-0.3472242994802493,280.84319106703083,32375.75806792305,-1068.4284773994505,0.0,0.0,0.0,0.0,0.0,32375.758067923052,3.637978807091713e-12,-0.09104086276837844,0.535726824283014
Top_5_MarketCap_Quarterly,5,False,0.3,2001,32375.75806792305,-0.15786904388906123,334.86220806738004,27264.628096556477,-3350.0291909712705,0.0,0.0,0.0,0.0,0.0,27264.628096556477,0.0,-0.11886010983089954,0.5235053986987397
Top_5_MarketCap_Quarterly,5,False,0.3,2002,27264.628096556477,-0.23673317318754591,322.4408270077945,20810.18617148034,-1032.40868099319,0.0,0.0,0.0,0.0,0.0,20810.18617148034,1.4566126083082054e-13,-0.22100334778687813,0.17103006565865195
Top_5_MarketCap_Quarterly,5,False,0.3,2003,20810.18617148034,0.18043334657856808,427.3972404139697,24565.03770532358,262.52157890239334,0.0,0.0,0.0,0.0,0.0,24565.03770532358,1.8189894035458565e-12,0.28684248085126623,0.3670303325101266
Top_5_MarketCap_Quarterly,5,False,0.3,2004,24565.03770532358,0.06418097549202871,1092.5909980717583,26141.645788249712,-989.1550046349801,0.0,0.0,0.0,0.0,0.0,26141.64578824971,0.0,0.10882102850382633,0.3338677397972023
Top_5_MarketCap_Quarterly,5,False,0.3,2005,26141.645788249712,-0.0041039327915627635,599.6381185481117,26034.362230873896,-973.6649226448836,0.0,0.0,0.0,0.0,0.0,26034.362230873896,0.0,0.04911783501430919,0.2963826957544641
Top_5_MarketCap_Quarterly,5,False,0.3,2006,26034.362230873896,0.19696316795492305,724.2672164476375,31162.172691552816,18.194051901915543,0.0,0.0,0.0,0.0,0.0,31162.172691552812,0.0,0.15794463807112516,0.1624922557726623
Top_5_MarketCap_Quarterly,5,False,0.3,2007,31162.172691552816,0.005464617375532193,880.3255512408502,31332.46204190241,-814.0076507743663,0.0,0.0,0.0,0.0,0.0,31332.462041902407,0.0,0.054937263566210565,0.30854430147304923
Top_5_MarketCap_Quarterly,5,False,0.3,2008,31332.46204190241,-0.3255493844531482,765.9301993762904,21132.19831075945,-3452.3852560528794,0.0,0.0,0.0,0.0,0.0,21132.198310759442,0.0,-0.3699761081938922,0.5183866204722415
Top_5_MarketCap_Quarterly,5,False,0.3,2009,21132.19831075945,-0.014515917593104659,517.0918425681633,20825.44506151932,-1821.9428175731582,0.0,0.0,0.0,0.0,0.0,20825.44506151932,0.0,0.2646423212982973,0.6596650941709203
Top_5_MarketCap_Quarterly,5,False,0.3,2010,20825.44506151932,0.10053449626951767,436.61951078507946,22919.12069036768,-6.772733679665407,0.0,0.0,0.0,0.0,0.0,22919.12069036768,4.547473508864641e-13,0.15063401360544215,0.6343783742620808
Top_5_MarketCap_Quarterly,5,False,0.3,2011,22919.12069036768,0.1528588606643208,473.17542880436434,26422.511366525345,330.64177097009525,0.0,0.0,0.0,0.0,0.0,26422.51136652535,1.7053025658242404e-13,0.02111820043608024,0.18602482012034505
Top_5_MarketCap_Quarterly,5,False,0.3,2012,26422.511366525345,0.08520092325215718,609.5806128473242,28673.73372959392,982.6691688815027,0.0,0.0,0.0,0.0,0.0,28673.73372959392,0.0,0.1600322380427432,0.6112324623936218
Top_5_MarketCap_Quarterly,5,False,0.3,2013,28673.73372959392,0.2947018964775045,533.5663787577787,37123.93743879624,489.5917769394387,0.0,0.0,0.0,0.0,0.0,37123.937438796245,0.0,0.32388478062960185,0.04364253434517519
Top_5_MarketCap_Quarterly,5,False,0.3,2014,37123.93743879624,0.17549664539058538,634.0990680391052,43639.06392299494,3361.477076681291,0.0,0.0,0.0,0.0,0.0,43639.06392299494,0.0,0.13688363157085162,0.20206795125253865
Top_5_MarketCap_Quarterly,5,False,0.3,2015,43639.06392299494,0.04842694970675889,770.7590808198045,45752.37067684385,4609.122697473073,0.0,0.0,0.0,0.0,0.0,45752.37067684385,0.0,0.013837599218982092,0.5291224365112432
Top_5_MarketCap_Quarterly,5,False,0.3,2016,45752.37067684385,0.135948094228816,863.4114777044333,51972.31827681114,637.9397984748668,0.0,0.0,0.0,0.0,0.0,51972.31827681114,2.0463630789890885e-12,0.11959912078710487,0.03092212908422833
Top_5_MarketCap_Quarterly,5,False,0.3,2017,51972.31827681114,0.4073703749699796,743.1456498873144,73144.30106129481,3925.1101470196154,0.0,0.0,0.0,0.0,0.0,73144.30106129481,4.092726157978177e-12,0.2183160148270721,0.4209273127704635
Top_5_MarketCap_Quarterly,5,False,0.3,2018,73144.30106129481,0.04977410466476779,663.8410271126382,76784.99315795099,4471.385540966198,0.0,0.0,0.0,0.0,0.0,76784.99315795099,0.0,-0.043842417452558714,0.19220314992341797
Top_5_MarketCap_Quarterly,5,False,0.3,2019,76784.99315795099,0.4686933149621153,679.3604896622165,112773.60614049438,4041.9626949450158,0.0,0.0,0.0,0.0,0.0,112773.60614049438,0.0,0.3148637098683444,0.15926890341647348
Top_5_MarketCap_Quarterly,5,False,0.3,2020,112773.60614049438,0.5567984635642953,707.3269230444157,175565.77677012663,2658.2435104612905,0.0,0.0,0.0,0.0,0.0,175565.77677012663,0.0,0.18398826898926857,0.04104845905425875
Top_5_MarketCap_Quarterly,5,False,0.3,2021,175565.77677012663,0.3596588994299983,797.4523913259457,238709.57082084313,11385.163864316477,0.0,0.0,0.0,0.0,0.0,238709.5708208431,0.0,0.2870536836204064,0.09759383485422737
Top_5_MarketCap_Quarterly,5,False,0.3,2022,238709.57082084313,-0.36338116773613005,856.7557390359834,151967.00822617472,-9411.64130177412,0.0,0.0,0.0,0.0,0.0,151967.00822617472,2.7284841053187847e-11,-0.18110887480348867,0.09328939006691858
Top_5_MarketCap_Quarterly,5,False,0.3,2023,151967.00822617472,0.6089325838379617,878.8339762765653,244504.67120346407,3867.2746212399466,0.0,0.0,0.0,0.0,0.0,244504.67120346404,1.290345608140342e-11,0.2628765887097365,0.10176262078302048
Top_5_MarketCap_Quarterly,5,False,0.3,2024,244504.67120346407,0.4604141107899499,1124.9109819337964,357078.07197959605,2707.993799954288,0.0,0.0,0.0,0.0,0.0,357078.07197959605,2.7057467377744615e-11,0.2501967983593843,0.011470596101556797
Top_5_MarketCap_Quarterly,5,True,0.3,1995,10000.0,0.48110312304869146,351.93950484907884,14811.031230486915,1497.6031413926078,1497.6031413926078,449.2809424177824,105.58185145472365,554.862793872506,0.0,14450.686130768192,0.0,0.3757621024474126,0.3742874510995353
Top_5_MarketCap_Quarterly,5,True,0.3,1996,14450.686130768192,0.23889529258615325,306.87935868730034,17902.887022048726,1205.6070352031134,1205.6070352031134,361.68211056093395,92.0638076061901,453.74591816712405,0.0,17644.43949656655,0.0,0.229609615675976,0.7973593990903636
Top_5_MarketCap_Quarterly,5,True,0.3,1997,17644.43949656655,0.2744826675847201,269.9676623379876,22487.53231762133,-150.85797185984347,-150.85797185984347,0.0,80.99029870139626,80.99029870139623,150.85797185984336,22676.673811955552,2.2737367544323206e-12,0.3336276825136051,0.4878038057953891
Top_5_MarketCap_Quarterly,5,True,0.3,1998,22676.673811955552,0.43240377880072417,325.1308403476169,32482.153258876555,5146.813676384244,4995.955704524401,1498.7867113573202,97.53925210428507,1596.3259634616054,0.0,30957.46972092552,0.0,0.2857901787776598,0.3182578841060593
Top_5_MarketCap_Quarterly,5,True,0.3,1999,30957.46972092552,0.36021259790817894,184.47647874435893,42108.74031376389,5618.0367433657,5618.0367433657,1685.4110230097094,55.342943623307676,1740.7539666330172,0.0,41797.597147030385,0.0,0.21041191370111562,0.8974781855666262
Top_5_MarketCap_Quarterly,5,True,0.3,2000,41797.597147030385,-0.3524439992925144,235.39241109825844,27066.284847713607,-736.8167353122224,-736.8167353122224,0.0,70.61772332947754,70.61772332947754,736.8167353122221,27329.327108809484,0.0,-0.09104086276837844,0.5425037104858623
Top_5_MarketCap_Quarterly,5,True,0.3,2001,27329.327108809484,-0.16033871289956964,282.2785301563156,22947.377975771655,-2820.7616090504157,-3557.578344362638,0.0,84.68355904689467,84.68355904689467,3557.5783443626387,22927.718579911696,0.0,-0.11886010983089954,0.5239732696014788
Top_5_MarketCap_Quarterly,5,True,0.3,2002,22927.718579911696,-0.23914846613080884,270.7444179159627,17444.589849646967,-864.9495968353592,-4422.527941197998,0.0,81.2233253747888,81.2233253747888,4422.527941197998,17424.158381334895,1.1013412404281553e-12,-0.22100334778687813,0.1701677428567946
Top_5_MarketCap_Quarterly,5,True,0.3,2003,17424.158381334895,0.17592858671703854,357.0829840096704,20489.565940096985,228.78872605787618,-4193.739215140122,0.0,107.12489520290109,107.12489520290109,4193.739215140122,20453.737999346184,0.0,0.28684248085126623,0.3666242156064363
Top_5_MarketCap_Quarterly,5,True,0.3,2004,20453.737999346184,0.05919621413191778,906.4826273488354,21664.521853753624,-811.6696923716783,-5005.4089075118,0.0,271.9447882046506,271.9447882046506,5005.4089075118,21490.25055264008,0.0,0.10882102850382633,0.3322565160130138
Top_5_MarketCap_Quarterly,5,True,0.3,2005,21490.25055264008,-0.009088777743563453,491.6735325497069,21294.93044171364,-798.5857879219423,-5803.994695433742,0.0,147.5020597649121,147.5020597649121,5803.994695433742,21254.951440345347,0.0,0.04911783501430919,0.2932584254574301
Top_5_MarketCap_Quarterly,5,True,0.3,2006,21254.951440345347,0.19001707754102337,589.5116064583915,25293.755196316135,24.619506004752722,-5779.375189428989,0.0,176.85348193751744,176.85348193751744,5779.375189428989,25245.063278946265,0.0,0.15794463807112516,0.16037838669854063
Top_5_MarketCap_Quarterly,5,True,0.3,2007,25245.063278946265,-0.000701603410270172,710.9001320949417,25227.35125645727,-631.7297608522053,-6411.104950281195,0.0,213.2700396284825,213.2700396284825,6411.104950281195,25171.176053217372,1.3642420526593924e-12,0.054937263566210565,0.305912527107189
Top_5_MarketCap_Quarterly,5,True,0.3,2008,25171.176053217372,-0.3301375028400581,613.371616893053,16861.22684746072,-2730.1052116875926,-9141.210161968787,0.0,184.01148506791588,184.01148506791588,9141.210161968787,16821.501180539737,0.0,-0.3699761081938922,0.5191751480041304
Top_5_MarketCap_Quarterly,5,True,0.3,2009,16821.501180539737,-0.021083545182211703,410.3069911111436,16466.8443003672,-1381.3213386527086,-10522.531500621495,0.0,123.09209733334306,123.09209733334306,10522.531500621495,16442.118525957005,0.0,0.2646423212982973,0.6600699153104821
Top_5_MarketCap_Quarterly,5,True,0.3,2010,16442.118525957005,0.0952953597496257,343.8868099503996,18008.976125934063,5.666937691094404,-10516.864562930401,0.0,103.16604298511987,103.16604298511987,10516.864562930401,17981.597756390285,0.0,0.15063401360544215,0.6342696805902297
Top_5_MarketCap_Quarterly,5,True,0.3,2011,17981.597756390285,0.14785852898209037,370.43576467741127,20640.33034939781,272.15308530041636,-10244.711477629984,0.0,111.13072940322338,111.13072940322338,10244.711477629984,20612.337692285673,0.0,0.02111820043608024,0.18473270698840935
Top_5_MarketCap_Quarterly,5,True,0.3,2012,20612.337692285673,0.08073875480705173,474.4973184387473,22276.552171223277,803.6637547886802,-9441.047722841304,0.0,142.34919553162416,142.34919553162416,9441.047722841304,22234.322860178305,0.0,0.1600322380427432,0.6113180157352676
Top_5_MarketCap_Quarterly,5,True,0.3,2013,22234.322860178305,0.28977086597700646,412.92223408374053,28677.181849784523,383.60338460268287,-9057.444338238622,0.0,123.87667022512215,123.87667022512215,9057.444338238622,28643.88733535679,0.0,0.32388478062960185,0.041586276643168094
Top_5_MarketCap_Quarterly,5,True,0.3,2014,28643.88733535679,0.17138302649905135,488.36783452890836,33552.963437588085,2609.892059462411,-6447.552278776211,0.0,146.5103503586725,146.5103503586725,6447.552278776211,33514.74018211596,0.0,0.13688363157085162,0.2004770485700357
Top_5_MarketCap_Quarterly,5,True,0.3,2015,33514.74018211596,0.044166828071547024,590.7501506933085,34994.97994960204,3562.475816843693,-2885.076461932518,0.0,177.22504520799254,177.22504520799254,2885.076461932518,34951.16933562813,0.0,0.013837599218982092,0.5276684748646244
Top_5_MarketCap_Quarterly,5,True,0.3,2016,34951.16933562813,0.13145269224938746,658.2326576969431,39545.594642060685,489.9566725479248,-2395.1197893845933,0.0,197.4697973090829,197.4697973090829,2395.1197893845933,39494.56277512396,0.0,0.11959912078710487,0.028503372096537156
Top_5_MarketCap_Quarterly,5,True,0.3,2017,39494.56277512396,0.40341018540221274,563.9577936259966,55427.071666616044,3205.6522331638,810.5324437792065,243.15973313376173,169.18733808779902,412.3470712215608,0.0,55147.26370363052,0.0,0.2183160148270721,0.4206596675317214
Top_5_MarketCap_Quarterly,5,True,0.3,2018,55147.26370363052,0.047959368395056615,500.0473651694588,57792.09163957227,4014.9367036400067,4014.9367036400067,1204.4810110920016,150.01420955083765,1354.4952206428395,0.0,56548.63305304671,0.0,-0.043842417452558714,0.19811278753344952
Top_5_MarketCap_Quarterly,5,True,0.3,2019,56548.63305304671,0.4593038189939136,498.09859065242165,82521.63617319652,3666.0543835409626,3666.0543835409626,1099.8163150622886,149.4295771957265,1249.245892258015,0.0,81693.6622241872,0.0,0.3148637098683444,0.16433249235357578
Top_5_MarketCap_Quarterly,5,True,0.3,2020,81693.6622241872,0.5548511345383568,512.0447126361116,127021.48339387076,2068.021933569959,2068.021933569959,620.4065800709875,153.61341379083348,774.0199938618209,0.0,126367.32059600895,0.0,0.18398826898926857,0.039599364657548694
Top_5_MarketCap_Quarterly,5,True,0.3,2021,126367.32059600895,0.3584379856956089,573.7146514437792,171662.16844819364,10267.320414341742,10267.320414341742,3080.1961243025225,172.11439543313375,3252.3105197356563,0.0,168536.8530092993,0.0,0.2870536836204064,0.1017213855189373
Top_5_MarketCap_Quarterly,5,True,0.3,2022,168536.8530092993,-0.3640315464753733,604.6001604735922,107184.1217702314,-6604.02475601078,-6604.02475601078,7.105427357601002e-15,181.38004814207764,181.38004814207764,6604.024756010779,107138.60307373069,4.001776687800884e-11,-0.18110887480348867,0.09305383088055835
Top_5_MarketCap_Quarterly,5,True,0.3,2023,107138.60307373069,0.607408179876889,619.2827856152328,172215.4669612979,2784.183601453516,-3819.841154557263,0.0,185.78483568456986,185.78483568456986,3819.841154557263,172166.79585810704,0.0,0.2628765887097365,0.10166579497389253
Top_5_MarketCap_Quarterly,5,True,0.3,2024,172166.79585810704,0.4592784110883173,791.7753993371572,251239.28830198513,1961.4459542746363,-1858.3952002826268,0.0,237.53261980114718,237.53261980114718,1858.3952002826268,251174.18806623595,4.547473508864641e-12,0.2501967983593843,0.011235729751250645
Top_10_MarketCap,10,False,0.3,1995,10000.0,0.3938832334786062,236.1071426233364,13938.832334786062,41.4727603499409,0.0,0.0,0.0,0.0,0.0,13938.832334786062,1.4779288903810084e-12,0.3757621024474126,0.07062495706368378
Top_10_MarketCap,10,False,0.3,1996,13938.832334786062,0.2750022755511156,285.3966660657664,17772.0429453777,609.5891096679538,0.0,0.0,0.0,0.0,0.0,17772.0429453777,0.0,0.229609615675976,0.17508768819054055
Top_10_MarketCap,10,False,0.3,1997,17772.0429453777,0.34681365741018055,291.39880251470424,23935.630158914937,46.36617097414205,0.0,0.0,0.0,0.0,0.0,23935.630158914937,0.0,0.3336276825136051,0.009073427267929774
Top_10_MarketCap,10,False,0.3,1998,23935.630158914937,0.39558409771122605,319.95291185212017,33404.18481847891,4606.171846785106,0.0,0.0,0.0,0.0,0.0,33404.18481847891,0.0,0.2857901787776598,0.2341574596953913
Top_10_MarketCap,10,False,0.3,1999,33404.18481847891,0.38634764253824955,267.0203160726763,46309.812874010226,4276.895314165448,0.0,0.0,0.0,0.0,0.0,46309.812874010226,0.0,0.21041191370111562,0.20803817335785227
Top_10_MarketCap,10,False,0.3,2000,46309.812874010226,-0.29100594372471955,245.7022160194629,32833.382074893714,71.97193694709472,0.0,0.0,0.0,0.0,0.0,32833.382074893714,7.275957614183426e-12,-0.09104086276837844,0.267115085374435
Top_10_MarketCap,10,False,0.3,2001,32833.382074893714,-0.08965693840196341,290.13903262048336,29889.64156067684,-895.6603783912033,0.0,0.0,0.0,0.0,0.0,29889.641560676842,0.0,-0.11886010983089954,0.1501384177160506
Top_10_MarketCap,10,False,0.3,2002,29889.64156067684,-0.24948824840156272,444.41988880056607,22432.527242353022,-68.43014339986586,0.0,0.0,0.0,0.0,0.0,22432.52724235302,9.094947017729282e-13,-0.22100334778687813,0.06478428036005446
Top_10_MarketCap,10,False,0.3,2003,22432.527242353022,0.1525751476503338,490.8726961478508,25855.17339852517,-179.52553762982075,0.0,0.0,0.0,0.0,0.0,25855.173398525167,0.0,0.28684248085126623,0.16862316318339246
Top_10_MarketCap,10,False,0.3,2004,25855.17339852517,0.014974966510597551,755.0044111334846,26242.353754293777,-940.9841310765581,0.0,0.0,0.0,0.0,0.0,26242.35375429378,0.0,0.10882102850382633,0.1500691596300635
Top_10_MarketCap,10,False,0.3,2005,26242.353754293777,-0.009258750866238907,569.8989296630104,25999.382338739062,-206.14877008863203,0.0,0.0,0.0,0.0,0.0,25999.38233873907,6.59383658785373e-12,0.04911783501430919,0.16618980637746425
Top_10_MarketCap,10,False,0.3,2006,25999.382338739062,0.17823163224538116,741.5478516350165,30633.29469034426,102.13491336873548,0.0,0.0,0.0,0.0,0.0,30633.294690344264,1.4210854715202004e-14,0.15794463807112516,0.017129841377659827
Top_10_MarketCap,10,False,0.3,2007,30633.29469034426,0.03076046303611746,1397.7443638923328,31575.58901934109,-2545.372094326527,0.0,0.0,0.0,0.0,0.0,31575.58901934109,1.5916157281026244e-12,0.054937263566210565,0.3721105706264785
Top_10_MarketCap,10,False,0.3,2008,31575.58901934109,-0.2944680741037754,716.7693715845362,22277.5861321234,-2251.5769576821876,0.0,0.0,0.0,0.0,0.0,22277.586132123397,0.0,-0.3699761081938922,0.17419275122993583
Top_10_MarketCap,10,False,0.3,2009,22277.5861321234,0.10494239248843544,668.9166536497622,24615.44931969562,-392.74917403302607,0.0,0.0,0.0,0.0,0.0,24615.449319695617,0.0,0.2646423212982973,0.2642033997637081
Top_10_MarketCap,10,False,0.3,2010,24615.44931969562,0.08744569836608337,441.8185418788444,26767.964476051337,109.93576070569412,0.0,0.0,0.0,0.0,0.0,26767.96447605133,0.0,0.15063401360544215,0.25198771202594844
Top_10_MarketCap,10,False,0.3,2011,26767.964476051337,0.09950348519696607,587.1212977997657,29431.470233047025,405.98979330397145,0.0,0.0,0.0,0.0,0.0,29431.47023304703,9.094947017729282e-13,0.02111820043608024,0.10330514727110204
Top_10_MarketCap,10,False,0.3,2012,29431.470233047025,0.14124610109824026,823.7367436585685,33588.55065305383,1436.2497177993855,0.0,0.0,0.0,0.0,0.0,33588.55065305384,2.842170943040401e-14,0.1600322380427432,0.2184718654399394
Top_10_MarketCap,10,False,0.3,2013,33588.55065305383,0.29246682194312024,820.2679967726617,43412.087316228004,1819.7940672960399,0.0,0.0,0.0,0.0,0.0,43412.087316228,0.0,0.32388478062960185,0.1631442530854299
Top_10_MarketCap,10,False,0.3,2014,43412.087316228004,0.151145314577251,958.1177319859592,49973.620910094374,1022.6592156056023,0.0,0.0,0.0,0.0,0.0,49973.62091009438,0.0,0.13688363157085162,0.040848298331137366
Top_10_MarketCap,10,False,0.3,2015,49973.620910094374,0.056396180316509684,1084.2579704518555,52791.942246008955,2840.5356593144597,0.0,0.0,0.0,0.0,0.0,52791.94224600895,9.094947017729282e-12,0.013837599218982092,0.23714486005546753
Top_10_MarketCap,10,False,0.3,2016,52791.942246008955,0.1429057802979606,961.6783863423937,60336.21594611974,793.7762060124344,0.0,0.0,0.0,0.0,0.0,60336.215946119744,2.2041035663278308e-11,0.11959912078710487,0.025706245698152157
Top_10_MarketCap,10,False,0.3,2017,60336.21594611974,0.30022089409099173,1006.1878121236173,78450.40864353096,3499.8236530157037,0.0,0.0,0.0,0.0,0.0,78450.40864353096,0.0,0.2183160148270721,0.0929420019399401
Top_10_MarketCap,10,False,0.3,2018,78450.40864353096,0.0004948986006365618,1071.0788852369867,78489.23364098801,2106.507563724642,0.0,0.0,0.0,0.0,0.0,78489.23364098801,0.0,-0.043842417452558714,0.16626039899015224
Top_10_MarketCap,10,False,0.3,2019,78489.23364098801,0.4360504047179746,1002.5234202295798,112714.4957361445,3828.3726372345263,0.0,0.0,0.0,0.0,0.0,112714.49573614448,0.0,0.3148637098683444,0.04763867730978462
Top_10_MarketCap,10,False,0.3,2020,112714.4957361445,0.39401372530309753,1083.9419568450242,157125.5540968029,7138.129023100393,0.0,0.0,0.0,0.0,0.0,157125.5540968029,3.637978807091713e-12,0.18398826898926857,0.10025733159208317
Top_10_MarketCap,10,False,0.3,2021,157125.5540968029,0.3339733894005717,968.9853490139926,209601.30795995504,11595.732450954281,0.0,0.0,0.0,0.0,0.0,209601.30795995507,0.0,0.2870536836204064,0.09928636105458925
Top_10_MarketCap,10,False,0.3,2022,209601.30795995504,-0.3461714889059811,877.4368589633384,137043.31110681634,-2252.8038848092215,0.0,0.0,0.0,0.0,0.0,137043.3111068163,9.094947017729282e-13,-0.18110887480348867,0.10856339364070892
Top_10_MarketCap,10,False,0.3,2023,137043.31110681634,0.5098484530665152,1362.5477375791772,206914.63127773983,5946.960157326249,0.0,0.0,0.0,0.0,0.0,206914.63127773986,0.0,0.2628765887097365,0.14940300780060073
Top_10_MarketCap,10,False,0.3,2024,206914.63127773983,0.49478622943165934,1159.8783827085497,309293.1415018948,2049.110507330257,0.0,0.0,0.0,0.0,0.0,309293.14150189486,7.038636340439552e-11,0.2501967983593843,0.010326265194366746
Top_10_MarketCap,10,True,0.3,1995,10000.0,0.3938832334786062,236.1071426233364,13938.832334786062,51.006957229338056,51.006957229338056,15.302087168801407,70.83214278700092,86.13422995580233,0.0,13852.69810483026,0.0,0.3757621024474126,0.06989126300883101
Top_10_MarketCap,10,True,0.3,1996,13852.69810483026,0.2750022756735066,283.6330734951767,17662.221607876654,720.3917552928676,720.3917552928676,216.11752658786034,85.089922048553,301.20744863641335,0.0,17361.01415924024,0.0,0.229609615675976,0.18026965394346195
Top_10_MarketCap,10,True,0.3,1997,17361.01415924024,0.3468136573473007,284.6593806841192,23382.05097506462,50.06091544991335,50.06091544991335,15.01827463497402,85.39781420523575,100.41608884020977,0.0,23281.63488622441,0.0,0.3336276825136051,0.007240439206113841
Top_10_MarketCap,10,True,0.3,1998,23281.63488622441,0.3955840977190727,311.2108110391083,32491.479416116377,5371.225805262494,5371.225805262494,1611.367741578748,93.36324331173249,1704.7309848904806,0.0,30786.74843122589,0.0,0.2857901787776598,0.24785415326743737
Top_10_MarketCap,10,True,0.3,1999,30786.74843122589,0.3863476416488777,246.09752796526092,42681.1360816673,4707.424757384199,4707.424757384199,1412.2274272152597,73.82925838957827,1486.0566856048379,0.0,41195.07939606244,0.0,0.21041191370111562,0.21571198408206285
Top_10_MarketCap,10,True,0.3,2000,41195.07939606244,-0.2910059435742191,218.5653898047641,29207.06644579642,99.55918238452672,99.55918238452672,29.867754715358004,65.56961694142923,95.43737165678723,0.0,29111.62907413963,0.0,-0.09104086276837844,0.2678638357599312
Top_10_MarketCap,10,True,0.3,2001,29111.62907413963,-0.08965693807285655,257.2509854251375,26501.569549039523,-767.2132019435394,-767.2132019435394,0.0,77.17529562754125,77.17529562754125,767.2132019435394,26424.394253411985,0.0,-0.11886010983089954,0.1509254106016292
Top_10_MarketCap,10,True,0.3,2002,26424.394253411985,-0.2494882484015628,392.89619221040067,19831.818416055907,-65.996689001181,-833.2098909447204,0.0,117.8688576631202,117.8688576631202,833.2098909447204,19713.949558392786,0.0,-0.22100334778687813,0.06379044792055913
Top_10_MarketCap,10,True,0.3,2003,19713.949558392786,0.15257514765033367,431.38427814680495,22721.808323035795,-128.05805765586223,-961.2679486005827,0.0,129.41528344404148,129.41528344404148,961.2679486005827,22592.393039591752,3.410605131648481e-12,0.28684248085126623,0.1698944613000907
Top_10_MarketCap,10,True,0.3,2004,22592.393039591752,0.014974966510597843,659.7270163319109,22930.713368753903,-803.3603325063189,-1764.6282811069016,0.0,197.91810489957328,197.91810489957328,1764.6282811069016,22732.79526385433,0.0,0.10882102850382633,0.15163334213421045
Top_10_MarketCap,10,True,0.3,2005,22732.79526385433,-0.009258750866238636,493.68268602808433,22522.31797601309,-166.52895168168473,-1931.1572327885863,0.0,148.10480580842528,148.10480580842528,1931.1572327885863,22374.213170204664,0.0,0.04911783501430919,0.1635960990379618
Top_10_MarketCap,10,True,0.3,2006,22374.213170204664,0.17823163224538108,638.1516873063466,26362.005703736344,128.99768324091266,-1802.1595495476736,0.0,191.44550619190397,191.44550619190397,1802.1595495476736,26170.56019754444,0.0,0.15794463807112516,0.016087000299606108
Top_10_MarketCap,10,True,0.3,2007,26170.56019754444,0.03076046303611729,1194.117491630856,26975.57874713549,-2112.0582408018245,-3914.217790349498,0.0,358.2352474892568,358.2352474892568,3914.217790349498,26617.34349964623,0.0,0.054937263566210565,0.369690912569791
Top_10_MarketCap,10,True,0.3,2008,26617.34349964623,-0.2944680741037757,604.2166485573703,18779.385621546753,-1868.660211378735,-5782.878001728233,0.0,181.26499456721106,181.26499456721106,5782.878001728233,18598.120626979548,3.637978807091713e-12,-0.3699761081938922,0.1756597366592029
Top_10_MarketCap,10,True,0.3,2009,18598.120626979548,0.10494239248843538,558.4353951182767,20549.8519013633,-328.3475876741419,-6111.225589402376,0.0,167.530618535483,167.530618535483,6111.225589402376,20382.32128282782,0.0,0.2646423212982973,0.2613120269922397
Top_10_MarketCap,10,True,0.3,2010,20382.32128282782,0.08744569836608317,365.8388417911065,22164.667601726578,110.64009094951409,-6000.585498452861,0.0,109.75165253733195,109.75165253733195,6000.585498452861,22054.915949189242,1.3642420526593924e-12,0.15063401360544215,0.25217282039703437
Top_10_MarketCap,10,True,0.3,2011,22054.915949189242,0.0995034851969665,483.7465652847015,24249.456951859735,374.82275781452785,-5625.7627406383335,0.0,145.12396958541044,145.12396958541044,5625.7627406383335,24104.332982274325,0.0,0.02111820043608024,0.10379952955187292
Top_10_MarketCap,10,True,0.3,2012,24104.332982274325,0.1412461010982403,674.6392416572403,27508.976035594293,1208.735316576117,-4417.027424062217,0.0,202.39177249717207,202.39177249717207,4417.027424062217,27306.584263097113,0.0,0.1600322380427432,0.2168054685704524
Top_10_MarketCap,10,True,0.3,2013,27306.584263097113,0.29246682194312085,666.8557212711439,35292.85418064716,1517.106873223642,-2899.920550838575,0.0,200.05671638134316,200.05671638134316,2899.920550838575,35092.79746426581,0.0,0.32388478062960185,0.16205216127263075
Top_10_MarketCap,10,True,0.3,2014,35092.79746426581,0.151145314577251,774.508520416991,40396.90937639802,892.566175543713,-2007.3543752948617,0.0,232.3525561250973,232.3525561250973,2007.3543752948617,40164.55682027292,1.5347723092418164e-12,0.13688363157085162,0.04072902259806943
Top_10_MarketCap,10,True,0.3,2015,40164.55682027292,0.05639618031650967,871.4345702584615,42429.68440904173,2350.9269465845455,343.57257128968376,103.07177138690508,261.43037107753844,364.5021424644435,0.0,42065.182266577285,0.0,0.013837599218982092,0.23608720631403105
Top_10_MarketCap,10,True,0.3,2016,42065.182266577285,0.14290578032296047,766.275588644049,48076.53996281007,691.2807743334848,691.2807743334848,207.38423230004548,229.88267659321468,437.26690889326017,0.0,47639.273053916804,0.0,0.11959912078710487,0.023016526971209688
Top_10_MarketCap,10,True,0.3,2017,47639.273053916804,0.3002208939389656,794.4491577231001,61941.57819676618,3280.5510703274963,3280.5510703274963,984.1653210982487,238.33474731693002,1222.5000684151787,0.0,60719.078128351,0.0,0.2183160148270721,0.09338651389084641
Top_10_MarketCap,10,True,0.3,2018,60719.078128351,0.0004948985977202004,828.9940564074574,60749.127914971585,2182.169929453248,2182.169929453248,654.6509788359745,248.6982169222372,903.3491957582116,0.0,59845.778719213384,0.0,-0.043842417452558714,0.16999263183266802
Top_10_MarketCap,10,True,0.3,2019,59845.778719213384,0.4360504046643693,764.3952158377531,85941.55474718068,3566.4943402496874,3566.4943402496874,1069.9483020749062,229.3185647513259,1299.2668668262322,0.0,84642.28788035444,0.0,0.3148637098683444,0.050364417415173904
Top_10_MarketCap,10,True,0.3,2020,84642.28788035444,0.3940137254484134,813.9798387313389,117992.51105856999,5645.371977096123,5645.371977096123,1693.611593128837,244.19395161940164,1937.8055447482386,0.0,116054.70551382175,0.0,0.18398826898926857,0.09618605236686176
Top_10_MarketCap,10,True,0.3,2021,116054.70551382175,0.3339733892176659,715.7035025028568,154813.88884893095,11270.417596026824,11270.417596026824,3381.125278808047,214.71105075085705,3595.836329558904,0.0,151218.05251937205,0.0,0.2870536836204064,0.10689454578523458
Top_10_MarketCap,10,True,0.3,2022,151218.05251937205,-0.3461714890223731,633.0317985187353,98870.67411167761,-1420.4190734258527,-1420.4190734258527,0.0,189.90953955562057,189.90953955562057,1420.4190734258527,98680.76457212196,0.0,-0.18110887480348867,0.10930911108141114
Top_10_MarketCap,10,True,0.3,2023,98680.76457212196,0.5098484530665155,981.1296255497476,148992.99973663935,5330.894515448742,3910.475442022889,1173.1426326068668,294.3388876649243,1467.4815202717912,0.0,147525.5182163676,0.0,0.2628765887097365,0.15282372429300933
Top_10_MarketCap,10,True,0.3,2024,147525.5182163676,0.4947862291529744,826.9674226174262,220519.11307848257,1816.2331300784383,1816.2331300784383,544.8699390235315,248.09022678522786,792.9601658087594,0.0,219726.1529126738,0.0,0.2501967983593843,0.010526590868005834
Top_10_MarketCap_Quarterly,10,False,0.3,1995,10000.0,0.43705140777853757,283.08785207749634,14370.514077785376,677.1243371619452,0.0,0.0,0.0,0.0,0.0,14370.514077785376,4.547473508864641e-13,0.3757621024474126,0.2253726090189004
Top_10_MarketCap_Quarterly,10,False,0.3,1996,14370.514077785376,0.3318214999165384,277.45837717516747,19138.95961364785,1093.4379369798523,0.0,0.0,0.0,0.0,0.0,19138.95961364785,0.0,0.229609615675976,0.36964561407696817
Top_10_MarketCap_Quarterly,10,False,0.3,1997,19138.95961364785,0.34808922868180764,315.4662555802155,25801.025303334798,38.688679265112874,0.0,0.0,0.0,0.0,0.0,25801.025303334798,0.0,0.3336276825136051,0.010373630845971914
Top_10_MarketCap_Quarterly,10,False,0.3,1998,25801.025303334798,0.4101973068033448,308.48976355231275,36384.536395527684,3738.323519383954,0.0,0.0,0.0,0.0,0.0,36384.536395527684,6.366462912410498e-12,0.2857901787776598,0.3687764200556828
Top_10_MarketCap_Quarterly,10,False,0.3,1999,36384.536395527684,0.4131973838301438,272.86547868842814,51418.531646032374,4976.782534133035,0.0,0.0,0.0,0.0,0.0,51418.53164603237,0.0,0.21041191370111562,0.2992104810499188
Top_10_MarketCap_Quarterly,10,False,0.3,2000,51418.531646032374,-0.2540263776545946,267.1286018450637,38356.86830767263,536.2763459920202,0.0,0.0,0.0,0.0,0.0,38356.86830767264,6.821210263296962e-12,-0.09104086276837844,0.32856128452219835
Top_10_MarketCap_Quarterly,10,False,0.3,2001,38356.86830767263,-0.11772713711920582,341.75016068311544,33841.224012951934,-465.98468913705193,0.0,0.0,0.0,0.0,0.0,33841.224012951934,0.0,-0.11886010983089954,0.2934327517386372
Top_10_MarketCap_Quarterly,10,False,0.3,2002,33841.224012951934,-0.2682484152635536,515.8219354206893,24763.369300898663,-2343.6464970030074,0.0,0.0,0.0,0.0,0.0,24763.36930089866,0.0,-0.22100334778687813,0.258800912486277
Top_10_MarketCap_Quarterly,10,False,0.3,2003,24763.369300898663,0.20580665817746152,442.8575089137771,29859.835581930958,81.63223848738133,0.0,0.0,0.0,0.0,0.0,29859.83558193096,7.275957614183426e-12,0.28684248085126623,0.1614703458691013
Top_10_MarketCap_Quarterly,10,False,0.3,2004,29859.835581930958,0.014984425930893804,891.0684265403237,30307.26807651707,-158.5176851628487,0.0,0.0,0.0,0.0,0.0,30307.268076517066,0.0,0.10882102850382633,0.2729405321477966
Top_10_MarketCap_Quarterly,10,False,0.3,2005,30307.26807651707,-0.012867574802446668,665.8889046377884,29917.287037484683,121.65527457917256,0.0,0.0,0.0,0.0,0.0,29917.287037484683,0.0,0.04911783501430919,0.29691333912324
Top_10_MarketCap_Quarterly,10,False,0.3,2006,29917.287037484683,0.17425813684205207,853.7030541030512,35130.61773600564,430.867669365884,0.0,0.0,0.0,0.0,0.0,35130.61773600564,0.0,0.15794463807112516,0.1561448485579246
Top_10_MarketCap_Quarterly,10,False,0.3,2007,35130.61773600564,0.028538278482113138,1603.7498283862544,36133.18508820443,-1035.9372417314075,0.0,0.0,0.0,0.0,0.0,36133.18508820443,0.0,0.054937263566210565,0.47944835039290884
Top_10_MarketCap_Quarterly,10,False,0.3,2008,36133.18508820443,-0.28649788220863615,846.7634372727288,25781.10408298119,-2933.6303088030836,0.0,0.0,0.0,0.0,0.0,25781.10408298119,4.547473508864641e-13,-0.3699761081938922,0.2912885741570499
Top_10_MarketCap_Quarterly,10,False,0.3,2009,25781.10408298119,0.11190323491716256,672.1903620972669,28666.093029602853,-166.59359445723567,0.0,0.0,0.0,0.0,0.0,28666.09302960285,0.0,0.2646423212982973,0.4394366173285704
Top_10_MarketCap_Quarterly,10,False,0.3,2010,28666.093029602853,0.08822545388654796,532.2320405774904,31195.172098293573,643.3321572148043,0.0,0.0,0.0,0.0,0.0,31195.172098293573,5.002220859751105e-12,0.15063401360544215,0.3199356583536547
Top_10_MarketCap_Quarterly,10,False,0.3,2011,31195.172098293573,0.10334882088236302,687.7170513599899,34419.156351874604,-324.5248976400544,0.0,0.0,0.0,0.0,0.0,34419.156351874604,0.0,0.02111820043608024,0.16243958628644423
Top_10_MarketCap_Quarterly,10,False,0.3,2012,34419.156351874604,0.14065893249587957,972.0774839604667,39260.51814173806,2231.1195570374693,0.0,0.0,0.0,0.0,0.0,39260.51814173805,0.0,0.1600322380427432,0.2278083271785441
Top_10_MarketCap_Quarterly,10,False,0.3,2013,39260.51814173806,0.29566170000075315,966.8889092238526,50868.349678434744,2537.252868375775,0.0,0.0,0.0,0.0,0.0,50868.34967843474,4.547473508864641e-13,0.32388478062960185,0.17073582096580153
Top_10_MarketCap_Quarterly,10,False,0.3,2014,50868.349678434744,0.14183342541117147,1129.02218343812,58083.18195834041,1157.1738281364053,0.0,0.0,0.0,0.0,0.0,58083.1819583404,0.0,0.13688363157085162,0.1706483308249387
Top_10_MarketCap_Quarterly,10,False,0.3,2015,58083.18195834041,0.06106550738391262,1237.1022471642968,61630.06093509858,3086.7525997031557,0.0,0.0,0.0,0.0,0.0,61630.06093509858,2.4783730623312294e-11,0.013837599218982092,0.24268140483584177
Top_10_MarketCap_Quarterly,10,False,0.3,2016,61630.06093509858,0.13765484915598183,1137.2389919461862,70113.73767659355,2423.1723561547046,0.0,0.0,0.0,0.0,0.0,70113.73767659355,2.3646862246096134e-11,0.11959912078710487,0.20548294984661336
Top_10_MarketCap_Quarterly,10,False,0.3,2017,70113.73767659355,0.33182481900511684,1170.8042858486028,93379.21599090144,4679.608419027821,0.0,0.0,0.0,0.0,0.0,93379.21599090144,0.0,0.2183160148270721,0.15799894478799062
Top_10_MarketCap_Quarterly,10,False,0.3,2018,93379.21599090144,0.007164910056117006,1178.9006888371755,94048.26967458698,2560.9705632565965,0.0,0.0,0.0,0.0,0.0,94048.26967458696,2.7284841053187847e-12,-0.043842417452558714,0.2391728011513698
Top_10_MarketCap_Quarterly,10,False,0.3,2019,94048.26967458698,0.43774977705938173,1206.0343845875236,135217.87875745803,5129.05128270631,0.0,0.0,0.0,0.0,0.0,135217.878757458,0.0,0.3148637098683444,0.0533319375246921
Top_10_MarketCap_Quarterly,10,False,0.3,2020,135217.87875745803,0.38068901518150444,1266.5835861373685,186693.8398565668,11038.569689840446,0.0,0.0,0.0,0.0,0.0,186693.8398565668,1.546140993013978e-11,0.18398826898926857,0.18977739531787674
Top_10_MarketCap_Quarterly,10,False,0.3,2021,186693.8398565668,0.3618187471942042,1128.1210387599715,254243.1711023452,11831.349721441497,0.0,0.0,0.0,0.0,0.0,254243.1711023452,0.0,0.2870536836204064,0.09566270372375149
Top_10_MarketCap_Quarterly,10,False,0.3,2022,254243.1711023452,-0.34221057378224484,1122.4887073704997,167238.4696391942,-6197.0701754288275,0.0,0.0,0.0,0.0,0.0,167238.46963919423,5.820766091346741e-11,-0.18110887480348867,0.17552213287707788
Top_10_MarketCap_Quarterly,10,False,0.3,2023,167238.4696391942,0.5113579913639137,1463.168589467228,252757.1975526674,8139.508599796493,0.0,0.0,0.0,0.0,0.0,252757.1975526674,3.637978807091713e-12,0.2628765887097365,0.1931105916586166
Top_10_MarketCap_Quarterly,10,False,0.3,2024,252757.1975526674,0.46630277361979455,1397.168149274438,370618.57982384256,8587.39747530484,0.0,0.0,0.0,0.0,0.0,370618.57982384256,8.36735125631094e-11,0.2501967983593843,0.12766167598103464
Top_10_MarketCap_Quarterly,10,True,0.3,1995,10000.0,0.429849683860221,282.3372330414394,14298.49683860221,734.4861032823426,734.4861032823426,220.34583098470284,84.70116991243181,305.04700089713464,0.0,14055.181214052916,0.0,0.3757621024474126,0.22774293760279493
Top_10_MarketCap_Quarterly,10,True,0.3,1996,14055.181214052916,0.29887668781905885,268.14440672478986,18255.94722200571,1116.888438306459,1116.888438306459,335.06653149193755,80.44332201743694,415.50985350937447,0.0,18229.443575600286,0.0,0.229609615675976,0.368527509789063
Top_10_MarketCap_Quarterly,10,True,0.3,1997,18229.443575600286,0.3439656648196691,299.99321998515626,24499.746254374284,41.158985843894264,41.158985843894264,12.347695753168278,89.99796599554688,102.34566174871516,0.0,24465.009069237647,0.0,0.3336276825136051,0.00860820830725131
Top_10_MarketCap_Quarterly,10,True,0.3,1998,24465.009069237647,0.35198445087158453,285.61144118288433,33076.311852041596,4129.933557245179,4129.933557245179,1238.9800671735527,85.68343235486529,1324.663499528418,0.0,32898.001098508925,0.0,0.2857901787776598,0.38401229624417615
Top_10_MarketCap_Quarterly,10,True,0.3,1999,32898.001098508925,0.384709446393264,243.28903911215258,45554.17288856128,5372.389049064854,5372.389049064854,1611.7167147194555,72.98671173364578,1684.7034264531012,0.0,44601.533593571156,0.0,0.21041191370111562,0.31286643619264515
Top_10_MarketCap_Quarterly,10,True,0.3,2000,44601.533593571156,-0.25453731841020805,231.30402924634583,33248.77883568074,645.4709235050786,645.4709235050786,193.64127705152362,69.39120877390374,263.03248582542733,0.0,33037.146290593366,0.0,-0.09104086276837844,0.33249820062230795
Top_10_MarketCap_Quarterly,10,True,0.3,2001,33037.146290593366,-0.12269527798670163,293.7708832694426,28983.644442581684,-356.4493756888588,-356.4493756888588,0.0,88.13126498083277,88.13126498083277,356.4493756888587,29049.76927014371,0.0,-0.11886010983089954,0.296636211925825
Top_10_MarketCap_Quarterly,10,True,0.3,2002,29049.76927014371,-0.27183374399817584,441.96964871900127,21153.06172715739,-1998.847172334351,-2355.2965480232097,0.0,132.59089461570036,132.59089461570036,2355.296548023209,21128.62672118606,0.0,-0.22100334778687813,0.25916881974408423
Top_10_MarketCap_Quarterly,10,True,0.3,2003,21128.62672118606,0.2015528074999681,377.1313488326307,25387.160755459958,80.34423614055903,-2274.95231188265,0.0,113.1394046497892,113.1394046497892,2274.95231188265,25353.19863618049,4.547473508864641e-12,0.28684248085126623,0.16029202117776908
Top_10_MarketCap_Quarterly,10,True,0.3,2004,25353.19863618049,0.011477072715481332,754.63999666982,25644.179140497974,-90.50071523821279,-2365.4530271208628,0.0,226.391999000946,226.391999000946,2365.4530271208628,25504.510737496897,0.0,0.10882102850382633,0.2743196219500722
Top_10_MarketCap_Quarterly,10,True,0.3,2005,25504.510737496897,-0.017774554186197205,558.9564707394532,25051.17942940081,116.80365767791818,-2248.6493694429446,0.0,167.68694122183592,167.68694122183592,2248.649369442945,25007.711288606377,0.0,0.04911783501430919,0.2953154277493462
Top_10_MarketCap_Quarterly,10,True,0.3,2006,25007.711288606377,0.16703873589404158,711.3697483426886,29184.96776985834,379.4104981547778,-1869.2388712881673,0.0,213.41092450280658,213.41092450280658,1869.2388712881673,29130.93784567353,0.0,0.15794463807112516,0.15350658362851155
Top_10_MarketCap_Quarterly,10,True,0.3,2007,29130.93784567353,0.016827922628415374,1324.2485787552976,29621.1510138337,-818.998875955477,-2688.237747243644,0.0,397.2745736265892,397.2745736265892,2688.237747243644,29565.541936427533,0.0,0.054937263566210565,0.47535425401629494
Top_10_MarketCap_Quarterly,10,True,0.3,2008,29565.541936427533,-0.2908144126496703,690.7653232763337,20967.456223516165,-2334.3628102983776,-5022.600557542022,0.0,207.2295969829001,207.2295969829001,5022.600557542021,20914.23424213238,0.0,-0.3699761081938922,0.2935951510805375
Top_10_MarketCap_Quarterly,10,True,0.3,2009,20914.23424213238,0.10440288848234716,543.5747833346115,23097.740707407414,-43.33245594536879,-5065.93301348739,0.0,163.07243500038342,163.07243500038342,5065.933013487391,23067.376806429707,0.0,0.2646423212982973,0.4386823283094131
Top_10_MarketCap_Quarterly,10,True,0.3,2010,23067.376806429707,0.08370040290508066,427.3756782343212,24998.125539091187,535.4288532703936,-4530.504160216997,0.0,128.21270347029633,128.21270347029633,4530.504160216997,24963.358113688373,2.5011104298755527e-12,0.15063401360544215,0.32030946635663293
Top_10_MarketCap_Quarterly,10,True,0.3,2011,24963.358113688373,0.09822190354986987,549.0378154512573,27415.306666611934,-239.20997866762735,-4769.714138884624,0.0,164.7113446353772,164.7113446353772,4769.714138884624,27371.213290611508,0.0,0.02111820043608024,0.161828016676346
Top_10_MarketCap_Quarterly,10,True,0.3,2012,27371.213290611508,0.13472274344910526,770.9235405937724,31058.738236653302,1785.5166691126058,-2984.197469772018,0.0,231.2770621781317,231.2770621781317,2984.197469772018,30994.662764487086,0.0,0.1600322380427432,0.22490196772571372
Top_10_MarketCap_Quarterly,10,True,0.3,2013,30994.662764487086,0.289311225887144,761.3847446909024,39961.76664483946,2017.184259837502,-967.013209934516,0.0,228.41542340727068,228.41542340727068,967.013209934516,39900.73521450594,0.0,0.32388478062960185,0.16813820625668766
Top_10_MarketCap_Quarterly,10,True,0.3,2014,39900.73521450594,0.13655940127607205,883.4992522004251,45349.55572587396,957.3852425728935,-9.627967361622495,0.0,265.04977566012747,265.04977566012747,9.627967361622268,45281.30234841794,0.0,0.13688363157085162,0.1697298299136641
Top_10_MarketCap_Quarterly,10,True,0.3,2015,45281.30234841794,0.05582739152800555,962.1003369514524,47809.23934352107,2577.256268343684,2567.628300982062,770.2884902946187,288.6301010854357,1058.9185913800543,0.0,46969.85977600349,0.0,0.013837599218982092,0.23952956358103236
Top_10_MarketCap_Quarterly,10,True,0.3,2016,46969.85977600349,0.12405216035970815,859.7859943422554,52796.57235300928,2134.9935235432,2134.9935235432,640.4980570629602,257.93579830267663,898.4338553656369,0.0,52475.59517173175,0.0,0.11959912078710487,0.20685741576547215
Top_10_MarketCap_Quarterly,10,True,0.3,2017,52475.59517173175,0.31839944847135043,871.8239315930186,69183.795732617,4073.878586817774,4073.878586817774,1222.163576045332,261.54717947790556,1483.7107555232378,0.0,68303.37602538524,0.0,0.2183160148270721,0.16036585189304983
Top_10_MarketCap_Quarterly,10,True,0.3,2018,68303.37602538524,-0.0018891671110736214,857.5015910350244,68174.33953382279,2423.221194112011,2423.221194112011,726.9663582336029,257.25047731050734,984.2168355441104,0.0,67842.7331930948,0.0,-0.043842417452558714,0.2426442396338092
Top_10_MarketCap_Quarterly,10,True,0.3,2019,67842.7331930948,0.4343108564212532,868.9160059374717,97307.56874814638,4396.65673197836,4396.65673197836,1318.997019593508,260.6748017812415,1579.6718213747495,0.0,95924.03642420999,0.0,0.3148637098683444,0.05484590332371668
Top_10_MarketCap_Quarterly,10,True,0.3,2020,95924.03642420999,0.3710366730578919,895.3631108861363,131515.3717653329,8641.54370131679,8641.54370131679,2592.4631103950355,268.6089332658409,2861.0720436608763,0.0,129402.36400194796,0.0,0.18398826898926857,0.18773253327144032
Top_10_MarketCap_Quarterly,10,True,0.3,2021,129402.36400194796,0.3468536770407753,777.6155166788506,174286.04977379247,10426.028976453395,10426.028976453395,3127.808692936018,233.2846550036552,3361.093347939673,0.0,172550.73215935123,0.0,0.2870536836204064,0.10204042612502813
Top_10_MarketCap_Quarterly,10,True,0.3,2022,172550.73215935123,-0.34247224739227083,760.7185296923053,113456.89512755643,-3747.101279427803,-3747.101279427803,0.0,228.21555890769156,228.21555890769156,3747.1012794278017,113388.95367880624,6.366462912410498e-12,-0.18110887480348867,0.17805060969444164
Top_10_MarketCap_Quarterly,10,True,0.3,2023,113388.95367880624,0.5090580306495339,991.2693551187772,171110.51113595057,6130.696343934664,2383.595064506862,715.078519352058,297.38080653563316,1012.4593258876912,0.0,170321.8497806266,0.0,0.2628765887097365,0.19452124396553305
Top_10_MarketCap_Quarterly,10,True,0.3,2024,170321.8497806266,0.4556047762720003,939.5289046449562,247921.29804416222,7425.718152766583,7425.718152766583,2227.715445829975,281.8586713934869,2509.574117223462,0.0,247058.13074383917,0.0,0.2501967983593843,0.13108653860244407
World_Top_3_MarketCap,3,False,0.3,1995,10000.0,0.42529884350287284,452.89638043017027,14252.988435028728,1312.7868852459014,0.0,0.0,0.0,0.0,0.0,14252.988435028728,2.7284841053187847e-12,0.3757621024474126,0.3284989838910713
World_Top_3_MarketCap,3,False,0.3,1996,14252.988435028728,0.3612250188656903,386.37844556789787,19401.524451364447,9.580861610956616,0.0,0.0,0.0,0.0,0.0,19401.52445136445,1.8758328224066645e-12,0.229609615675976,0.010977349249039734
World_Top_3_MarketCap,3,False,0.3,1997,19401.524451364447,0.369478369762659,426.19143452912414,26569.96807656495,3864.933070317497,0.0,0.0,0.0,0.0,0.0,26569.968076564954,0.0,0.3336276825136051,0.30962688670098487
World_Top_3_MarketCap,3,False,0.3,1998,26569.96807656495,0.5259370108614755,246.04607549956236,40544.09766543835,4523.692544579888,0.0,0.0,0.0,0.0,0.0,40544.09766543834,0.0,0.2857901787776598,0.2453477685727092
World_Top_3_MarketCap,3,False,0.3,1999,40544.09766543835,0.5590912952140932,232.4490704160227,63211.949742494966,6341.463864025628,0.0,0.0,0.0,0.0,0.0,63211.949742494966,0.0,0.21041191370111562,0.2654027311483837
World_Top_3_MarketCap,3,False,0.3,2000,63211.949742494966,-0.34565046104272057,235.11547813876066,41362.7101705923,463.22735278279106,0.0,0.0,0.0,0.0,0.0,41362.7101705923,0.0,-0.09104086276837844,0.6054053038109153
World_Top_3_MarketCap,3,False,0.3,2001,41362.7101705923,-0.11808737977920275,618.8918539526029,36478.29610598047,-1713.2713391276056,0.0,0.0,0.0,0.0,0.0,36478.29610598047,0.0,-0.11886010983089954,0.32719629880864165
World_Top_3_MarketCap,3,False,0.3,2002,36478.29610598047,-0.2386714802374677,498.4592305061719,27771.96717782546,-277.9786478851788,0.0,0.0,0.0,0.0,0.0,27771.96717782546,1.5916157281026244e-12,-0.22100334778687813,0.049973653182690626
World_Top_3_MarketCap,3,False,0.3,2003,27771.96717782546,0.18684038125281785,621.5164392728955,32960.89211347111,573.61631075332,0.0,0.0,0.0,0.0,0.0,32960.89211347111,3.069544618483633e-12,0.28684248085126623,0.033412252734600766
World_Top_3_MarketCap,3,False,0.3,2004,32960.89211347111,0.18466126411296535,1941.806413200688,39047.49211743576,-51.047407329918514,0.0,0.0,0.0,0.0,0.0,39047.49211743576,0.0,0.10882102850382633,0.030322719027429057
World_Top_3_MarketCap,3,False,0.3,2005,39047.49211743576,0.03206332610481661,787.6156871387706,40299.48459077236,-19.151074672835435,0.0,0.0,0.0,0.0,0.0,40299.48459077236,0.0,0.04911783501430919,0.011554954706342737
World_Top_3_MarketCap,3,False,0.3,2006,40299.48459077236,0.22061350434972612,912.5245890531451,49190.095109830436,801.4661097103733,0.0,0.0,0.0,0.0,0.0,49190.09510983043,1.5916157281026244e-12,0.15794463807112516,0.04692781668009013
World_Top_3_MarketCap,3,False,0.3,2007,49190.095109830436,0.1602209197826297,1032.1543051849944,57071.3773925225,66.82481427896926,0.0,0.0,0.0,0.0,0.0,57071.377392522496,4.547473508864641e-13,0.054937263566210565,0.025850726770168114
World_Top_3_MarketCap,3,False,0.3,2008,57071.3773925225,-0.34071154043975743,1185.0323258246847,37626.500486097415,-5598.560892458722,0.0,0.0,0.0,0.0,0.0,37626.50048609741,0.0,-0.3699761081938922,0.5003817223765283
World_Top_3_MarketCap,3,False,0.3,2009,37626.500486097415,-0.06564894382996654,834.4797935325048,35156.3604691674,-267.77412699422155,0.0,0.0,0.0,0.0,0.0,35156.3604691674,9.094947017729282e-12,0.2646423212982973,0.5757607462082186
World_Top_3_MarketCap,3,False,0.3,2010,35156.3604691674,0.16118585198999746,572.6720027167954,40823.06838425761,225.36831069643205,0.0,0.0,0.0,0.0,0.0,40823.06838425761,0.0,0.15063401360544215,0.022953283324461334
World_Top_3_MarketCap,3,False,0.3,2011,40823.06838425761,0.14415315273551124,673.8965502604691,46707.84239618572,503.8501267364822,0.0,0.0,0.0,0.0,0.0,46707.84239618571,0.0,0.02111820043608024,0.029654184359836546
World_Top_3_MarketCap,3,False,0.3,2012,46707.84239618572,0.14932000911625992,1070.915506559475,53682.257848585,-784.504331166439,0.0,0.0,0.0,0.0,0.0,53682.25784858501,3.637978807091713e-12,0.1600322380427432,0.26864002019888095
World_Top_3_MarketCap,3,False,0.3,2013,53682.257848585,0.2502866200183595,980.677904883998,67118.20872046139,977.8329028521978,0.0,0.0,0.0,0.0,0.0,67118.2087204614,0.0,0.32388478062960185,0.0467892080845647
World_Top_3_MarketCap,3,False,0.3,2014,67118.20872046139,0.12242087638034244,1161.357798349677,75334.87865309902,9859.874791090066,0.0,0.0,0.0,0.0,0.0,75334.87865309902,0.0,0.13688363157085162,0.3237041570257027
World_Top_3_MarketCap,3,False,0.3,2015,75334.87865309902,0.01455544314765987,1873.6184280857615,76431.41119637006,137.59696952448144,0.0,0.0,0.0,0.0,0.0,76431.41119637006,0.0,0.013837599218982092,0.023317639839716228
World_Top_3_MarketCap,3,False,0.3,2016,76431.41119637006,0.1492708728702041,2096.4488383847884,87840.3946603537,8725.376551895482,0.0,0.0,0.0,0.0,0.0,87840.39466035369,0.0,0.11959912078710487,0.27898870537879344
World_Top_3_MarketCap,3,False,0.3,2017,87840.3946603537,0.4756764140573663,1519.2032237237518,129623.99860177458,2644.2084658522454,0.0,0.0,0.0,0.0,0.0,129623.99860177455,0.0,0.2183160148270721,0.030675578110017487
World_Top_3_MarketCap,3,False,0.3,2018,129623.99860177458,0.12827437848122736,1708.7640735182708,146251.4364586687,314.4742596779979,0.0,0.0,0.0,0.0,0.0,146251.43645866867,0.0,-0.043842417452558714,0.010135470923286594
World_Top_3_MarketCap,3,False,0.3,2019,146251.4364586687,0.5670325010700075,1904.5135464234904,229180.75425890888,3993.513681390255,0.0,0.0,0.0,0.0,0.0,229180.7542589089,8.640199666842818e-12,0.3148637098683444,0.023571891950273153
World_Top_3_MarketCap,3,False,0.3,2020,229180.75425890888,0.6599461181056427,2046.8434678083397,380427.70337659906,3506.5400806211874,0.0,0.0,0.0,0.0,0.0,380427.7033765991,0.0,0.18398826898926857,0.014483210299450532
World_Top_3_MarketCap,3,False,0.3,2021,380427.70337659906,0.3168015757337846,2290.5601242732628,500947.79925909045,93479.60891067081,0.0,0.0,0.0,0.0,0.0,500947.7992590905,7.275957614183426e-11,0.2870536836204064,0.2446273538899349
World_Top_3_MarketCap,3,False,0.3,2022,500947.79925909045,-0.3005050809338824,2368.7364156932927,350410.4402990872,3019.59101569346,0.0,0.0,0.0,0.0,0.0,350410.44029908726,2.1827872842550278e-11,-0.18110887480348867,0.01252737582511947
World_Top_3_MarketCap,3,False,0.3,2023,350410.4402990872,0.5438724800410938,2543.1332838332037,540989.0354968434,-2154.5029305829958,0.0,0.0,0.0,0.0,0.0,540989.0354968433,0.0,0.2628765887097365,0.23414258342770064
World_Top_3_MarketCap,3,False,0.3,2024,540989.0354968434,0.5190504126151807,2961.5992426312096,821789.6175917686,13666.829075705098,0.0,0.0,0.0,0.0,0.0,821789.6175917685,0.0,0.2501967983593843,0.028147551499662807
World_Top_3_MarketCap,3,True,0.3,1995,10000.0,0.42529884350287284,452.89638043017027,14252.988435028728,1323.1513421049158,1323.1513421049158,396.9454026314745,135.86891412905106,532.8143167605256,0.0,13720.174118268202,0.0,0.3757621024474126,0.3123014031099405
World_Top_3_MarketCap,3,True,0.3,1996,13720.174118268202,0.3612250188630883,371.9345997586634,18676.24427294449,30.690829047860138,30.690829047860138,9.207248714358045,111.58037992759903,120.78762864195707,0.0,18555.456644302532,0.0,0.229609615675976,0.01011775183471362
World_Top_3_MarketCap,3,True,0.3,1997,18555.456644302532,0.36947836977317317,407.60594380960924,25411.296515636226,4287.195241138617,4287.195241138617,1286.158572341585,122.28178314288277,1408.4403554844678,0.0,24002.856160151758,0.0,0.3336276825136051,0.3197339364584425
World_Top_3_MarketCap,3,True,0.3,1998,24002.856160151758,0.5259370107473708,222.2738297259244,36626.846578421086,4396.658369195494,4396.658369195494,1318.997510758648,66.68214891777731,1385.6796596764254,0.0,35241.16691874465,0.0,0.2857901787776598,0.24169672935898634
World_Top_3_MarketCap,3,True,0.3,1999,35241.16691874465,0.5590912952303657,202.0460921341353,54944.19657677512,6684.674522608625,6684.674522608625,2005.4023567825882,60.61382764024059,2066.0161844228287,0.0,52878.18039235229,0.0,0.21041191370111562,0.27415493963128695
World_Top_3_MarketCap,3,True,0.3,2000,52878.18039235229,-0.3456504609956157,196.67924697259966,34600.812963126395,450.0264612580978,450.0264612580978,135.00793837742933,59.003774091779896,194.01171246920921,0.0,34406.80125065718,0.0,-0.09104086276837844,0.6047983448543961
World_Top_3_MarketCap,3,True,0.3,2001,34406.80125065718,-0.11808737978332091,514.8136794643503,30343.792244241587,-1429.9533041179388,-1429.9533041179388,0.0,154.4441038393051,154.4441038393051,1429.9533041179388,30189.348140402282,0.0,-0.11886010983089954,0.3261423483292094
World_Top_3_MarketCap,3,True,0.3,2002,30189.348140402282,-0.23867148023746754,412.5236332264095,22984.011732328232,-239.15088202050157,-1669.1041861384404,0.0,123.75708996792285,123.75708996792285,1669.1041861384404,22860.25464236031,0.0,-0.22100334778687813,0.048902545747637916
World_Top_3_MarketCap,3,True,0.3,2003,22860.25464236031,0.18684038125281768,511.59588282733756,27131.473335275405,509.288761368891,-1159.8154247695493,0.0,153.47876484820125,153.47876484820125,1159.8154247695493,26977.994570427203,6.821210263296962e-13,0.28684248085126623,0.03246944384894732
World_Top_3_MarketCap,3,True,0.3,2004,26977.994570427203,0.18466126411296543,1589.3393507616477,31959.78515103501,-75.66624608775675,-1235.481670857306,0.0,476.8018052284943,476.8018052284943,1235.481670857306,31482.983345806515,0.0,0.10882102850382633,0.0272897751365114
World_Top_3_MarketCap,3,True,0.3,2005,31482.983345806515,0.03206332610481653,635.0341652291047,32492.432507575617,-29.637141876692326,-1265.1188127339983,0.0,190.5102495687314,190.5102495687314,1265.1188127339983,32301.92225800689,1.1368683772161603e-13,0.04911783501430919,0.010262524698598164
World_Top_3_MarketCap,3,True,0.3,2006,32301.92225800689,0.22061350434972607,731.4311493915175,39428.162524578205,678.7777045530946,-586.3411081809037,0.0,219.42934481745525,219.42934481745525,586.3411081809037,39208.73317976075,2.1600499167107046e-12,0.15794463807112516,0.04627655878702702
World_Top_3_MarketCap,3,True,0.3,2007,39208.73317976075,0.16022091978262992,822.7156841632564,45490.792473333735,58.05103226783606,-528.2900759130677,0.0,246.8147052489769,246.8147052489769,528.2900759130677,45243.97776808475,0.0,0.054937263566210565,0.0246481460011821
World_Top_3_MarketCap,3,True,0.3,2008,45243.97776808475,-0.3407115404397573,939.4477346379678,29828.83240709846,-3722.0504062244986,-4250.340482137566,0.0,281.8343203913903,281.8343203913903,4250.340482137566,29546.99808670707,0.0,-0.3699761081938922,0.5002293290550942
World_Top_3_MarketCap,3,True,0.3,2009,29546.99808670707,-0.06564894382996628,655.2927469832305,27607.268868968717,-180.88706812774325,-4431.227550265309,0.0,196.58782409496914,196.58782409496914,4431.227550265309,27410.68104487374,0.0,0.2646423212982973,0.5751367522821058
World_Top_3_MarketCap,3,True,0.3,2010,27410.68104487374,0.16118585198999716,446.50041700323106,31828.89502271778,191.35952202373426,-4239.868028241575,0.0,133.9501251009693,133.9501251009693,4239.868028241575,31694.944897616813,0.0,0.15063401360544215,0.022268187775175027
World_Top_3_MarketCap,3,True,0.3,2011,31694.944897616813,0.14415315273551135,523.2118719286725,36263.871130386586,447.0499725669148,-3792.8180556746606,0.0,156.96356157860174,156.96356157860174,3792.8180556746606,36106.90756880798,0.0,0.02111820043608024,0.030676821942638634
World_Top_3_MarketCap,3,True,0.3,2012,36106.90756880798,0.14932000911625998,827.8577049515743,41498.39133614235,-575.9652362902502,-4368.783291964911,0.0,248.35731148547228,248.35731148547228,4368.783291964911,41250.03402465688,7.275957614183426e-12,0.1600322380427432,0.2675576726054952
World_Top_3_MarketCap,3,True,0.3,2013,41250.03402465688,0.25028662001835933,753.56362725642,51574.36561633057,776.2036474025039,-3592.579644562407,0.0,226.069088176926,226.069088176926,3592.579644562407,51348.296528153645,0.0,0.32388478062960185,0.04590209921134077
World_Top_3_MarketCap,3,True,0.3,2014,51348.296528153645,0.12242087638034244,888.4883214525239,57634.39998976791,8026.994072950177,4434.41442838777,1330.3243285163312,266.54649643575715,1596.8708249520882,0.0,56037.529164815816,0.0,0.13688363157085162,0.321395248300609
World_Top_3_MarketCap,3,True,0.3,2015,56037.529164815816,0.014555443146518937,1393.6831011686033,56853.18023464569,126.49737538230136,126.49737538230136,37.94921261469045,418.104930350581,456.05414296527147,0.0,56397.126091680424,0.0,0.013837599218982092,0.02191627391055314
World_Top_3_MarketCap,3,True,0.3,2016,56397.126091680424,0.149270872870074,1546.925375736445,64815.57433074919,6803.119215968258,6803.119215968258,2040.9357647904774,464.0776127209335,2505.013377511411,0.0,62310.560953237786,0.0,0.11959912078710487,0.26029864725528873
World_Top_3_MarketCap,3,True,0.3,2017,62310.560953237786,0.4756764140563913,1077.6637040291766,91950.22514531613,2188.980490472081,2188.980490472081,656.6941471416244,323.299111208753,979.9932583503773,0.0,90970.23188696573,0.0,0.2183160148270721,0.02949137065343062
World_Top_3_MarketCap,3,True,0.3,2018,90970.23188696573,0.1282743784721317,1199.2120725341574,102639.38184173196,290.51237885463775,290.51237885463775,87.1537136563914,359.7636217602472,446.9173354166386,0.0,102192.46450631533,0.0,-0.043842417452558714,0.009316552657121788
World_Top_3_MarketCap,3,True,0.3,2019,102192.46450631533,0.5670325010610503,1330.769377063281,160138.91324492393,3250.3458155180406,3250.3458155180406,975.1037446554121,399.23081311898426,1374.3345577743964,0.0,158764.5786871495,0.0,0.3148637098683444,0.022480941918415216
World_Top_3_MarketCap,3,True,0.3,2020,158764.5786871495,0.659946118107317,1417.9473397229751,263540.6460846775,3254.004687065793,3254.004687065793,976.2014061197378,425.38420191689255,1401.5856080366304,0.0,262139.06047664082,0.0,0.18398826898926857,0.015404352003879563
World_Top_3_MarketCap,3,True,0.3,2021,262139.06047664082,0.3168015757134145,1578.3426747595213,345185.1278916747,81893.12670308832,81893.12670308832,24567.938010926493,473.50280242785635,25041.44081335435,0.0,320143.68707832036,1.4551915228366852e-11,0.2870536836204064,0.26298749768169144
World_Top_3_MarketCap,3,True,0.3,2022,320143.68707832036,-0.30050508092710193,1513.802458090876,223938.8824845489,2373.731182819443,2373.731182819443,712.1193548458325,454.14073742726276,1166.2600922730953,0.0,222772.62239227578,0.0,-0.18110887480348867,0.01202798436491378
World_Top_3_MarketCap,3,True,0.3,2023,222772.62239227578,0.5438724800359875,1616.7910701518997,343932.5210168834,-1530.6391776448581,-1530.6391776448581,0.0,485.0373210455699,485.0373210455699,1530.6391776448581,343447.4836958378,4.3655745685100555e-11,0.2628765887097365,0.23343744894775872
World_Top_3_MarketCap,3,True,0.3,2024,343447.4836958378,0.5190504126151809,1880.1745337833613,521714.041819808,9287.948744395206,7757.309566750348,2327.192870025104,564.0523601350084,2891.2452301601124,0.0,518822.7965896479,0.0,0.2501967983593843,0.02723358643955444
World_Top_3_MarketCap_Quarterly,3,False,0.3,1995,10000.0,0.4023909421410679,448.80126092781336,14023.909421410679,1078.6937674065366,0.0,0.0,0.0,0.0,0.0,14023.90942141068,3.637978807091713e-12,0.3757621024474126,0.9545262797594274
World_Top_3_MarketCap_Quarterly,3,False,0.3,1996,14023.909421410679,0.3640558989926792,383.02342212659664,19129.396373214247,71.02273451824443,0.0,0.0,0.0,0.0,0.0,19129.39637321425,2.1032064978498966e-12,0.229609615675976,0.01891675425315945
World_Top_3_MarketCap_Quarterly,3,False,0.3,1997,19129.396373214247,0.37127251926875476,422.9095020725788,26231.61555678808,3983.463655148062,0.0,0.0,0.0,0.0,0.0,26231.615556788078,0.0,0.3336276825136051,0.324062521284723
World_Top_3_MarketCap_Quarterly,3,False,0.3,1998,26231.61555678808,0.490269954601427,267.4788442441273,39092.18852493666,3912.3735766093105,0.0,0.0,0.0,0.0,0.0,39092.18852493666,0.0,0.2857901787776598,0.47469015800791636
World_Top_3_MarketCap_Quarterly,3,False,0.3,1999,39092.18852493666,0.7028825307845348,208.15304619212293,66569.40492925029,1014.2310872103685,0.0,0.0,0.0,0.0,0.0,66569.40492925029,0.0,0.21041191370111562,0.23761624299823025
World_Top_3_MarketCap_Quarterly,3,False,0.3,2000,66569.40492925029,-0.38296691709487457,244.06543375282826,41075.52515065496,7124.533183715732,0.0,0.0,0.0,0.0,0.0,41075.525150654954,0.0,-0.09104086276837844,1.1725126333225617
World_Top_3_MarketCap_Quarterly,3,False,0.3,2001,41075.52515065496,-0.052317794457054465,514.5348417563716,38926.544268607424,-567.5969639755239,0.0,0.0,0.0,0.0,0.0,38926.544268607424,2.2737367544323206e-13,-0.11886010983089954,0.3580505984712999
World_Top_3_MarketCap_Quarterly,3,False,0.3,2002,38926.544268607424,-0.2738854469579463,547.4867156262316,28265.130293071597,-2335.8900744021025,0.0,0.0,0.0,0.0,0.0,28265.1302930716,2.7284841053187847e-12,-0.22100334778687813,0.7077285747069122
World_Top_3_MarketCap_Quarterly,3,False,0.3,2003,28265.130293071597,0.1886274354422842,637.8559844303177,33596.70933269571,691.8831762896082,0.0,0.0,0.0,0.0,0.0,33596.709332695704,0.0,0.28684248085126623,0.04031561497184671
World_Top_3_MarketCap_Quarterly,3,False,0.3,2004,33596.70933269571,0.18640509933936328,2001.8380726156004,39859.30727333257,11.837282436793657,0.0,0.0,0.0,0.0,0.0,39859.30727333257,0.0,0.10882102850382633,0.03497973668977525
World_Top_3_MarketCap_Quarterly,3,False,0.3,2005,39859.30727333257,0.03204070682611218,810.028005806145,41136.42765196934,2.657993985565952,0.0,0.0,0.0,0.0,0.0,41136.42765196934,3.254285729781259e-12,0.04911783501430919,0.015477075860856457
World_Top_3_MarketCap_Quarterly,3,False,0.3,2006,41136.42765196934,0.15806184674103832,974.8851271486009,47638.527374968726,-216.16815294202001,0.0,0.0,0.0,0.0,0.0,47638.527374968726,2.7284841053187847e-12,0.15794463807112516,0.5785301516678991
World_Top_3_MarketCap_Quarterly,3,False,0.3,2007,47638.527374968726,0.1619407277415324,1007.3783463802098,55353.145166606075,262.83715550987085,0.0,0.0,0.0,0.0,0.0,55353.145166606075,9.777068044058979e-12,0.054937263566210565,0.030333953758069205
World_Top_3_MarketCap_Quarterly,3,False,0.3,2008,55353.145166606075,-0.3958079127612462,1153.612767927526,33443.93231344146,-8045.509902674474,0.0,0.0,0.0,0.0,0.0,33443.93231344146,1.8189894035458565e-12,-0.3699761081938922,1.2904310500138296
World_Top_3_MarketCap_Quarterly,3,False,0.3,2009,33443.93231344146,-0.01892746460179064,662.2435271157316,32810.92346843411,-947.5289156136428,0.0,0.0,0.0,0.0,0.0,32810.923468434106,3.637978807091713e-12,0.2646423212982973,1.0594470636588167
World_Top_3_MarketCap_Quarterly,3,False,0.3,2010,32810.92346843411,0.16342118647574774,537.8480231895987,38172.92351101057,279.4627441702146,0.0,0.0,0.0,0.0,0.0,38172.92351101058,1.5916157281026244e-12,0.15063401360544215,0.029011458312627435
World_Top_3_MarketCap_Quarterly,3,False,0.3,2011,38172.92351101057,0.12657580765721724,638.7170558398004,43004.69213505391,783.4805444165611,0.0,0.0,0.0,0.0,0.0,43004.69213505392,7.958078640513122e-12,0.02111820043608024,0.524868307211457
World_Top_3_MarketCap_Quarterly,3,False,0.3,2012,43004.69213505391,0.1479341782471233,992.6485525853777,49366.55592682364,974.7004128187137,0.0,0.0,0.0,0.0,0.0,49366.555926823654,1.0913936421275139e-11,0.1600322380427432,0.276354329207642
World_Top_3_MarketCap_Quarterly,3,False,0.3,2013,49366.55592682364,0.14736532838454278,893.579491321621,56641.4746521939,15960.51122789742,0.0,0.0,0.0,0.0,0.0,56641.474652193894,0.0,0.32388478062960185,1.0368529713292962
World_Top_3_MarketCap_Quarterly,3,False,0.3,2014,56641.4746521939,0.12033635162624765,1094.996192226604,63457.5030625695,5131.205490712253,0.0,0.0,0.0,0.0,0.0,63457.50306256951,7.275957614183426e-12,0.13688363157085162,1.182276651312557
World_Top_3_MarketCap_Quarterly,3,False,0.3,2015,63457.5030625695,0.019276675821176724,1278.4476127148334,64680.75277752798,-2336.176449022749,0.0,0.0,0.0,0.0,0.0,64680.75277752798,0.0,0.013837599218982092,1.1366319951380324
World_Top_3_MarketCap_Quarterly,3,False,0.3,2016,64680.75277752798,0.10483285912795472,1619.2920323467395,71461.42102174464,2217.717256679266,0.0,0.0,0.0,0.0,0.0,71461.42102174464,1.5916157281026244e-12,0.11959912078710487,0.2966281197679854
World_Top_3_MarketCap_Quarterly,3,False,0.3,2017,71461.42102174464,0.4170225349844999,1238.7023333770844,101262.44396982722,6541.43508012112,0.0,0.0,0.0,0.0,0.0,101262.44396982723,3.637978807091713e-12,0.2183160148270721,0.5547649475636331
World_Top_3_MarketCap_Quarterly,3,False,0.3,2018,101262.44396982722,0.1274332143604645,1340.628651352421,114166.64269889874,181.99763213098174,0.0,0.0,0.0,0.0,0.0,114166.64269889874,1.3642420526593924e-12,-0.043842417452558714,0.01267764067484553
World_Top_3_MarketCap_Quarterly,3,False,0.3,2019,114166.64269889874,0.569353603422575,1492.5309544740471,179167.83211017435,2953.995117883974,0.0,0.0,0.0,0.0,0.0,179167.83211017435,4.547473508864641e-13,0.3148637098683444,0.02637093327565554
World_Top_3_MarketCap_Quarterly,3,False,0.3,2020,179167.83211017435,0.6622971399591001,1605.0640383572018,297830.17488941504,2936.491265563017,0.0,0.0,0.0,0.0,0.0,297830.174889415,0.0,0.18398826898926857,0.0178395083743833
World_Top_3_MarketCap_Quarterly,3,False,0.3,2021,297830.17488941504,0.33339401456753076,1785.1853370245626,397124.9725551469,58224.01617560701,0.0,0.0,0.0,0.0,0.0,397124.97255514696,7.457856554538012e-11,0.2870536836204064,0.27026241681801405
World_Top_3_MarketCap_Quarterly,3,False,0.3,2022,397124.9725551469,-0.30097457434061725,1881.764058296037,277600.45298033225,2696.3883975382373,0.0,0.0,0.0,0.0,0.0,277600.45298033225,9.094947017729282e-12,-0.18110887480348867,0.014248369490400712
World_Top_3_MarketCap_Quarterly,3,False,0.3,2023,277600.45298033225,0.5447062370920801,2019.4229311612883,428811.15113830596,5506.096794917419,0.0,0.0,0.0,0.0,0.0,428811.1511383059,0.0,0.2628765887097365,0.23511413253530256
World_Top_3_MarketCap_Quarterly,3,False,0.3,2024,428811.15113830596,0.5197319707365503,2351.024887644532,651678.0157932264,11287.151071787326,0.0,0.0,0.0,0.0,0.0,651678.0157932264,2.9103830456733704e-11,0.2501967983593843,0.029431367376548355
World_Top_3_MarketCap_Quarterly,3,True,0.3,1995,10000.0,0.37636174720489723,444.3544136809113,13763.617472048973,1096.8039481626815,1096.8039481626815,329.0411844488045,133.3063241042734,462.3475085530779,0.0,13513.178276308205,0.0,0.3757621024474126,0.94876842510318
World_Top_3_MarketCap_Quarterly,3,True,0.3,1996,13513.178276308205,0.3561531094074073,368.190797026576,18325.938737392,78.67899998690717,78.67899998690717,23.60369999607216,110.4572391079728,134.06093910404496,0.0,18287.205252462598,0.0,0.229609615675976,0.016429452943164086
World_Top_3_MarketCap_Quarterly,3,True,0.3,1997,18287.205252462598,0.36505800784348535,403.52170639934775,24963.095970951515,4345.5544302210665,4345.5544302210665,1303.6663290663198,121.05651191980432,1424.7228409861243,0.0,23642.22876928281,0.0,0.3336276825136051,0.3314421603602282
World_Top_3_MarketCap_Quarterly,3,True,0.3,1998,23642.22876928281,0.4462001816835003,238.59308894615725,34191.39554153968,3933.1750648476354,3933.1750648476354,1179.952519454291,71.57792668384718,1251.5304461381384,0.0,33795.90290216886,0.0,0.2857901787776598,0.4810047459434978
World_Top_3_MarketCap_Quarterly,3,True,0.3,1999,33795.90290216886,0.696004729167185,179.4635451782253,57318.011148553385,971.5360508448887,971.5360508448887,291.4608152534666,53.83906355346759,345.2998788069342,0.0,57131.66366830423,0.0,0.21041191370111562,0.2375312557361497
World_Top_3_MarketCap_Quarterly,3,True,0.3,2000,57131.66366830423,-0.40111212032841814,200.85206937327902,34215.46091642067,8215.32069175016,8215.32069175016,2464.5962075250472,60.255620811983704,2524.8518283370313,0.0,33536.67549924402,0.0,-0.09104086276837844,1.202800571104088
World_Top_3_MarketCap_Quarterly,3,True,0.3,2001,33536.67549924402,-0.055300561911969616,419.4738409714824,31682.07849947644,-453.38293734491856,-453.38293734491856,0.0,125.8421522914447,125.8421522914447,453.3829373449185,31651.228631889535,5.6843418860808015e-12,-0.11886010983089954,0.35742910216620033
World_Top_3_MarketCap_Quarterly,3,True,0.3,2002,31651.228631889535,-0.27656827802853795,444.35958870335367,22897.50283168029,-1893.038732268274,-2346.4216696131925,0.0,133.30787661100612,133.30787661100612,2346.4216696131925,22861.07870983264,2.2737367544323206e-13,-0.22100334778687813,0.7065569735940547
World_Top_3_MarketCap_Quarterly,3,True,0.3,2003,22861.07870983264,0.1834935935441739,514.6635556601152,27055.940194596038,568.2768832416168,-1778.1447863715757,0.0,154.39906669803455,154.39906669803455,1778.1447863715757,27006.37290790275,0.0,0.28684248085126623,0.038397230612302956
World_Top_3_MarketCap_Quarterly,3,True,0.3,2004,27006.37290790275,0.18186937556960964,1603.9082663535833,31918.005085063047,13.082665640916204,-1765.0621207306594,0.0,481.172479906075,481.172479906075,1765.0621207306594,31544.968687451168,0.0,0.10882102850382633,0.030689767471261307
World_Top_3_MarketCap_Quarterly,3,True,0.3,2005,31544.968687451168,0.027564205165797013,639.6379240344945,32414.480676300715,2.256939561466986,-1762.8051811691926,0.0,191.89137721034837,191.89137721034837,1762.8051811691926,32363.813029056,0.0,0.04911783501430919,0.012960612921870117
World_Top_3_MarketCap_Quarterly,3,True,0.3,2006,32363.813029056,0.1520113090291008,765.0031675863653,37283.47861277587,-117.69819808385239,-1880.5033792530448,0.0,229.50095027590956,229.50095027590956,1880.5033792530448,37228.09450748663,0.0,0.15794463807112516,0.578403220682075
World_Top_3_MarketCap_Quarterly,3,True,0.3,2007,37228.09450748663,0.15677679168294018,785.4017281411565,43064.59572483967,208.53006320345975,-1671.973316049585,0.0,235.62051844234696,235.62051844234696,1671.973316049585,43001.91143641426,2.9558577807620168e-12,0.054937263566210565,0.027785910603388635
World_Top_3_MarketCap_Quarterly,3,True,0.3,2008,43001.91143641426,-0.399387724562605,893.7131490882857,25827.475875982105,-6498.236309912686,-8170.209625962271,0.0,268.1139447264857,268.1139447264857,8170.20962596227,25762.90989678206,0.0,-0.3699761081938922,1.2910321490047605
World_Top_3_MarketCap_Quarterly,3,True,0.3,2009,25762.90989678206,-0.024329332609291092,508.84598875536034,25136.115492920053,-712.1280062411255,-8882.337632203396,0.0,152.6537966266081,152.6537966266081,8882.337632203396,25107.29650069495,3.637978807091713e-12,0.2646423212982973,1.0605498698807536
World_Top_3_MarketCap_Quarterly,3,True,0.3,2010,25107.29650069495,0.15912807689762268,410.7910750369895,29102.572308948947,222.0319820789378,-8660.30565012446,0.0,123.23732251109685,123.23732251109685,8660.30565012446,29069.630841533595,0.0,0.15063401360544215,0.027414224334783563
World_Top_3_MarketCap_Quarterly,3,True,0.3,2011,29069.630841533595,0.12257972870840905,485.5237404370754,32632.978303742384,635.2899309954328,-8025.015719129026,0.0,145.6571221311226,145.6571221311226,8025.015719129026,32594.354846815826,0.0,0.02111820043608024,0.5251550765328815
World_Top_3_MarketCap_Quarterly,3,True,0.3,2012,32594.354846815826,0.14364748649273984,750.8245458694303,37276.45199441337,752.7205933747136,-7272.295125754313,0.0,225.24736376082907,225.24736376082907,7272.295125754313,37205.190034513405,0.0,0.1600322380427432,0.27413917885051364
World_Top_3_MarketCap_Quarterly,3,True,0.3,2013,37205.190034513405,0.11078120860174784,667.14316134935,41326.825952794505,12289.23763910266,5016.942513348346,1505.0827540045038,200.14294840480497,1705.2257024093087,0.0,40759.65079140394,0.0,0.32388478062960185,1.0376547227194308
World_Top_3_MarketCap_Quarterly,3,True,0.3,2014,40759.65079140394,0.08088689631315811,765.6367543410822,44056.57243872876,3774.2679583874024,3774.2679583874024,1132.2803875162203,229.69102630232464,1361.971413818545,0.0,44091.954982728064,0.0,0.13688363157085162,1.190705078058532
World_Top_3_MarketCap_Quarterly,3,True,0.3,2015,44091.954982728064,0.014115810126200338,886.2733459482868,44714.34864735723,-1590.4568799151039,-1590.4568799151039,0.0,265.882003784486,265.882003784486,1590.4568799151039,44663.041764455105,0.0,0.013837599218982092,1.137194866548526
World_Top_3_MarketCap_Quarterly,3,True,0.3,2016,44663.041764455105,0.09834025023797947,1115.1296472884012,49055.21646796095,1557.4455220346083,-33.01135788049555,0.0,334.53889418652034,334.53889418652034,33.01135788049555,48994.95219195093,0.0,0.11959912078710487,0.2951456194415181
World_Top_3_MarketCap_Quarterly,3,True,0.3,2017,48994.95219195093,0.3958351650141144,845.3000638718509,68388.87717771047,4928.289841778439,4895.278483897943,1468.583545169383,253.59001916155526,1722.173564330938,0.0,67600.92136597441,0.0,0.2183160148270721,0.5554679231139166
World_Top_3_MarketCap_Quarterly,3,True,0.3,2018,67600.92136597441,0.12474917011526868,893.8491600024827,76034.08020540726,137.19497832496242,137.19497832496242,41.15849349748872,268.1547480007448,309.31324149823354,0.0,75924.70684466438,0.0,-0.043842417452558714,0.011339076026535874
World_Top_3_MarketCap_Quarterly,3,True,0.3,2019,75924.70684466438,0.5657695858010219,991.4096356371344,118880.59678823416,2168.695626834556,2168.695626834556,650.6086880503668,297.42289069114037,948.0315787415072,0.0,118151.92952724698,0.0,0.3148637098683444,0.024449024818549697
World_Top_3_MarketCap_Quarterly,3,True,0.3,2020,118151.92952724698,0.6596262120031551,1057.526862891577,196088.03924216863,2346.555180907265,2346.555180907265,703.9665542721795,317.258058867473,1021.2246131396525,0.0,195300.95707737995,0.0,0.18398826898926857,0.017730922037453398
World_Top_3_MarketCap_Quarterly,3,True,0.3,2021,195300.95707737995,0.24917269798245287,1151.1229980382627,243964.62347090594,47409.81429743585,47409.81429743585,14222.944289230752,345.33689941147884,14568.281188642231,0.0,243213.94416378785,0.0,0.2870536836204064,0.28560717489364335
World_Top_3_MarketCap_Quarterly,3,True,0.3,2022,243213.94416378785,-0.3018894617469431,1151.7289281280937,169790.21747083086,1878.889979330557,1878.889979330557,563.666993799167,345.5186784384281,909.1856722375951,0.0,169136.11350894676,0.0,-0.18110887480348867,0.013224273355132207
World_Top_3_MarketCap_Quarterly,3,True,0.3,2023,169136.11350894676,0.5428469534937415,1229.6256493592996,260951.13745305015,3271.8078166296045,3271.8078166296045,981.5423449888813,368.8876948077899,1350.430039796671,0.0,259872.72981762132,0.0,0.2628765887097365,0.2325394682614937
World_Top_3_MarketCap_Quarterly,3,True,0.3,2024,259872.72981762132,0.5182975635804518,1424.0888369226882,394564.13252309547,7357.505142320493,7357.505142320493,2207.2515426961477,427.22665107680643,2634.478193772954,0.0,392257.82723220915,0.0,0.2501967983593843,0.028139392542392644
World_Top_5_MarketCap,5,False,0.3,1995,10000.0,0.423164253756031,411.9704712680799,14231.64253756031,88.2142169390797,0.0,0.0,0.0,0.0,0.0,14231.642537560308,2.5011104298755527e-12,0.3757621024474126,0.03627909813222774
World_Top_5_MarketCap,5,False,0.3,1996,14231.64253756031,0.2653602454457927,445.7427550921661,18008.154694424098,224.58242719036184,0.0,0.0,0.0,0.0,0.0,18008.154694424098,1.5916157281026244e-12,0.229609615675976,0.03792666702970803
World_Top_5_MarketCap,5,False,0.3,1997,18008.154694424098,0.36802823088003866,501.6300009600345,24635.664008027063,2004.9678293304246,0.0,0.0,0.0,0.0,0.0,24635.664008027066,0.0,0.3336276825136051,0.1991213537838301
World_Top_5_MarketCap,5,False,0.3,1998,24635.664008027063,0.3672085992630078,388.09015199936607,33682.09168032878,8067.935876324056,0.0,0.0,0.0,0.0,0.0,33682.09168032878,5.4569682106375694e-12,0.2857901787776598,0.454670579092197
World_Top_5_MarketCap,5,False,0.3,1999,33682.09168032878,0.6930039219949049,159.96877445875643,57023.91331578857,549.1999250626197,0.0,0.0,0.0,0.0,0.0,57023.913315788566,0.0,0.21041191370111562,0.018393384782158937
World_Top_5_MarketCap,5,False,0.3,2000,57023.91331578857,-0.3168022946630241,193.80504959318205,38958.60672668138,3734.6639136046238,0.0,0.0,0.0,0.0,0.0,38958.60672668138,0.0,-0.09104086276837844,0.41049719033813964
World_Top_5_MarketCap,5,False,0.3,2001,38958.60672668138,-0.08618994883576338,389.9535949283309,35600.76640619608,-1158.0926768563768,0.0,0.0,0.0,0.0,0.0,35600.76640619608,0.0,-0.11886010983089954,0.33864014437611695
World_Top_5_MarketCap,5,False,0.3,2002,35600.76640619608,-0.21780808023946915,709.465968204614,27846.631820208728,-1935.2001546882886,0.0,0.0,0.0,0.0,0.0,27846.631820208724,0.0,-0.22100334778687813,0.19040477036366743
World_Top_5_MarketCap,5,False,0.3,2003,27846.631820208728,0.161129000039243,532.9229782248282,32333.531759859925,575.5976505960651,0.0,0.0,0.0,0.0,0.0,32333.531759859925,0.0,0.28684248085126623,0.03975236560137779
World_Top_5_MarketCap,5,False,0.3,2004,32333.531759859925,0.08105683394996652,1400.012445094918,34954.38547473486,-192.51573604385447,0.0,0.0,0.0,0.0,0.0,34954.38547473487,2.9558577807620168e-12,0.10882102850382633,0.20088155299454424
World_Top_5_MarketCap,5,False,0.3,2005,34954.38547473486,0.011621092756975154,854.7291999763272,35360.59363059982,-1430.7910640009463,0.0,0.0,0.0,0.0,0.0,35360.59363059981,0.0,0.04911783501430919,0.15927710733951161
World_Top_5_MarketCap,5,False,0.3,2006,35360.59363059982,0.1920401871791472,988.4458152190488,42151.24865018597,816.2086582181894,0.0,0.0,0.0,0.0,0.0,42151.24865018597,0.0,0.15794463807112516,0.18526983793310556
World_Top_5_MarketCap,5,False,0.3,2007,42151.24865018597,-0.0013368321117764779,987.5889065018297,42094.899507438924,-821.4044742351725,0.0,0.0,0.0,0.0,0.0,42094.899507438924,0.0,0.054937263566210565,0.17696325662298196
World_Top_5_MarketCap,5,False,0.3,2008,42094.899507438924,-0.34252671351156555,1012.5081764507012,27676.27192355625,-6121.749154527797,0.0,0.0,0.0,0.0,0.0,27676.271923556244,0.0,-0.3699761081938922,0.5103986411048318
World_Top_5_MarketCap,5,False,0.3,2009,27676.27192355625,-0.031679475374129316,725.0671042140812,26799.502148706244,50.46943145153955,0.0,0.0,0.0,0.0,0.0,26799.502148706248,9.094947017729282e-13,0.2646423212982973,0.7086945995785106
World_Top_5_MarketCap,5,False,0.3,2010,26799.502148706244,0.17458779704953548,634.822591960881,31478.36819087316,587.1632783906592,0.0,0.0,0.0,0.0,0.0,31478.368190873156,9.094947017729282e-13,0.15063401360544215,0.17480268693851891
World_Top_5_MarketCap,5,False,0.3,2011,31478.36819087316,0.06352183340748553,630.3698973892515,33477.931851033296,534.4966374979347,0.0,0.0,0.0,0.0,0.0,33477.931851033296,0.0,0.02111820043608024,0.33266369132160867
World_Top_5_MarketCap,5,False,0.3,2012,33477.931851033296,0.1084156817996149,868.6146461296838,37107.464657904115,362.0449413168344,0.0,0.0,0.0,0.0,0.0,37107.464657904115,0.0,0.1600322380427432,0.3316293955339537
World_Top_5_MarketCap,5,False,0.3,2013,37107.464657904115,0.2935083104698569,686.1684206083437,47998.81391546548,507.541750658464,0.0,0.0,0.0,0.0,0.0,47998.813915465485,0.0,0.32388478062960185,0.039453383754473756
World_Top_5_MarketCap,5,False,0.3,2014,47998.81391546548,0.173721691114082,803.8858151605916,56337.24904033027,4138.612035287638,0.0,0.0,0.0,0.0,0.0,56337.24904033028,7.275957614183426e-12,0.13688363157085162,0.19536860383127816
World_Top_5_MarketCap,5,False,0.3,2015,56337.24904033027,-0.010394771035325604,1180.2436786174717,55751.63623579592,2699.944520345817,0.0,0.0,0.0,0.0,0.0,55751.636235795915,0.0,0.013837599218982092,0.33810369943697566
World_Top_5_MarketCap,5,False,0.3,2016,55751.63623579592,0.1350484298734693,1040.371076132934,63280.80717231698,661.6186136663916,0.0,0.0,0.0,0.0,0.0,63280.807172316985,6.0254023992456496e-12,0.11959912078710487,0.02838897727544755
World_Top_5_MarketCap,5,False,0.3,2017,63280.80717231698,0.40031783402659604,1096.7477033267305,88613.2428349936,5548.662547851376,0.0,0.0,0.0,0.0,0.0,88613.24283499361,0.0,0.2183160148270721,0.15693360364044295
World_Top_5_MarketCap,5,False,0.3,2018,88613.2428349936,0.043013310171746845,790.4714496673829,92424.7917343795,4695.49185241198,0.0,0.0,0.0,0.0,0.0,92424.7917343795,0.0,-0.043842417452558714,0.16429761903009032
World_Top_5_MarketCap,5,False,0.3,2019,92424.7917343795,0.4534614923013195,819.9340491915124,134335.87571988988,6390.24083443734,0.0,0.0,0.0,0.0,0.0,134335.87571988988,1.4551915228366852e-11,0.3148637098683444,0.15626705981165606
World_Top_5_MarketCap,5,False,0.3,2020,134335.87571988988,0.5545491017130983,827.9124139766925,208831.71492819724,2430.289058311222,0.0,0.0,0.0,0.0,0.0,208831.71492819724,0.0,0.18398826898926857,0.03878897338362076
World_Top_5_MarketCap,5,False,0.3,2021,208831.71492819724,0.357439926329744,943.033843196356,283476.50772744615,15766.72288240253,0.0,0.0,0.0,0.0,0.0,283476.50772744615,2.9103830456733704e-11,0.2870536836204064,0.11564807482548241
World_Top_5_MarketCap,5,False,0.3,2022,283476.50772744615,-0.36878223901171425,982.5713085080663,178935.40650049705,-12384.66326086786,0.0,0.0,0.0,0.0,0.0,178935.40650049702,0.0,-0.18110887480348867,0.10283276668264651
World_Top_5_MarketCap,5,False,0.3,2023,178935.40650049705,0.5412150755490958,992.6767664710558,275777.9460480717,34675.4906277226,0.0,0.0,0.0,0.0,0.0,275777.9460480718,0.0,0.2628765887097365,0.2693847515742083
World_Top_5_MarketCap,5,False,0.3,2024,275777.9460480717,0.5219680287978921,1296.7814605823032,419725.21693271515,5999.841297854688,0.0,0.0,0.0,0.0,0.0,419725.2169327151,1.1368683772161603e-11,0.2501967983593843,0.02545690534510653
World_Top_5_MarketCap,5,True,0.3,1995,10000.0,0.423164253756031,411.9704712680799,14231.64253756031,103.27790675440262,103.27790675440262,30.983372026320765,123.59114138042396,154.57451340674473,0.0,14077.068024153565,0.0,0.3757621024474126,0.03472073384346275
World_Top_5_MarketCap,5,True,0.3,1996,14077.068024153565,0.2653602454183005,440.9013976116641,17812.562249813065,287.45569117940175,287.45569117940175,86.23670735382058,132.27041928349922,218.5071266373198,0.0,17594.055123175745,0.0,0.229609615675976,0.03980220332495981
World_Top_5_MarketCap,5,True,0.3,1997,17594.055123175745,0.3680282308498446,490.0949617297921,24069.16410363276,2355.738351197191,2355.738351197191,706.7215053591573,147.02848851893762,853.7499938780949,0.0,23215.414109754667,0.0,0.3336276825136051,0.20943260209709472
World_Top_5_MarketCap,5,True,0.3,1998,23215.414109754667,0.36720859883672297,365.7166940003139,31740.313796411967,8539.604185126138,8539.604185126138,2561.8812555378413,109.71500820009418,2671.5962637379353,0.0,29068.71753267403,0.0,0.2857901787776598,0.4580010639548378
World_Top_5_MarketCap,5,True,0.3,1999,29068.71753267403,0.6930039219454596,138.05814572032318,49213.45278874187,494.3036771406756,494.3036771406756,148.29110314220267,41.417443716096955,189.70854685829963,0.0,49023.74424188357,0.0,0.21041191370111562,0.017194632641294852
World_Top_5_MarketCap,5,True,0.3,2000,49023.74424188357,-0.3168022946634582,166.61517302944554,33492.90957306036,3544.745755820825,3544.745755820825,1063.4237267462472,49.98455190883366,1113.408278655081,0.0,32379.501294405276,0.0,-0.09104086276837844,0.4083191935994805
World_Top_5_MarketCap,5,True,0.3,2001,32379.501294405276,-0.08618994902258328,324.1004747684742,29588.713728463816,-953.5014467685033,-953.5014467685033,0.0,97.23014243054226,97.23014243054226,953.5014467685033,29491.48358603327,0.0,-0.11886010983089954,0.33836446831659417
World_Top_5_MarketCap,5,True,0.3,2002,29491.48358603327,-0.21780808023946915,587.717795662793,23068.00016274555,-1616.1749321465188,-2569.6763789150223,0.0,176.3153386988379,176.3153386988379,2569.6763789150223,22891.684824046708,0.0,-0.22100334778687813,0.18951034319735968
World_Top_5_MarketCap,5,True,0.3,2003,22891.684824046708,0.16112900003924324,438.09624559914306,26580.199108958874,492.2218868493692,-2077.454492065653,0.0,131.4288736797429,131.4288736797429,2077.454492065653,26448.77023527913,0.0,0.28684248085126623,0.0393077059030785
World_Top_5_MarketCap,5,True,0.3,2004,26448.77023527913,0.08105683394996659,1145.2076365136068,28592.62381242097,-106.97010294178703,-2184.42459500744,0.0,343.562290954082,343.562290954082,2184.42459500744,28249.061521466894,1.3642420526593924e-12,0.10882102850382633,0.20054160881572142
World_Top_5_MarketCap,5,True,0.3,2005,28249.061521466894,0.011621092756974639,690.7659060914613,28577.346485705344,-1144.5465510684871,-3328.971146075927,0.0,207.22977182743838,207.22977182743838,3328.971146075927,28370.116713877906,0.0,0.04911783501430919,0.15832789862914848
World_Top_5_MarketCap,5,True,0.3,2006,28370.116713877906,0.1920401871791472,793.0388113971529,33818.31923790527,680.9517214919567,-2648.0194245839702,0.0,237.91164341914586,237.91164341914586,2648.0194245839702,33580.407594486125,0.0,0.15794463807112516,0.18353586075381503
World_Top_5_MarketCap,5,True,0.3,2007,33580.407594486125,-0.0013368321117761628,786.7771199698013,33535.516227287284,-550.3228307091789,-3198.3422552931493,0.0,236.0331359909404,236.0331359909404,3198.3422552931493,33299.48309129634,0.0,0.054937263566210565,0.1782519600520865
World_Top_5_MarketCap,5,True,0.3,2008,33299.48309129634,-0.3425267135115656,800.952117620834,21893.520586400653,-4707.845944461678,-7906.188199754828,0.0,240.28563528625017,240.28563528625017,7906.188199754828,21653.234951114406,0.0,-0.3699761081938922,0.5085425421233422
World_Top_5_MarketCap,5,True,0.3,2009,21653.234951114406,-0.03167947537412912,567.2746823067883,20967.271827710345,209.6812814569923,-7696.506918297836,0.0,170.1824046920365,170.1824046920365,7696.506918297836,20797.089423018308,0.0,0.2646423212982973,0.7068909165593488
World_Top_5_MarketCap,5,True,0.3,2010,20797.089423018308,0.17458779704953553,492.63833855958615,24428.00745042527,471.64064812731135,-7224.866270170524,0.0,147.79150156787583,147.79150156787583,7224.866270170524,24280.215948857393,4.547473508864641e-13,0.15063401360544215,0.1741595677534078
World_Top_5_MarketCap,5,True,0.3,2011,24280.215948857393,0.06352183340748545,486.2233373554536,25822.539781458483,447.00905467515776,-6777.857215495366,0.0,145.86700120663608,145.86700120663608,6777.857215495366,25676.672780251844,0.0,0.02111820043608024,0.332622155845682
World_Top_5_MarketCap,5,True,0.3,2012,25676.672780251844,0.10841568179961517,666.2040576475384,28460.426766068467,332.6180397623357,-6445.239175733031,0.0,199.86121729426154,199.86121729426154,6445.239175733031,28260.565548774208,2.7284841053187847e-12,0.1600322380427432,0.3315792353541621
World_Top_5_MarketCap,5,True,0.3,2013,28260.565548774208,0.2935083104698567,522.5770018747551,36555.276395917565,402.9257689975738,-6042.313406735457,0.0,156.77310056242652,156.77310056242652,6042.313406735457,36398.50329535514,2.0463630789890885e-12,0.32388478062960185,0.03890483439840899
World_Top_5_MarketCap,5,True,0.3,2014,36398.50329535514,0.17372169111408234,609.6034069455253,42721.712841845736,3199.773718882878,-2842.539687852579,0.0,182.8810220836576,182.8810220836576,2842.539687852579,42538.831819762076,0.0,0.13688363157085162,0.19597058446407056
World_Top_5_MarketCap,5,True,0.3,2015,42538.831819762076,-0.010394771035325786,891.1721499767363,42096.65040288542,2071.071270848306,-771.4684170042729,0.0,267.35164499302084,267.35164499302084,771.4684170042729,41829.2987578924,0.0,0.013837599218982092,0.3363337763011256
World_Top_5_MarketCap,5,True,0.3,2016,41829.2987578924,0.13504842987346935,780.5688855225621,47478.27987785403,516.2819309098454,-255.18648609442744,0.0,234.17066565676862,234.17066565676862,255.18648609442744,47244.10921219726,3.751665644813329e-12,0.11959912078710487,0.026730749703461773
World_Top_5_MarketCap,5,True,0.3,2017,47244.10921219726,0.40031783402659654,818.8085865134426,66156.76868254005,4797.439614521017,4542.25312842659,1362.6759385279768,245.64257595403276,1608.3185144820095,0.0,64548.45016805803,0.0,0.2183160148270721,0.1600231649472205
World_Top_5_MarketCap,5,True,0.3,2018,64548.45016805803,0.0430133101497387,575.8022768198189,67324.89267482166,4077.553978692051,4077.553978692051,1223.2661936076152,172.74068304594564,1396.0068766535608,0.0,65928.8857981681,0.0,-0.043842417452558714,0.1680559056412265
World_Top_5_MarketCap,5,True,0.3,2019,65928.8857981681,0.45346149236300615,584.8792005794526,95825.09674203562,5539.688713254654,5539.688713254654,1661.9066139763963,175.46376017383577,1837.370374150232,0.0,93987.72636788542,0.0,0.3148637098683444,0.16140252825804685
World_Top_5_MarketCap,5,True,0.3,2020,93987.72636788542,0.5545491017569144,579.2466459366536,146108.53560137094,1834.1976348506485,1834.1976348506485,550.2592904551946,173.77399378099608,724.0332842361906,0.0,145384.50231713476,0.0,0.18398826898926857,0.037817316689724906
World_Top_5_MarketCap,5,True,0.3,2021,145384.50231713476,0.3574399263064904,656.5214771542587,197350.7281114772,13396.169697304707,13396.169697304707,4018.850909191414,196.95644314627762,4215.807352337692,0.0,193134.9207591395,0.0,0.2870536836204064,0.11870611679109763
World_Top_5_MarketCap,5,True,0.3,2022,193134.9207591395,-0.3687822389654365,669.4340683271532,121910.19225917188,-8315.785970339472,-8315.785970339472,0.0,200.83022049814596,200.83022049814596,8315.785970339472,121709.3620386737,0.0,-0.18110887480348867,0.10326832575982553
World_Top_5_MarketCap,5,True,0.3,2023,121709.3620386737,0.541215075549096,675.2048592320943,187580.30360946676,25888.77619276484,17572.990222425367,5271.89706672761,202.5614577696283,5474.458524497238,0.0,182105.8450849695,0.0,0.2628765887097365,0.2670052914119943
World_Top_5_MarketCap,5,True,0.3,2024,182105.8450849695,0.521968028781018,856.31025666824,277159.2740734725,4269.980689854552,4269.980689854552,1280.9942069563656,256.893077000472,1537.8872839568376,0.0,275621.3867895156,0.0,0.2501967983593843,0.024656394020771112
World_Top_5_MarketCap_Quarterly,5,False,0.3,1995,10000.0,0.429837826360325,417.39837527514646,14298.37826360325,121.88930848595372,0.0,0.0,0.0,0.0,0.0,14298.378263603248,5.684341886080801e-13,0.3757621024474126,0.047220743408012834
World_Top_5_MarketCap_Quarterly,5,False,0.3,1996,14298.37826360325,0.28091388116704447,405.40493268042684,18314.991196026545,1000.3713717143689,0.0,0.0,0.0,0.0,0.0,18314.99119602655,3.637978807091713e-12,0.229609615675976,0.3378671522064648
World_Top_5_MarketCap_Quarterly,5,False,0.3,1997,18314.991196026545,0.33438410625289045,439.6452702797685,24439.23315813944,1268.376017227527,0.0,0.0,0.0,0.0,0.0,24439.23315813944,0.0,0.3336276825136051,0.21394099712132553
World_Top_5_MarketCap_Quarterly,5,False,0.3,1998,24439.23315813944,0.4282024744865614,393.89927389479806,34904.17327100877,7642.582861675426,0.0,0.0,0.0,0.0,0.0,34904.17327100877,5.4569682106375694e-12,0.2857901787776598,0.606119339460779
World_Top_5_MarketCap_Quarterly,5,False,0.3,1999,34904.17327100877,0.5667798367706711,224.44473803156149,54687.15490016634,4636.770027135981,0.0,0.0,0.0,0.0,0.0,54687.15490016633,0.0,0.21041191370111562,0.4574421647419329
World_Top_5_MarketCap_Quarterly,5,False,0.3,2000,54687.15490016634,-0.32042175936459877,219.82800442331106,37164.2005124107,-936.4939556785471,0.0,0.0,0.0,0.0,0.0,37164.200512410695,0.0,-0.09104086276837844,0.6302867776202957
World_Top_5_MarketCap_Quarterly,5,False,0.3,2001,37164.2005124107,-0.11400961270982889,376.9845890080418,32927.12440532033,-2165.495956878348,0.0,0.0,0.0,0.0,0.0,32927.124405320326,0.0,-0.11886010983089954,0.6282175561131069
World_Top_5_MarketCap_Quarterly,5,False,0.3,2002,32927.12440532033,-0.24211007180104438,423.7487708066787,24955.135951346307,-2185.5878110777826,0.0,0.0,0.0,0.0,0.0,24955.135951346307,4.547473508864641e-13,-0.22100334778687813,0.3810436884234331
World_Top_5_MarketCap_Quarterly,5,False,0.3,2003,24955.135951346307,0.14802196043091642,492.206193066354,28649.04409768463,859.9053926665559,0.0,0.0,0.0,0.0,0.0,28649.044097684626,0.0,0.28684248085126623,0.34694566217561196
World_Top_5_MarketCap_Quarterly,5,False,0.3,2004,28649.04409768463,0.08170764550096732,1253.409820834824,30989.890036759825,540.4665791888018,0.0,0.0,0.0,0.0,0.0,30989.890036759825,0.0,0.10882102850382633,0.20892411693971835
World_Top_5_MarketCap_Quarterly,5,False,0.3,2005,30989.890036759825,0.005817196151706296,765.4112379731282,31170.164305823466,-1418.1988619558651,0.0,0.0,0.0,0.0,0.0,31170.164305823462,0.0,0.04911783501430919,0.18253700710714338
World_Top_5_MarketCap_Quarterly,5,False,0.3,2006,31170.164305823466,0.19506592847395865,880.158532297898,37250.401346824765,281.84643792262113,0.0,0.0,0.0,0.0,0.0,37250.401346824765,0.0,0.15794463807112516,0.19421135129900982
World_Top_5_MarketCap_Quarterly,5,False,0.3,2007,37250.401346824765,0.02998068094292571,929.6882549828115,38367.19374459985,-1392.4688201858667,0.0,0.0,0.0,0.0,0.0,38367.19374459985,9.094947017729282e-13,0.054937263566210565,0.32167378186293993
World_Top_5_MarketCap_Quarterly,5,False,0.3,2008,38367.19374459985,-0.3768960143467285,891.6333697501532,23906.751340591432,-4595.007782821713,0.0,0.0,0.0,0.0,0.0,23906.75134059143,0.0,-0.3699761081938922,0.8297233414551821
World_Top_5_MarketCap_Quarterly,5,False,0.3,2009,23906.751340591432,0.009137045049387038,579.5908666886157,24125.18840457491,-2911.0876075494784,0.0,0.0,0.0,0.0,0.0,24125.188404574914,0.0,0.2646423212982973,0.831345798981219
World_Top_5_MarketCap_Quarterly,5,False,0.3,2010,24125.18840457491,0.14414713529356565,545.0072411743171,27602.76520151193,20.60873456263323,0.0,0.0,0.0,0.0,0.0,27602.765201511935,2.7284841053187847e-12,0.15063401360544215,0.49708168616681636
World_Top_5_MarketCap_Quarterly,5,False,0.3,2011,27602.76520151193,0.07093382125869258,597.8203632075961,29560.734814561638,915.6580116540748,0.0,0.0,0.0,0.0,0.0,29560.73481456164,9.094947017729282e-13,0.02111820043608024,0.6731794436412027
World_Top_5_MarketCap_Quarterly,5,False,0.3,2012,29560.734814561638,0.09656409784205229,752.061739021747,32415.24050347793,403.19527671861294,0.0,0.0,0.0,0.0,0.0,32415.24050347793,0.0,0.1600322380427432,0.47101414424982246
World_Top_5_MarketCap_Quarterly,5,False,0.3,2013,32415.24050347793,0.29638164249787774,603.4311248661436,42022.52272586245,630.7061279693479,0.0,0.0,0.0,0.0,0.0,42022.52272586245,0.0,0.32388478062960185,0.045346162380796966
World_Top_5_MarketCap_Quarterly,5,False,0.3,2014,42022.52272586245,0.17482069611097278,708.1218756266965,49368.9294011369,3831.3999941698444,0.0,0.0,0.0,0.0,0.0,49368.9294011369,2.7284841053187847e-12,0.13688363157085162,0.2050007742521611
World_Top_5_MarketCap_Quarterly,5,False,0.3,2015,49368.9294011369,0.04900587454581157,862.5298863976501,51788.29696183004,5338.377967500679,0.0,0.0,0.0,0.0,0.0,51788.29696183003,0.0,0.013837599218982092,0.5408121175669154
World_Top_5_MarketCap_Quarterly,5,False,0.3,2016,51788.29696183004,0.13603485589514244,973.016846874336,58833.310476087434,667.3295029616327,0.0,0.0,0.0,0.0,0.0,58833.31047608744,2.3874235921539366e-12,0.11959912078710487,0.03110822789234939
World_Top_5_MarketCap_Quarterly,5,False,0.3,2017,58833.310476087434,0.4318581838273502,767.3290573336366,84240.95708684117,6647.797432102935,0.0,0.0,0.0,0.0,0.0,84240.95708684118,0.0,0.2183160148270721,0.4561677529525019
World_Top_5_MarketCap_Quarterly,5,False,0.3,2018,84240.95708684117,0.042418782926510364,753.8303429873213,87814.35595902936,4796.359718594108,0.0,0.0,0.0,0.0,0.0,87814.35595902936,5.4569682106375694e-12,-0.043842417452558714,0.16943357712370427
World_Top_5_MarketCap_Quarterly,5,False,0.3,2019,87814.35595902936,0.46758116312671805,774.0762616557795,128874.69465757595,4225.57541021179,0.0,0.0,0.0,0.0,0.0,128874.69465757598,0.0,0.3148637098683444,0.16598000309445837
World_Top_5_MarketCap_Quarterly,5,False,0.3,2020,128874.69465757595,0.48754331627035663,795.4709922541565,191706.69067426014,8346.44640413218,0.0,0.0,0.0,0.0,0.0,191706.69067426017,7.275957614183426e-12,0.18398826898926857,0.27363557076618783
World_Top_5_MarketCap_Quarterly,5,False,0.3,2021,191706.69067426014,0.35807576608580743,866.9438426398253,260352.21080122076,16770.161826273743,0.0,0.0,0.0,0.0,0.0,260352.2108012207,0.0,0.2870536836204064,0.11780141743944553
World_Top_5_MarketCap_Quarterly,5,False,0.3,2022,260352.21080122076,-0.3692433643430974,903.801737153097,164218.8845708147,-11005.610927344498,0.0,0.0,0.0,0.0,0.0,164218.8845708147,1.8189894035458565e-12,-0.18110887480348867,0.10623056737039531
World_Top_5_MarketCap_Quarterly,5,False,0.3,2023,164218.8845708147,0.6176060742164106,904.8282575897277,265641.46518279344,20230.829320855093,0.0,0.0,0.0,0.0,0.0,265641.46518279344,0.0,0.2628765887097365,0.2759222525813101
World_Top_5_MarketCap_Quarterly,5,False,0.3,2024,265641.46518279344,0.5225315420664836,1250.7045283437178,404447.5096215586,7418.9452780661,0.0,0.0,0.0,0.0,0.0,404447.50962155865,6.52562448522076e-11,0.2501967983593843,0.026746606104586432
World_Top_5_MarketCap_Quarterly,5,True,0.3,1995,10000.0,0.41778383585230133,415.74362744695196,14177.838358523013,126.91083289746956,126.91083289746956,38.07324986924087,124.72308823408558,162.79633810332643,0.0,14115.76623674039,0.0,0.3757621024474126,0.042365775237465354
World_Top_5_MarketCap_Quarterly,5,True,0.3,1996,14115.76623674039,0.260737836858038,397.2924258154741,17796.280590901806,1100.7748282460113,1100.7748282460113,330.23244847380346,119.1877277446422,449.4201762184457,0.0,17597.63539119094,0.0,0.229609615675976,0.3413552258102279
World_Top_5_MarketCap_Quarterly,5,True,0.3,1997,17597.63539119094,0.31151673499883287,419.10386948690046,23079.59331195465,1430.9249452940403,1430.9249452940403,429.2774835882121,125.73116084607014,555.0086444342821,0.0,22903.65700139725,0.0,0.3336276825136051,0.21865447246466857
World_Top_5_MarketCap_Quarterly,5,True,0.3,1998,22903.65700139725,0.3566507054263344,365.3262379121867,31072.26242778838,7741.949865275166,7741.949865275166,2322.584959582551,109.59787137365599,2432.182830956207,0.0,29973.02419154884,0.0,0.2857901787776598,0.6132231992609981
World_Top_5_MarketCap_Quarterly,5,True,0.3,1999,29973.02419154884,0.5251840102516466,190.14756781287178,45714.37723583608,4597.797940429555,4597.797940429555,1379.3393821288655,57.04427034386152,1436.3836524727271,0.0,45241.90817299498,0.0,0.21041191370111562,0.4701509306268688
World_Top_5_MarketCap_Quarterly,5,True,0.3,2000,45241.90817299498,-0.32097793301008787,181.78535849488145,30720.25400219485,-751.4358392793149,-751.4358392793149,0.0,54.53560754846444,54.53560754846444,751.4358392793152,30700.495943557908,0.0,-0.09104086276837844,0.6305346065364802
World_Top_5_MarketCap_Quarterly,5,True,0.3,2001,30700.495943557908,-0.1163685461293583,311.024089527399,27127.92386515581,-1767.564267167149,-2519.000106446464,0.0,93.30722685821969,93.30722685821969,2519.0001064464645,27104.8129783798,0.0,-0.11886010983089954,0.6290870392353798
World_Top_5_MarketCap_Quarterly,5,True,0.3,2002,27104.8129783798,-0.24500254436499105,348.2578970747154,20464.064834139517,-1792.1838023246287,-4311.183908771093,0.0,104.47736912241461,104.47736912241461,4311.183908771093,20444.0298288363,0.0,-0.22100334778687813,0.3798950698625081
World_Top_5_MarketCap_Quarterly,5,True,0.3,2003,20444.0298288363,0.14378874412170328,402.3909511152915,23383.651202711313,714.2584987928917,-3596.9254099782015,0.0,120.71728533458744,120.71728533458744,3596.9254099782015,23342.910543930822,0.0,0.28684248085126623,0.3458494700417484
World_Top_5_MarketCap_Quarterly,5,True,0.3,2004,23342.910543930822,0.07776013842136224,1018.2446566134353,25158.05849898436,505.2240766024008,-3091.7013333758005,0.0,305.47339698403056,305.47339698403056,3091.7013333758005,24940.226860186754,0.0,0.10882102850382633,0.20843650261614338
World_Top_5_MarketCap_Quarterly,5,True,0.3,2005,24940.226860186754,0.00038320091077974485,614.3001686626862,24949.78397783463,-1133.2026092689337,-4224.903942644734,0.0,184.29005059880586,184.29005059880586,4224.903942644734,24902.027715396034,8.526512829121202e-14,0.04911783501430919,0.18106367520806785
World_Top_5_MarketCap_Quarterly,5,True,0.3,2006,24902.027715396034,0.18793538097436982,701.0190492816247,29581.999781123304,227.90285946054684,-3997.0010831841873,0.0,210.30571478448738,210.30571478448738,3997.0010831841873,29527.29926333512,0.0,0.15794463807112516,0.1907663035698336
World_Top_5_MarketCap_Quarterly,5,True,0.3,2007,29527.29926333512,0.024450746505064024,734.8621753803014,30249.26377260209,-1054.5876896499576,-5051.588772834145,0.0,220.4586526140904,220.4586526140904,5051.588772834145,30188.67717967515,9.094947017729282e-13,0.054937263566210565,0.32094769807963464
World_Top_5_MarketCap_Quarterly,5,True,0.3,2008,30188.67717967515,-0.3812218735316416,699.4555099953091,18680.093105797474,-3525.233641825855,-8576.82241466,0.0,209.83665299859274,209.83665299859274,8576.82241466,18642.387785163533,0.0,-0.3699761081938922,0.830117668067262
World_Top_5_MarketCap_Quarterly,5,True,0.3,2009,18642.387785163533,0.002373948554988115,450.54196526875774,18686.64385470765,-1999.6116307144498,-10576.43404537445,0.0,135.16258958062733,135.16258958062733,10576.43404537445,18660.606921443185,1.3642420526593924e-12,0.2646423212982973,0.8324636441914318
World_Top_5_MarketCap_Quarterly,5,True,0.3,2010,18660.606921443185,0.13794430827071438,420.4620170463784,21234.73143513337,27.567842978143176,-10548.866202396306,0.0,126.13860511391353,126.13860511391353,10548.866202396306,21206.35746734118,4.547473508864641e-13,0.15063401360544215,0.49712147260127515
World_Top_5_MarketCap_Quarterly,5,True,0.3,2011,21206.35746734118,0.06566240023365917,458.21481136751424,22598.81779885978,739.7835805123698,-9809.082621883936,0.0,137.46444341025426,137.46444341025426,9809.082621883936,22568.080451514987,0.0,0.02111820043608024,0.6746591749856932
World_Top_5_MarketCap_Quarterly,5,True,0.3,2012,22568.080451514987,0.09145340346848377,572.7770164560893,24632.008218556588,337.4863495693212,-9471.596272314615,0.0,171.83310493682677,171.83310493682677,9471.596272314615,24585.350608874483,0.0,0.1600322380427432,0.4698617484580542
World_Top_5_MarketCap_Quarterly,5,True,0.3,2013,24585.350608874483,0.2914553044293144,456.76906993053933,31750.881455085426,482.5211271142744,-8989.07514520034,0.0,137.0307209791618,137.0307209791618,8989.07514520034,31714.02752135246,0.0,0.32388478062960185,0.043295252507760736
World_Top_5_MarketCap_Quarterly,5,True,0.3,2014,31714.02752135246,0.17076284241651102,533.4574306142006,37129.60500537406,2909.3288867486863,-6079.746258451654,0.0,160.03722918426016,160.03722918426016,6079.746258451654,37087.88113640103,8.185452315956354e-12,0.13688363157085162,0.20342979827232877
World_Top_5_MarketCap_Quarterly,5,True,0.3,2015,37087.88113640103,0.044787110465019694,646.6762442627173,38748.940165770546,4035.168386549816,-2044.577871901838,0.0,194.00287327881517,194.00287327881517,2044.5778719018385,38701.07881368039,0.0,0.013837599218982092,0.5393903729129417
World_Top_5_MarketCap_Quarterly,5,True,0.3,2016,38701.07881368039,0.13156219732329233,725.6543943995778,43792.6777811901,502.04154801916326,-1542.5363238826753,0.0,217.69631831987328,217.69631831987328,1542.5363238826753,43736.442086152994,0.0,0.11959912078710487,0.028899660203883355
World_Top_5_MarketCap_Quarterly,5,True,0.3,2017,43736.442086152994,0.4222358329710136,568.6347373974704,62203.5351415883,5378.949793224038,3836.413469341363,1150.9240408024089,170.59042121924116,1321.5144620216502,0.0,61231.94485786556,0.0,0.2183160148270721,0.45454639901861604
World_Top_5_MarketCap_Quarterly,5,True,0.3,2018,61231.94485786556,0.04053627618999427,547.4245888752117,63714.059886274496,4184.048852083398,4184.048852083398,1255.2146556250193,164.2273766625635,1419.4420322875828,0.0,62424.97520282319,0.0,-0.043842417452558714,0.17245251800155936
World_Top_5_MarketCap_Quarterly,5,True,0.3,2019,62424.97520282319,0.46298875218539726,549.1907579535464,91327.03657718266,3580.4676148310073,3580.4676148310073,1074.1402844493023,164.7572273860639,1238.8975118353662,0.0,90318.85473698033,4.547473508864641e-13,0.3148637098683444,0.16823120005964956
World_Top_5_MarketCap_Quarterly,5,True,0.3,2020,90318.85473698033,0.4662590320947678,555.2145604064117,132430.8365265527,7320.5418358144125,7320.5418358144125,2196.162550744324,166.5643681219235,2362.7269188662476,0.0,131880.34571333256,0.0,0.18398826898926857,0.2788449925740899
World_Top_5_MarketCap_Quarterly,5,True,0.3,2021,131880.34571333256,0.35676931204891843,596.0977498252289,178931.20592625174,13975.922600067268,13975.922600067268,4192.77678002018,178.82932494756864,4371.606104967749,0.0,174702.08615825017,0.0,0.2870536836204064,0.12138382658315408
World_Top_5_MarketCap_Quarterly,5,True,0.3,2022,174702.08615825017,-0.3698734624134356,606.1753801725297,110084.42066004784,-7338.46216569306,-7338.46216569306,-7.105427357601002e-15,181.8526140517589,181.85261405175893,7338.462165693059,110040.06087878888,0.0,-0.18110887480348867,0.10604407014466137
World_Top_5_MarketCap_Quarterly,5,True,0.3,2023,110040.06087878888,0.6161474705349936,606.0236540732483,177840.96604677135,13935.209780851168,6596.747615158109,1979.024284547432,181.8070962219745,2160.831380769406,0.0,175814.37376634442,0.0,0.2628765887097365,0.27175633012885714
World_Top_5_MarketCap_Quarterly,5,True,0.3,2024,175814.37376634442,0.5212107529449441,827.4080561322933,267450.7158956446,5339.494650648746,5339.494650648746,1601.8483951946237,248.22241683968798,1850.0708120343118,0.0,265804.6557988357,0.0,0.2501967983593843,0.025608820160455074
World_Top_10_MarketCap,10,False,0.3,1995,10000.0,0.415334144133593,368.2749638745713,14153.34144133593,351.6731746604359,0.0,0.0,0.0,0.0,0.0,14153.34144133593,5.002220859751105e-12,0.3757621024474126,0.11192547469519311
World_Top_10_MarketCap,10,False,0.3,1996,14153.34144133593,0.32027667924320513,383.06266597263016,18686.32663836224,715.0067110112614,0.0,0.0,0.0,0.0,0.0,18686.32663836224,5.4569682106375694e-12,0.229609615675976,0.10333244443976432
World_Top_10_MarketCap,10,False,0.3,1997,18686.32663836224,0.326690550281481,416.6257972766549,24790.972970588296,2365.1696188063174,0.0,0.0,0.0,0.0,0.0,24790.972970588293,0.0,0.3336276825136051,0.20670517450622222
World_Top_10_MarketCap,10,False,0.3,1998,24790.972970588296,0.34865925711425033,343.14777733847495,33434.57518965307,2834.1466115421517,0.0,0.0,0.0,0.0,0.0,33434.575189653064,0.0,0.2857901787776598,0.26109363575569805
World_Top_10_MarketCap,10,False,0.3,1999,33434.57518965307,0.4442964023528351,330.4265717936739,48289.43666061129,4554.228339214745,0.0,0.0,0.0,0.0,0.0,48289.43666061129,0.0,0.21041191370111562,0.13846843682647705
World_Top_10_MarketCap,10,False,0.3,2000,48289.43666061129,-0.1811603286734,353.8109075988421,39541.306443721616,2564.505648059825,0.0,0.0,0.0,0.0,0.0,39541.30644372161,0.0,-0.09104086276837844,0.26255780988524713
World_Top_10_MarketCap,10,False,0.3,2001,39541.306443721616,-0.07050490675168969,459.0212589758452,36753.45032006704,243.36840431525667,0.0,0.0,0.0,0.0,0.0,36753.45032006703,2.5011104298755527e-12,-0.11886010983089954,0.12432330483460453
World_Top_10_MarketCap,10,False,0.3,2002,36753.45032006704,-0.18912361947658662,727.2125442616951,29802.504767283048,210.46831311997272,0.0,0.0,0.0,0.0,0.0,29802.504767283055,7.958078640513122e-13,-0.22100334778687813,0.05113086853070356
World_Top_10_MarketCap,10,False,0.3,2003,29802.504767283048,0.17782898834892394,674.8676252964674,35102.254040312975,585.6780811706143,0.0,0.0,0.0,0.0,0.0,35102.254040312975,0.0,0.28684248085126623,0.03400233905910975
World_Top_10_MarketCap,10,False,0.3,2004,35102.254040312975,0.09870572922517373,1301.9521066897348,38567.04762280937,-358.5445957329456,0.0,0.0,0.0,0.0,0.0,38567.04762280936,4.547473508864641e-13,0.10882102850382633,0.11177378552450898
World_Top_10_MarketCap,10,False,0.3,2005,38567.04762280937,0.036361520421882114,979.462827756869,39969.40411255785,-8.862854696989245,0.0,0.0,0.0,0.0,0.0,39969.40411255786,5.684341886080802e-14,0.04911783501430919,0.11909044718451836
World_Top_10_MarketCap,10,False,0.3,2006,39969.40411255785,0.18678122436968653,1130.4579205457742,47434.93835002819,296.5762341742459,0.0,0.0,0.0,0.0,0.0,47434.93835002819,4.547473508864641e-13,0.15794463807112516,0.113138729413719
World_Top_10_MarketCap,10,False,0.3,2007,47434.93835002819,0.02999213248858816,1302.0536821234414,48857.61330561025,-305.6873798794943,0.0,0.0,0.0,0.0,0.0,48857.613305610255,4.547473508864641e-13,0.054937263566210565,0.24208484345453
World_Top_10_MarketCap,10,False,0.3,2008,48857.61330561025,-0.31523021271271034,1193.3671725016322,33456.21747064738,-1638.1819828690886,0.0,0.0,0.0,0.0,0.0,33456.21747064738,0.0,-0.3699761081938922,0.11818678138912395
World_Top_10_MarketCap,10,False,0.3,2009,33456.21747064738,0.13358396140176107,1108.763357603362,37925.431533895266,-1078.4913300356832,0.0,0.0,0.0,0.0,0.0,37925.43153389527,0.0,0.2646423212982973,0.2108527991044465
World_Top_10_MarketCap,10,False,0.3,2010,37925.431533895266,0.12727201638375427,888.3005016468495,42752.277677438135,13.730258590934909,0.0,0.0,0.0,0.0,0.0,42752.277677438135,9.094947017729282e-13,0.15063401360544215,0.18907697138069493
World_Top_10_MarketCap,10,False,0.3,2011,42752.277677438135,0.10217069000186128,1106.2150622538452,47120.30738689316,1027.364402404549,0.0,0.0,0.0,0.0,0.0,47120.30738689316,0.0,0.02111820043608024,0.0541177316740846
World_Top_10_MarketCap,10,False,0.3,2012,47120.30738689316,0.10893834008466502,1394.3598273320426,52253.51545790048,2812.288524357396,0.0,0.0,0.0,0.0,0.0,52253.515457900474,0.0,0.1600322380427432,0.2858658215348768
World_Top_10_MarketCap,10,False,0.3,2013,52253.51545790048,0.2500201723489243,1350.1299369828382,65317.94839852194,1824.494939263032,0.0,0.0,0.0,0.0,0.0,65317.94839852195,0.0,0.32388478062960185,0.15948128183994342
World_Top_10_MarketCap,10,False,0.3,2014,65317.94839852194,0.13771960659133298,1547.8541004872268,74313.51055531937,2649.957814319803,0.0,0.0,0.0,0.0,0.0,74313.51055531936,3.637978807091713e-12,0.13688363157085162,0.11211718197044063
World_Top_10_MarketCap,10,False,0.3,2015,74313.51055531937,0.05686506137611965,1608.1045779404365,78539.35289412252,4087.573942582052,0.0,0.0,0.0,0.0,0.0,78539.35289412252,1.1823431123048067e-11,0.013837599218982092,0.3074691925728466
World_Top_10_MarketCap,10,False,0.3,2016,78539.35289412252,0.12622180354765167,1281.7955474421792,88452.73166588414,3167.116835962769,0.0,0.0,0.0,0.0,0.0,88452.73166588414,3.257127900724299e-11,0.11959912078710487,0.09722907251405544
World_Top_10_MarketCap,10,False,0.3,2017,88452.73166588414,0.39298897879361394,1308.7932175904307,123213.68035476551,5540.795030749163,0.0,0.0,0.0,0.0,0.0,123213.68035476554,0.0,0.2183160148270721,0.1120526945946435
World_Top_10_MarketCap,10,False,0.3,2018,123213.68035476551,0.0010403788683482611,1422.2327336952967,123341.86926409803,1502.7390638819916,0.0,0.0,0.0,0.0,0.0,123341.86926409803,3.581135388230905e-12,-0.043842417452558714,0.03743284510672258
World_Top_10_MarketCap,10,False,0.3,2019,123341.86926409803,0.45668161716710315,1675.6580688031686,179669.83358403973,5188.366900061903,0.0,0.0,0.0,0.0,0.0,179669.83358403976,2.3874235921539366e-11,0.3148637098683444,0.040178025215433844
World_Top_10_MarketCap,10,False,0.3,2020,179669.83358403973,0.43931567257828785,1661.8619873839411,258601.6073670412,12965.961770774069,0.0,0.0,0.0,0.0,0.0,258601.60736704114,0.0,0.18398826898926857,0.1021223543681311
World_Top_10_MarketCap,10,False,0.3,2021,258601.6073670412,0.2937021751716653,1455.559698041685,334553.46195363015,25977.54850238716,0.0,0.0,0.0,0.0,0.0,334553.4619536301,1.8189894035458565e-12,0.2870536836204064,0.11557295398026321
World_Top_10_MarketCap,10,False,0.3,2022,334553.46195363015,-0.3723758388539108,1268.3216364577838,209973.8359171672,-14642.663617827346,0.0,0.0,0.0,0.0,0.0,209973.8359171672,1.4551915228366852e-11,-0.18110887480348867,0.2435378900597554
World_Top_10_MarketCap,10,False,0.3,2023,209973.8359171672,0.4113130639775411,2402.0255867684496,296338.8177233747,26357.933470208263,0.0,0.0,0.0,0.0,0.0,296338.81772337476,6.184563972055912e-11,0.2628765887097365,0.2852553750251424
World_Top_10_MarketCap,10,False,0.3,2024,296338.8177233747,0.4894874863541919,1609.7861425946658,441392.96071996243,8283.29825012871,0.0,0.0,0.0,0.0,0.0,441392.9607199625,1.2005330063402653e-10,0.2501967983593843,0.06907911093584714
World_Top_10_MarketCap,10,True,0.3,1995,10000.0,0.415334144133593,368.2749638745713,14153.34144133593,373.95345236069176,373.95345236069176,112.18603570820756,110.4824891623714,222.66852487057895,0.0,13930.67291646535,0.0,0.3757621024474126,0.10904967652726513
World_Top_10_MarketCap,10,True,0.3,1996,13930.67291646535,0.32027667906284174,377.03610344267264,18392.342575261544,786.2202292061628,786.2202292061628,235.86606876184885,113.11083103280178,348.97689979465065,0.0,18043.365675466895,0.0,0.229609615675976,0.10327712172928262
World_Top_10_MarketCap,10,True,0.3,1997,18043.365675466895,0.32669055035323896,402.290495980822,23937.962738209917,2594.4997383062,2594.4997383062,778.34992149186,120.6871487942466,899.0370702861065,0.0,23038.925667923806,0.0,0.3336276825136051,0.209185350966891
World_Top_10_MarketCap,10,True,0.3,1998,23038.925667923806,0.34865925716632024,318.8965655423365,31071.66037721219,3056.794842370291,3056.794842370291,917.0384527110873,95.66896966270095,1012.7074223737883,0.0,30058.952954838398,0.0,0.2857901787776598,0.26401665900096183
World_Top_10_MarketCap,10,True,0.3,1999,30058.952954838398,0.444296402529487,297.06603779448517,43414.03761647619,4865.002476106764,4865.002476106764,1459.5007428320293,89.11981133834554,1548.6205541703748,0.0,41865.41706230581,0.0,0.21041191370111562,0.14625376596934075
World_Top_10_MarketCap,10,True,0.3,2000,41865.41706230581,-0.18116032872556198,306.74288690468154,34281.06434506574,2474.052464445559,2474.052464445559,742.2157393336677,92.02286607140447,834.2386054050721,0.0,33446.82573966067,0.0,-0.09104086276837844,0.2608635824126831
World_Top_10_MarketCap,10,True,0.3,2001,33446.82573966067,-0.0705049067317183,388.2725546677965,31088.66041041386,240.74091914639234,240.74091914639234,72.22227574391768,116.48176640033894,188.70404214425662,0.0,30899.956368269603,0.0,-0.11886010983089954,0.12376222459605453
World_Top_10_MarketCap,10,True,0.3,2002,30899.956368269603,-0.1891236194690659,611.3939152230597,25056.044778466243,193.5729583213585,193.5729583213585,58.07188749640753,183.4181745669179,241.49006206332544,0.0,24814.554716402923,0.0,-0.22100334778687813,0.05165695947737936
World_Top_10_MarketCap,10,True,0.3,2003,24814.554716402923,0.17782898838637037,561.9171864069862,29227.30187887909,557.8537243357106,557.8537243357106,167.35611730071324,168.57515592209583,335.93127322280907,0.0,28891.37060565628,0.0,0.28684248085126623,0.032070200151536325
World_Top_10_MarketCap,10,True,0.3,2004,28891.37060565628,0.09870572927272189,1071.5887585924615,31743.114410976064,-267.104303363781,-267.104303363781,0.0,321.47662757773844,321.47662757773844,267.104303363781,31421.63778339833,6.821210263296962e-12,0.10882102850382633,0.1095799223578144
World_Top_10_MarketCap,10,True,0.3,2005,31421.63778339833,0.03636152042188246,797.9953896672566,32564.176307348363,2.2996648350786018,-264.8046385287024,0.0,239.398616900177,239.398616900177,264.8046385287024,32324.777690448183,0.0,0.04911783501430919,0.11646035090421147
World_Top_10_MarketCap,10,True,0.3,2006,32324.777690448183,0.18678122436968628,914.244327164426,38362.439244948015,299.14121668530413,34.33657815660172,10.300973446980493,274.2732981493278,284.5742715963083,0.0,38077.86497335171,0.0,0.15794463807112516,0.11227542245340408
World_Top_10_MarketCap,10,True,0.3,2007,38077.86497335171,0.029992132520366022,1045.2089961069837,39219.90134572508,-133.82096583369744,-133.82096583369744,0.0,313.5626988320951,313.5626988320951,133.82096583369744,38906.33864689298,4.547473508864641e-13,0.054937263566210565,0.2418579114326778
World_Top_10_MarketCap,10,True,0.3,2008,38906.33864689298,-0.31523021271271046,950.3032219975884,26641.88523936016,-1242.8205894288953,-1376.6415552625929,0.0,285.0909665992765,285.0909665992765,1376.6415552625929,26356.794272760886,0.0,-0.3699761081938922,0.11842779165016645
World_Top_10_MarketCap,10,True,0.3,2009,26356.794272760886,0.13358396140176115,873.4833141004791,29877.639261567536,-836.2562329423027,-2212.8977882048957,0.0,262.04499423014374,262.04499423014374,2212.8977882048957,29615.594267337397,0.0,0.2646423212982973,0.21011577341250187
World_Top_10_MarketCap,10,True,0.3,2010,29615.594267337397,0.12727201638375404,693.665073282908,33384.830666144575,66.11607576812877,-2146.781712436767,0.0,208.09952198487238,208.09952198487238,2146.781712436767,33176.7311441597,0.0,0.15063401360544215,0.1898414395232454
World_Top_10_MarketCap,10,True,0.3,2011,33176.7311441597,0.10217069000186159,858.4478231760713,36566.420657164745,860.2933172199403,-1286.4883952168268,0.0,257.5343469528214,257.5343469528214,1286.4883952168268,36308.88631021192,0.0,0.02111820043608024,0.05380609808015845
World_Top_10_MarketCap,10,True,0.3,2012,36308.88631021192,0.10893834008466483,1074.4338323269997,40264.31611516922,2270.1089802609986,983.6205850441718,295.0861755132516,322.3301496980999,617.4163252113515,0.0,39646.899789957875,0.0,0.1600322380427432,0.2821607944388936
World_Top_10_MarketCap,10,True,0.3,2013,39646.899789957875,0.2500201723346013,1024.3993317249874,49559.42450797581,1614.6680801247987,1614.6680801247987,484.40042403743985,307.3197995174962,791.7202235549361,0.0,48767.70428442087,0.0,0.32388478062960185,0.15866550358270612
World_Top_10_MarketCap,10,True,0.3,2014,48767.70428442087,0.1377196065276211,1155.6592466122233,55483.973329726694,2323.721016721546,2323.721016721546,697.1163050164641,346.697773983667,1043.8140790001312,0.0,54440.15925072656,0.0,0.13688363157085162,0.11167762838241511
World_Top_10_MarketCap,10,True,0.3,2015,54440.15925072656,0.05686506134088803,1178.0558965057094,57535.90224592684,3218.616731848269,3218.616731848269,965.5850195544806,353.4167689517128,1319.0017885061934,0.0,56216.90045742065,0.0,0.013837599218982092,0.30322169525458176
World_Top_10_MarketCap,10,True,0.3,2016,56216.90045742065,0.1262218035504871,917.4836568803076,63312.699023174486,2613.678989979886,2613.678989979886,784.1036969939657,275.2450970640923,1059.348794058058,0.0,62253.35022911643,0.0,0.11959912078710487,0.09604644329409592
World_Top_10_MarketCap,10,True,0.3,2017,62253.35022911643,0.39298897865376475,921.1333671812741,86718.23075343201,4480.012642153877,4480.012642153877,1344.003792646163,276.34001015438224,1620.3438028005453,0.0,85097.88695063148,0.0,0.2183160148270721,0.11347404504901641
World_Top_10_MarketCap,10,True,0.3,2018,85097.88695063148,0.0010403788183072748,982.2691760438172,85186.42098969762,1316.5908493975223,1316.5908493975223,394.97725481925676,294.68075281314515,689.6580076324019,0.0,84496.76298206521,0.0,-0.043842417452558714,0.038771141203909364
World_Top_10_MarketCap,10,True,0.3,2019,84496.76298206521,0.4566816171672496,1147.9287892338637,123084.88134611254,4274.772381547147,4274.772381547147,1282.431714464144,344.37863677015906,1626.8103512343032,0.0,121458.07099487822,0.0,0.3148637098683444,0.04088970842750224
World_Top_10_MarketCap,10,True,0.3,2020,121458.07099487822,0.4393156724252015,1123.4303899933539,174816.505125461,9585.156915982421,9585.156915982421,2875.547074794726,337.02911699800615,3212.576191792732,0.0,171603.9289336683,0.0,0.18398826898926857,0.09989874363909658
World_Top_10_MarketCap,10,True,0.3,2021,171603.9289336683,0.29370217505400903,965.8863515512313,222004.37610930027,22049.192298001668,22049.192298001668,6614.757689400501,289.76590546536937,6904.52359486587,0.0,215099.8525144344,0.0,0.2870536836204064,0.1238231780297596
World_Top_10_MarketCap,10,True,0.3,2022,215099.8525144344,-0.37237583887990405,815.4624833046995,135001.86449142825,-9118.48920987681,-9118.48920987681,0.0,244.63874499140985,244.63874499140985,9118.48920987681,134757.2257464368,1.4551915228366852e-11,-0.18110887480348867,0.2438287643617629
World_Top_10_MarketCap,10,True,0.3,2023,134757.2257464368,0.41131306397754136,1541.5744672710853,190184.63316131695,18843.99796458988,9725.508754713068,2917.65262641392,462.47234018132554,3380.124966595246,0.0,186804.5081947217,0.0,0.2628765887097365,0.2879805467782499
World_Top_10_MarketCap,10,True,0.3,2024,186804.5081947217,0.4894874864509869,1014.7685372218227,278242.9773686688,5729.8520065624,5729.8520065624,1718.95560196872,304.4305611665468,2023.3861631352668,0.0,276219.5912055336,0.0,0.2501967983593843,0.06847133247717432
World_Top_10_MarketCap_Quarterly,10,False,0.3,1995,10000.0,0.42127211976697365,372.6947454185295,14212.721197669736,389.166805266294,0.0,0.0,0.0,0.0,0.0,14212.721197669736,5.4569682106375694e-12,0.3757621024474126,0.12300886128429568
World_Top_10_MarketCap_Quarterly,10,False,0.3,1996,14212.721197669736,0.324134585905594,388.12449743748306,18819.555697668075,794.3082120795067,0.0,0.0,0.0,0.0,0.0,18819.55569766808,9.777068044058979e-12,0.229609615675976,0.11440513063599544
World_Top_10_MarketCap_Quarterly,10,False,0.3,1997,18819.555697668075,0.30514107310533173,425.00756312086685,24562.17511862007,2641.1823846501416,0.0,0.0,0.0,0.0,0.0,24562.17511862007,0.0,0.3336276825136051,0.34236444504059793
World_Top_10_MarketCap_Quarterly,10,False,0.3,1998,24562.17511862007,0.3448391864453517,346.75804968324337,33032.17560385328,2745.5376509633666,0.0,0.0,0.0,0.0,0.0,33032.17560385327,0.0,0.2857901787776598,0.3780447433949685
World_Top_10_MarketCap_Quarterly,10,False,0.3,1999,33032.17560385328,0.45367321361308544,344.7180195252774,48017.98886268515,5182.947829457903,0.0,0.0,0.0,0.0,0.0,48017.98886268516,4.547473508864641e-13,0.21041191370111562,0.3257272088420488
World_Top_10_MarketCap_Quarterly,10,False,0.3,2000,48017.98886268515,-0.19677326945154872,341.30356353566657,38569.33220168654,655.5881166543874,0.0,0.0,0.0,0.0,0.0,38569.33220168654,9.094947017729282e-13,-0.09104086276837844,0.43260025656843293
World_Top_10_MarketCap_Quarterly,10,False,0.3,2001,38569.33220168654,-0.10926755177348231,445.7003893318497,34354.95569847012,-1085.3829342934537,0.0,0.0,0.0,0.0,0.0,34354.95569847012,1.4210854715202004e-14,-0.11886010983089954,0.3160497392694388
World_Top_10_MarketCap_Quarterly,10,False,0.3,2002,34354.95569847012,-0.18245279335099004,686.4967781376159,28086.798065834733,-111.17963044741609,0.0,0.0,0.0,0.0,0.0,28086.798065834726,0.0,-0.22100334778687813,0.1836722636113245
World_Top_10_MarketCap_Quarterly,10,False,0.3,2003,28086.798065834733,0.16778774544673994,658.4354589689303,32799.418590119,648.0905687576811,0.0,0.0,0.0,0.0,0.0,32799.418590119,0.0,0.28684248085126623,0.16176831567252783
World_Top_10_MarketCap_Quarterly,10,False,0.3,2004,32799.418590119,0.1057193808904593,1237.284170841764,36266.9528170334,708.1092245304823,0.0,0.0,0.0,0.0,0.0,36266.9528170334,3.538502824085299e-12,0.10882102850382633,0.12409511669717058
World_Top_10_MarketCap_Quarterly,10,False,0.3,2005,36266.9528170334,0.03662280720015074,929.7871222876131,37595.15043778858,185.24939247207726,0.0,0.0,0.0,0.0,0.0,37595.15043778858,0.0,0.04911783501430919,0.12431860578391393
World_Top_10_MarketCap_Quarterly,10,False,0.3,2006,37595.15043778858,0.18955161677033844,1074.2811075471436,44721.3719859955,513.9180540141969,0.0,0.0,0.0,0.0,0.0,44721.371985995516,4.092726157978177e-12,0.15794463807112516,0.12355336826401439
World_Top_10_MarketCap_Quarterly,10,False,0.3,2007,44721.3719859955,0.021346389071794113,1241.0419140030547,45676.011792232996,35.80646718849306,0.0,0.0,0.0,0.0,0.0,45676.01179223298,0.0,0.054937263566210565,0.3834844869968933
World_Top_10_MarketCap_Quarterly,10,False,0.3,2008,45676.011792232996,-0.34246952586173135,1179.459422718997,30033.369690492113,-2572.8352484543275,0.0,0.0,0.0,0.0,0.0,30033.36969049211,0.0,-0.3699761081938922,0.3193294868057393
World_Top_10_MarketCap_Quarterly,10,False,0.3,2009,30033.369690492113,0.14196542240305146,928.1389374539906,34297.06970478983,-1216.3830988399654,0.0,0.0,0.0,0.0,0.0,34297.06970478983,0.0,0.2646423212982973,0.2225686217587028
World_Top_10_MarketCap_Quarterly,10,False,0.3,2010,34297.06970478983,0.1299314128569026,810.3430840851981,38753.33642838484,588.3944243763448,0.0,0.0,0.0,0.0,0.0,38753.33642838484,9.094947017729282e-13,0.15063401360544215,0.2036776353516848
World_Top_10_MarketCap_Quarterly,10,False,0.3,2011,38753.33642838484,0.08602163709622399,992.856564308018,42086.96187089524,584.4814143987942,0.0,0.0,0.0,0.0,0.0,42086.96187089524,0.0,0.02111820043608024,0.1936970573990146
World_Top_10_MarketCap_Quarterly,10,False,0.3,2012,42086.96187089524,0.09869438952312946,1230.0813532694215,46240.70887962647,2193.9843997620696,0.0,0.0,0.0,0.0,0.0,46240.70887962647,4.547473508864641e-13,0.1600322380427432,0.5061479914857028
World_Top_10_MarketCap_Quarterly,10,False,0.3,2013,46240.70887962647,0.2684897896552187,1222.0354416051516,58655.86708022559,1598.7136068768505,0.0,0.0,0.0,0.0,0.0,58655.86708022559,0.0,0.32388478062960185,0.17144730378180506
World_Top_10_MarketCap_Quarterly,10,False,0.3,2014,58655.86708022559,0.1387635930573816,1401.7103051016065,66795.16595017388,2531.876723744947,0.0,0.0,0.0,0.0,0.0,66795.16595017388,8.412825991399586e-12,0.13688363157085162,0.12193488182311504
World_Top_10_MarketCap_Quarterly,10,False,0.3,2015,66795.16595017388,0.058135529734270844,1457.759103898446,70678.33830637576,4613.345494561697,0.0,0.0,0.0,0.0,0.0,70678.33830637575,7.275957614183426e-12,0.013837599218982092,0.3178132604649201
World_Top_10_MarketCap_Quarterly,10,False,0.3,2016,70678.33830637576,0.12685983410019835,1160.3991542938584,79644.58057840029,2580.850042855218,0.0,0.0,0.0,0.0,0.0,79644.58057840026,1.8530954548623413e-11,0.11959912078710487,0.10314186844295518
World_Top_10_MarketCap_Quarterly,10,False,0.3,2017,79644.58057840029,0.3947933011425887,1183.8811508137615,111087.72746306384,4948.431811410775,0.0,0.0,0.0,0.0,0.0,111087.72746306384,0.0,0.2183160148270721,0.11797050791061597
World_Top_10_MarketCap_Quarterly,10,False,0.3,2018,111087.72746306384,0.0001878331472707818,1287.4134505159295,111108.59342053639,1764.9596684914848,0.0,0.0,0.0,0.0,0.0,111108.5934205364,3.581135388230905e-12,-0.043842417452558714,0.043654607924224154
World_Top_10_MarketCap_Quarterly,10,False,0.3,2019,111108.59342053639,0.4430299061203796,1461.0719929875922,160333.02313280405,5349.094743907028,0.0,0.0,0.0,0.0,0.0,160333.02313280402,0.0,0.3148637098683444,0.16381248715243052
World_Top_10_MarketCap_Quarterly,10,False,0.3,2020,160333.02313280405,0.4365344359170315,1331.1981472139619,230323.90894495504,11682.937037547512,0.0,0.0,0.0,0.0,0.0,230323.908944955,3.637978807091713e-12,0.18398826898926857,0.15630834508491825
World_Top_10_MarketCap_Quarterly,10,False,0.3,2021,230323.90894495504,0.30141337274575153,1359.54944431898,299746.6151640393,23930.723819335282,0.0,0.0,0.0,0.0,0.0,299746.61516403925,2.3646862246096134e-11,0.2870536836204064,0.2045998965814948
World_Top_10_MarketCap_Quarterly,10,False,0.3,2022,299746.6151640393,-0.35954961593056634,1284.59794079498,191972.8348053217,-11789.124654687985,0.0,0.0,0.0,0.0,0.0,191972.83480532168,0.0,-0.18110887480348867,0.2279382575349388
World_Top_10_MarketCap_Quarterly,10,False,0.3,2023,191972.8348053217,0.4709752206963112,1932.2371471050549,282387.2830454546,21157.14921263065,0.0,0.0,0.0,0.0,0.0,282387.28304545453,2.546585164964199e-11,0.2628765887097365,0.278554123264684
World_Top_10_MarketCap_Quarterly,10,False,0.3,2024,282387.2830454546,0.4581489113168975,1575.0338516158033,411762.7093424662,6725.3594088307655,0.0,0.0,0.0,0.0,0.0,411762.7093424661,5.4569682106375694e-11,0.2501967983593843,0.15847427730063002
World_Top_10_MarketCap_Quarterly,10,True,0.3,1995,10000.0,0.410775007323215,371.3519091648193,14107.75007323215,403.5567932570658,403.5567932570658,121.06703797711968,111.4055727494458,232.47261072656548,0.0,13962.689346460564,0.0,0.3757621024474126,0.1180549842226308
World_Top_10_MarketCap_Quarterly,10,True,0.3,1996,13962.689346460564,0.3165121739045572,380.246751279665,18382.050505062798,857.9659571042793,857.9659571042793,257.38978713128375,114.07402538389948,371.46381251518324,0.0,18101.02113719073,0.0,0.229609615675976,0.11312666279872899
World_Top_10_MarketCap_Quarterly,10,True,0.3,1997,18101.02113719073,0.2952528373503505,407.32086205427896,23445.398986884964,2879.3018904556725,2879.3018904556725,863.7905671367017,122.19625861628369,985.9868257529854,0.0,22626.838237365275,0.0,0.3336276825136051,0.3463760899556564
World_Top_10_MarketCap_Quarterly,10,True,0.3,1998,22626.838237365275,0.33775364096512334,318.0556718591098,30269.13523556427,2919.3318385673792,2919.3318385673792,875.7995515702138,95.41670155773295,971.2162531279467,0.0,29436.56581594184,0.0,0.2857901787776598,0.3829701911055119
World_Top_10_MarketCap_Quarterly,10,True,0.3,1999,29436.56581594184,0.4414641158706862,306.48951807865126,42431.75331814587,5429.065092930525,5429.065092930525,1628.7195278791573,91.94685542359535,1720.6663833027528,0.0,40997.55582336913,0.0,0.21041191370111562,0.3365135056786439
World_Top_10_MarketCap_Quarterly,10,True,0.3,2000,40997.55582336913,-0.1981397654591992,291.1807097048825,32874.30972812635,637.3465714181541,637.3465714181541,191.20397142544604,87.35421291146474,278.5581843369108,0.0,32664.826906775976,0.0,-0.09104086276837844,0.4322317936164889
World_Top_10_MarketCap_Quarterly,10,True,0.3,2001,32664.826906775976,-0.11200376924961965,376.9366637981195,29006.243171330672,-881.0032801029258,-881.0032801029258,0.0,113.08099913943587,113.08099913943587,881.0032801029254,28982.09471941588,0.0,-0.11886010983089954,0.31699442449806536
World_Top_10_MarketCap_Quarterly,10,True,0.3,2002,28982.09471941588,-0.18740423284852134,577.828519005929,23550.727492180566,-82.54437924461769,-963.547659347543,0.0,173.3485557017787,173.3485557017787,963.547659347543,23523.9457308903,0.0,-0.22100334778687813,0.18151624735613947
World_Top_10_MarketCap_Quarterly,10,True,0.3,2003,23523.9457308903,0.16201882356453046,550.0781708195711,27335.267743805005,556.6276104999288,-406.9200488476142,0.0,165.02345124587134,165.02345124587134,406.9200488476141,27292.73040738873,0.0,0.28684248085126623,0.16031503810290032
World_Top_10_MarketCap_Quarterly,10,True,0.3,2004,27292.73040738873,0.10024986801663839,1026.0045937582809,30028.823028543145,645.6815920376572,238.76154319004308,71.62846295701294,307.8013781274843,379.42984108449724,0.0,29789.03677390769,0.0,0.10882102850382633,0.12130637120232882
World_Top_10_MarketCap_Quarterly,10,True,0.3,2005,29789.03677390769,0.03068166554655529,761.5495433759824,30703.014037158762,168.07809483477016,168.07809483477016,50.42342845043104,228.4648630127947,278.88829146322576,0.0,30598.634241153723,0.0,0.04911783501430919,0.12040691982669763
World_Top_10_MarketCap_Quarterly,10,True,0.3,2006,30598.634241153723,0.1822756654488219,871.6594242137218,36176.020659285125,454.7471357467261,454.7471357467261,136.42414072401783,261.49782726411655,397.9219679881344,0.0,35974.89418730522,0.0,0.15794463807112516,0.11984180804186091
World_Top_10_MarketCap_Quarterly,10,True,0.3,2007,35974.89418730522,0.014911833544674633,994.7656751663255,36511.345821213596,101.68466898333651,101.68466898333651,30.505400695001015,298.4297025498977,328.93510324489864,0.0,36408.211533559945,0.0,0.054937263566210565,0.38145933739446314
World_Top_10_MarketCap_Quarterly,10,True,0.3,2008,36408.211533559945,-0.3472094515796488,937.016690688306,23766.936373996752,-1948.0277929755382,-1948.0277929755382,0.0,281.1050072064918,281.1050072064918,1948.0277929755384,23706.22279548738,0.0,-0.3699761081938922,0.3225362894544661
World_Top_10_MarketCap_Quarterly,10,True,0.3,2009,23706.22279548738,0.13301484149088702,729.882234448129,26859.50226297679,-953.141817491817,-2901.1696104673556,0.0,218.96467033443872,218.96467033443872,2901.1696104673556,26818.17316593903,0.0,0.2646423212982973,0.21953372755775064
World_Top_10_MarketCap_Quarterly,10,True,0.3,2010,26818.17316593903,0.12362537132925634,631.9407610049632,30133.579781950542,493.39067690688887,-2407.7789335604666,0.0,189.58222830148893,189.58222830148893,2407.7789335604666,30090.88713720288,1.8189894035458565e-12,0.15063401360544215,0.2010557513075504
World_Top_10_MarketCap_Quarterly,10,True,0.3,2011,30090.88713720288,0.07990835964001342,768.8101521125441,32495.400568449542,481.1375936581851,-1926.6413399022815,0.0,230.64304563376322,230.64304563376322,1926.6413399022815,32439.29865472594,0.0,0.02111820043608024,0.19240868257096722
World_Top_10_MarketCap_Quarterly,10,True,0.3,2012,32439.29865472594,0.09231242503314112,945.334092550117,35433.848979918,1766.1666558790248,-160.4746840232567,0.0,283.60022776503513,283.60022776503513,160.47468402325694,35362.56727982791,0.0,0.1600322380427432,0.5046580794538078
World_Top_10_MarketCap_Quarterly,10,True,0.3,2013,35362.56727982791,0.26157586115223147,931.9386895815213,44612.56126860262,1340.8099611008588,1180.3352770776019,354.10058312328056,279.5816068744564,633.6821899977369,0.0,44185.838435391874,4.547473508864641e-13,0.32388478062960185,0.16930274443148596
World_Top_10_MarketCap_Quarterly,10,True,0.3,2014,44185.838435391874,0.13315815220595179,1053.2453082501115,50069.54303511938,2150.760471699754,2150.760471699754,645.2281415099263,315.9735924750334,961.2017339849597,0.0,49342.77383759855,0.0,0.13688363157085162,0.11919984697505895
World_Top_10_MarketCap_Quarterly,10,True,0.3,2015,49342.77383759855,0.052907007003752046,1074.1881946639146,51953.35231860893,3604.9052033383878,3604.9052033383878,1081.4715610015162,322.25645839917433,1403.7280194006905,0.0,50789.12001587613,0.0,0.013837599218982092,0.31127324828298747
World_Top_10_MarketCap_Quarterly,10,True,0.3,2016,50789.12001587613,0.1229520738741993,832.3760383254948,57033.747652073704,2105.383297634788,2105.383297634788,631.6149892904364,249.71281149764843,881.3278007880848,0.0,56339.242854630735,0.0,0.11959912078710487,0.10075927949912981
World_Top_10_MarketCap_Quarterly,10,True,0.3,2017,56339.242854630735,0.39087804171549084,836.2468719944359,78361.01577338226,4051.8882803969814,4051.8882803969814,1215.5664841190944,250.87406159833074,1466.440545717425,0.0,77083.03681557675,9.094947017729282e-13,0.2183160148270721,0.11854677581453894
World_Top_10_MarketCap_Quarterly,10,True,0.3,2018,77083.03681557675,-0.0023839303670778107,892.2866491201708,76899.27622332552,1427.290267351917,1427.290267351917,428.1870802055751,267.6859947360512,695.8730749416263,0.0,76423.6216150315,0.0,-0.043842417452558714,0.043655556000275944
World_Top_10_MarketCap_Quarterly,10,True,0.3,2019,76423.6216150315,0.4379006350734731,1003.2378867016064,109889.5740548686,4389.29863847503,4389.29863847503,1316.7895915425077,300.97136601048186,1617.7609575529893,0.0,108599.03870720652,0.0,0.3148637098683444,0.16546675957295587
World_Top_10_MarketCap_Quarterly,10,True,0.3,2020,108599.03870720652,0.43143531066725815,899.6485851958089,155452.49871001576,8645.08024547847,8645.08024547847,2593.5240736435408,269.89457555874264,2863.4186492022836,0.0,152969.19208839984,0.0,0.18398826898926857,0.1549156948154534
World_Top_10_MarketCap_Quarterly,10,True,0.3,2021,152969.19208839984,0.27987099204461496,894.3544388302876,195780.83163044357,19861.93115627866,19861.93115627866,5958.579346883597,268.30633164908625,6226.885678532683,0.0,192272.3986533334,0.0,0.2870536836204064,0.21490484268494375
World_Top_10_MarketCap_Quarterly,10,True,0.3,2022,192272.3986533334,-0.3603244892760415,823.5052623726983,122991.9448066916,-7354.300503697642,-7354.300503697642,0.0,247.0515787118095,247.0515787118095,7354.300503697643,122920.15479657782,0.0,-0.18110887480348867,0.22817067969519947
World_Top_10_MarketCap_Quarterly,10,True,0.3,2023,122920.15479657782,0.46831602307277587,1236.068790868203,180485.63284640113,14291.348326947429,6937.047823249786,2081.114346974936,370.8206372604609,2451.9349842353968,0.0,178312.23218640787,0.0,0.2628765887097365,0.2769974014811039
World_Top_10_MarketCap_Quarterly,10,True,0.3,2024,178312.23218640787,0.45667277188572286,994.0497846096767,259742.57352010536,4790.38499136211,4790.38499136211,1437.1154974086326,298.214935382903,1735.3304327915355,0.0,258238.57411200166,0.0,0.2501967983593843,0.1582528868123937
