strategy_name,n,year,ticker,action,shares,price,realized_gain
Top_3_MarketCap,3,2014,AAPL,BUY,149.9794,27.59,0.0
Top_3_MarketCap,3,2014,XOM,BUY,32.3256,92.45,0.0
Top_3_MarketCap,3,2014,MSFT,BUY,61.8636,46.45,0.0
Top_3_MarketCap,3,2015,MSFT,SELL,1.6073,55.48,14.51
Top_3_MarketCap,3,2015,MSFT,SELL,0.4694,55.48,4.24
Top_3_MarketCap,3,2015,MSFT,SELL,0.0076,55.48,0.07
Top_3_MarketCap,3,2015,MSFT,SELL,0.0001,55.48,0.0
Top_3_MarketCap,3,2015,MSFT,SELL,0.0,55.48,0.0
Top_3_MarketCap,3,2015,AAPL,BUY,7.5315,26.32,0.0
Top_3_MarketCap,3,2015,XOM,BUY,1.1043,77.95,0.0
Top_3_MarketCap,3,2016,XOM,SELL,33.4299,90.26,-57.2
Top_3_MarketCap,3,2016,AAPL,BUY,9.0088,28.95,0.0
Top_3_MarketCap,3,2016,MSFT,BUY,1.8275,62.14,0.0
Top_3_MarketCap,3,2016,AMZN,BUY,75.6397,37.49,0.0
Top_3_MarketCap,3,2017,AAPL,SELL,8.9398,42.31,131.59
Top_3_MarketCap,3,2017,AAPL,SELL,0.7668,42.31,11.29
Top_3_MarketCap,3,2017,AAPL,SELL,0.0315,42.31,0.46
Top_3_MarketCap,3,2017,AAPL,SELL,0.0013,42.31,0.02
Top_3_MarketCap,3,2017,AAPL,SELL,0.0001,42.31,0.0
Top_3_MarketCap,3,2017,AAPL,SELL,0.0,42.31,0.0
Top_3_MarketCap,3,2017,MSFT,BUY,3.3651,85.54,0.0
Top_3_MarketCap,3,2017,AMZN,BUY,4.0813,58.47,0.0
Top_3_MarketCap,3,2018,AMZN,SELL,0.5559,75.1,20.91
Top_3_MarketCap,3,2018,AMZN,SELL,0.3041,75.1,11.44
Top_3_MarketCap,3,2018,AMZN,SELL,0.0143,75.1,0.54
Top_3_MarketCap,3,2018,AMZN,SELL,0.0007,75.1,0.03
Top_3_MarketCap,3,2018,AMZN,SELL,0.0,75.1,0.0
Top_3_MarketCap,3,2018,AMZN,SELL,0.0,75.1,0.0
Top_3_MarketCap,3,2018,MSFT,BUY,1.4232,101.57,0.0
Top_3_MarketCap,3,2018,AAPL,BUY,1.6959,39.44,0.0
Top_3_MarketCap,3,2019,AAPL,SELL,6.6894,73.41,306.51
Top_3_MarketCap,3,2019,AAPL,SELL,0.8489,73.41,38.89
Top_3_MarketCap,3,2019,AAPL,SELL,0.0598,73.41,2.74
Top_3_MarketCap,3,2019,AAPL,SELL,0.0042,73.41,0.19
Top_3_MarketCap,3,2019,AAPL,SELL,0.0003,73.41,0.01
Top_3_MarketCap,3,2019,AAPL,SELL,0.0,73.41,0.0
Top_3_MarketCap,3,2019,AAPL,SELL,0.0,73.41,0.0
Top_3_MarketCap,3,2019,AAPL,SELL,0.0,73.41,0.0
Top_3_MarketCap,3,2019,MSFT,BUY,2.3429,157.7,0.0
Top_3_MarketCap,3,2019,AMZN,BUY,2.7738,92.39,0.0
Top_3_MarketCap,3,2020,AAPL,SELL,0.4229,132.69,44.45
Top_3_MarketCap,3,2020,AMZN,SELL,1.1149,162.85,139.76
Top_3_MarketCap,3,2020,AAPL,SELL,0.4154,132.69,43.66
Top_3_MarketCap,3,2020,AMZN,SELL,0.2223,162.85,27.86
Top_3_MarketCap,3,2020,AAPL,SELL,0.0661,132.69,6.94
Top_3_MarketCap,3,2020,AMZN,SELL,0.0353,162.85,4.43
Top_3_MarketCap,3,2020,AAPL,SELL,0.0105,132.69,1.1
Top_3_MarketCap,3,2020,AMZN,SELL,0.0056,162.85,0.7
Top_3_MarketCap,3,2020,AAPL,SELL,0.0017,132.69,0.18
Top_3_MarketCap,3,2020,AMZN,SELL,0.0009,162.85,0.11
Top_3_MarketCap,3,2020,AAPL,SELL,0.0003,132.69,0.03
Top_3_MarketCap,3,2020,AMZN,SELL,0.0001,162.85,0.02
Top_3_MarketCap,3,2020,AAPL,SELL,0.0,132.69,0.0
Top_3_MarketCap,3,2020,AMZN,SELL,0.0,162.85,0.0
Top_3_MarketCap,3,2020,AAPL,SELL,0.0,132.69,0.0
Top_3_MarketCap,3,2020,AMZN,SELL,0.0,162.85,0.0
Top_3_MarketCap,3,2020,AAPL,SELL,0.0,132.69,0.0
Top_3_MarketCap,3,2020,AMZN,SELL,0.0,162.85,0.0
Top_3_MarketCap,3,2020,AAPL,SELL,0.0,132.69,0.0
Top_3_MarketCap,3,2020,MSFT,BUY,2.0291,222.42,0.0
Top_3_MarketCap,3,2021,AAPL,SELL,5.9839,177.57,897.46
Top_3_MarketCap,3,2021,MSFT,SELL,2.464,336.32,714.25
Top_3_MarketCap,3,2021,AMZN,SELL,80.2406,166.72,10131.58
Top_3_MarketCap,3,2021,AAPL,SELL,8.1101,177.57,1216.36
Top_3_MarketCap,3,2021,MSFT,SELL,3.8476,336.32,1115.3
Top_3_MarketCap,3,2021,AAPL,SELL,1.5712,177.57,235.64
Top_3_MarketCap,3,2021,MSFT,SELL,0.7454,336.32,216.06
Top_3_MarketCap,3,2021,AAPL,SELL,0.3044,177.57,45.65
Top_3_MarketCap,3,2021,MSFT,SELL,0.1444,336.32,41.86
Top_3_MarketCap,3,2021,AAPL,SELL,0.059,177.57,8.84
Top_3_MarketCap,3,2021,MSFT,SELL,0.028,336.32,8.11
Top_3_MarketCap,3,2021,AAPL,SELL,0.0114,177.57,1.71
Top_3_MarketCap,3,2021,MSFT,SELL,0.0054,336.32,1.57
Top_3_MarketCap,3,2021,AAPL,SELL,0.0022,177.57,0.33
Top_3_MarketCap,3,2021,MSFT,SELL,0.001,336.32,0.3
Top_3_MarketCap,3,2021,AAPL,SELL,0.0004,177.57,0.06
Top_3_MarketCap,3,2021,MSFT,SELL,0.0002,336.32,0.06
Top_3_MarketCap,3,2021,AAPL,SELL,0.0001,177.57,0.01
Top_3_MarketCap,3,2021,MSFT,SELL,0.0,336.32,0.01
Top_3_MarketCap,3,2021,AAPL,SELL,0.0,177.57,0.0
Top_3_MarketCap,3,2021,MSFT,SELL,0.0,336.32,0.0
Top_3_MarketCap,3,2021,AAPL,SELL,0.0,177.57,0.0
Top_3_MarketCap,3,2021,MSFT,SELL,0.0,336.32,0.0
Top_3_MarketCap,3,2021,AAPL,SELL,0.0,177.57,0.0
Top_3_MarketCap,3,2021,MSFT,SELL,0.0,336.32,0.0
Top_3_MarketCap,3,2021,AAPL,SELL,0.0,177.57,0.0
Top_3_MarketCap,3,2021,GOOGL,BUY,99.9257,144.85,0.0
Top_3_MarketCap,3,2022,AAPL,SELL,2.509,129.93,256.77
Top_3_MarketCap,3,2022,AAPL,SELL,0.5101,129.93,52.2
Top_3_MarketCap,3,2022,AAPL,SELL,0.0493,129.93,5.05
Top_3_MarketCap,3,2022,AAPL,SELL,0.0048,129.93,0.49
Top_3_MarketCap,3,2022,AAPL,SELL,0.0005,129.93,0.05
Top_3_MarketCap,3,2022,AAPL,SELL,0.0,129.93,0.0
Top_3_MarketCap,3,2022,AAPL,SELL,0.0,129.93,0.0
Top_3_MarketCap,3,2022,AAPL,SELL,0.0,129.93,0.0
Top_3_MarketCap,3,2022,MSFT,BUY,0.6048,239.82,0.0
Top_3_MarketCap,3,2022,GOOGL,BUY,4.0599,88.23,0.0
Top_3_MarketCap,3,2023,GOOGL,SELL,103.9856,139.69,-306.69
Top_3_MarketCap,3,2023,AAPL,SELL,0.0853,192.53,14.07
Top_3_MarketCap,3,2023,MSFT,BUY,5.7635,376.04,0.0
Top_3_MarketCap,3,2023,NVDA,BUY,254.1829,49.52,0.0
Top_3_MarketCap,3,2024,NVDA,SELL,14.1705,134.29,1201.23
Top_3_MarketCap,3,2024,NVDA,SELL,0.9397,134.29,79.66
Top_3_MarketCap,3,2024,NVDA,SELL,0.0593,134.29,5.03
Top_3_MarketCap,3,2024,NVDA,SELL,0.0037,134.29,0.32
Top_3_MarketCap,3,2024,NVDA,SELL,0.0002,134.29,0.02
Top_3_MarketCap,3,2024,NVDA,SELL,0.0,134.29,0.0
Top_3_MarketCap,3,2024,NVDA,SELL,0.0,134.29,0.0
Top_3_MarketCap,3,2024,AAPL,BUY,3.0705,250.42,0.0
Top_3_MarketCap,3,2024,MSFT,BUY,2.8897,421.5,0.0
Top_5_MarketCap,5,2014,AAPL,BUY,99.6046,27.59,0.0
Top_5_MarketCap,5,2014,XOM,BUY,21.4682,92.45,0.0
Top_5_MarketCap,5,2014,MSFT,BUY,41.085,46.45,0.0
Top_5_MarketCap,5,2014,BRK.B,BUY,11.6931,150.15,0.0
Top_5_MarketCap,5,2014,JNJ,BUY,15.33,104.57,0.0
Top_5_MarketCap,5,2015,MSFT,SELL,0.7765,55.48,7.01
Top_5_MarketCap,5,2015,BRK.B,SELL,11.6931,132.04,-211.76
Top_5_MarketCap,5,2015,JNJ,SELL,15.33,102.72,-28.36
Top_5_MarketCap,5,2015,MSFT,SELL,0.2571,55.48,2.32
Top_5_MarketCap,5,2015,AAPL,BUY,5.9259,26.32,0.0
Top_5_MarketCap,5,2015,XOM,BUY,0.9295,77.95,0.0
Top_5_MarketCap,5,2015,AMZN,BUY,49.3204,33.79,0.0
Top_5_MarketCap,5,2015,META,BUY,13.6486,104.66,0.0
Top_5_MarketCap,5,2016,XOM,SELL,2.4725,90.26,-5.41
Top_5_MarketCap,5,2016,XOM,SELL,0.0987,90.26,-0.22
Top_5_MarketCap,5,2016,AAPL,BUY,5.0849,28.95,0.0
Top_5_MarketCap,5,2016,MSFT,BUY,0.8726,62.14,0.0
Top_5_MarketCap,5,2016,AMZN,BUY,0.9254,37.49,0.0
Top_5_MarketCap,5,2016,META,BUY,1.0871,115.05,0.0
Top_5_MarketCap,5,2017,AAPL,SELL,11.223,42.31,165.2
Top_5_MarketCap,5,2017,XOM,SELL,19.8264,83.64,-161.19
Top_5_MarketCap,5,2017,META,SELL,0.5657,176.46,40.62
Top_5_MarketCap,5,2017,AAPL,SELL,0.3711,42.31,5.46
Top_5_MarketCap,5,2017,META,SELL,0.0529,176.46,3.8
Top_5_MarketCap,5,2017,MSFT,BUY,0.1118,85.54,0.0
Top_5_MarketCap,5,2017,AMZN,BUY,0.1055,58.47,0.0
Top_5_MarketCap,5,2017,BRK.B,BUY,11.9962,198.22,0.0
Top_5_MarketCap,5,2018,AAPL,SELL,5.5677,39.44,65.98
Top_5_MarketCap,5,2018,MSFT,SELL,1.8825,101.57,103.76
Top_5_MarketCap,5,2018,AMZN,SELL,3.8556,75.1,159.28
Top_5_MarketCap,5,2018,META,SELL,14.1171,131.09,361.82
Top_5_MarketCap,5,2018,BRK.B,SELL,2.0202,204.18,12.04
Top_5_MarketCap,5,2018,AAPL,SELL,1.1368,39.44,13.47
Top_5_MarketCap,5,2018,MSFT,SELL,0.4763,101.57,26.25
Top_5_MarketCap,5,2018,AMZN,SELL,0.5656,75.1,23.36
Top_5_MarketCap,5,2018,BRK.B,SELL,0.1214,204.18,0.72
Top_5_MarketCap,5,2018,AAPL,SELL,0.1098,39.44,1.3
Top_5_MarketCap,5,2018,MSFT,SELL,0.046,101.57,2.54
Top_5_MarketCap,5,2018,AMZN,SELL,0.0546,75.1,2.26
Top_5_MarketCap,5,2018,BRK.B,SELL,0.0117,204.18,0.07
Top_5_MarketCap,5,2018,AAPL,SELL,0.0106,39.44,0.13
Top_5_MarketCap,5,2018,MSFT,SELL,0.0044,101.57,0.24
Top_5_MarketCap,5,2018,AMZN,SELL,0.0053,75.1,0.22
Top_5_MarketCap,5,2018,BRK.B,SELL,0.0011,204.18,0.01
Top_5_MarketCap,5,2018,AAPL,SELL,0.001,39.44,0.01
Top_5_MarketCap,5,2018,MSFT,SELL,0.0004,101.57,0.02
Top_5_MarketCap,5,2018,AMZN,SELL,0.0005,75.1,0.02
Top_5_MarketCap,5,2018,BRK.B,SELL,0.0001,204.18,0.0
Top_5_MarketCap,5,2018,AAPL,SELL,0.0001,39.44,0.0
Top_5_MarketCap,5,2018,MSFT,SELL,0.0,101.57,0.0
Top_5_MarketCap,5,2018,AMZN,SELL,0.0,75.1,0.0
Top_5_MarketCap,5,2018,BRK.B,SELL,0.0,204.18,0.0
Top_5_MarketCap,5,2018,AAPL,SELL,0.0,39.44,0.0
Top_5_MarketCap,5,2018,MSFT,SELL,0.0,101.57,0.0
Top_5_MarketCap,5,2018,AMZN,SELL,0.0,75.1,0.0
Top_5_MarketCap,5,2018,BRK.B,SELL,0.0,204.18,0.0
Top_5_MarketCap,5,2018,AAPL,SELL,0.0,39.44,0.0
Top_5_MarketCap,5,2018,MSFT,SELL,0.0,101.57,0.0
Top_5_MarketCap,5,2018,AMZN,SELL,0.0,75.1,0.0
Top_5_MarketCap,5,2018,BRK.B,SELL,0.0,204.18,0.0
Top_5_MarketCap,5,2018,GOOGL,BUY,58.6038,52.25,0.0
Top_5_MarketCap,5,2019,AAPL,SELL,8.9848,73.41,411.69
Top_5_MarketCap,5,2019,MSFT,SELL,0.7154,157.7,79.59
Top_5_MarketCap,5,2019,AMZN,SELL,0.8542,92.39,50.06
Top_5_MarketCap,5,2019,BRK.B,SELL,9.8417,226.5,278.32
Top_5_MarketCap,5,2019,GOOGL,SELL,6.2053,66.97,91.34
Top_5_MarketCap,5,2019,AAPL,SELL,1.1248,73.41,51.54
Top_5_MarketCap,5,2019,MSFT,SELL,0.5124,157.7,57.01
Top_5_MarketCap,5,2019,AMZN,SELL,0.6085,92.39,35.66
Top_5_MarketCap,5,2019,GOOGL,SELL,0.7083,66.97,10.43
Top_5_MarketCap,5,2019,AAPL,SELL,0.165,73.41,7.56
Top_5_MarketCap,5,2019,MSFT,SELL,0.0752,157.7,8.36
Top_5_MarketCap,5,2019,AMZN,SELL,0.0893,92.39,5.23
Top_5_MarketCap,5,2019,GOOGL,SELL,0.1039,66.97,1.53
Top_5_MarketCap,5,2019,AAPL,SELL,0.0242,73.41,1.11
Top_5_MarketCap,5,2019,MSFT,SELL,0.011,157.7,1.23
Top_5_MarketCap,5,2019,AMZN,SELL,0.0131,92.39,0.77
Top_5_MarketCap,5,2019,GOOGL,SELL,0.0152,66.97,0.22
Top_5_MarketCap,5,2019,AAPL,SELL,0.0036,73.41,0.16
Top_5_MarketCap,5,2019,MSFT,SELL,0.0016,157.7,0.18
Top_5_MarketCap,5,2019,AMZN,SELL,0.0019,92.39,0.11
Top_5_MarketCap,5,2019,GOOGL,SELL,0.0022,66.97,0.03
Top_5_MarketCap,5,2019,AAPL,SELL,0.0005,73.41,0.02
Top_5_MarketCap,5,2019,MSFT,SELL,0.0002,157.7,0.03
Top_5_MarketCap,5,2019,AMZN,SELL,0.0003,92.39,0.02
Top_5_MarketCap,5,2019,GOOGL,SELL,0.0003,66.97,0.0
Top_5_MarketCap,5,2019,AAPL,SELL,0.0001,73.41,0.0
Top_5_MarketCap,5,2019,MSFT,SELL,0.0,157.7,0.0
Top_5_MarketCap,5,2019,AMZN,SELL,0.0,92.39,0.0
Top_5_MarketCap,5,2019,GOOGL,SELL,0.0,66.97,0.0
Top_5_MarketCap,5,2019,AAPL,SELL,0.0,73.41,0.0
Top_5_MarketCap,5,2019,MSFT,SELL,0.0,157.7,0.0
Top_5_MarketCap,5,2019,AMZN,SELL,0.0,92.39,0.0
Top_5_MarketCap,5,2019,GOOGL,SELL,0.0,66.97,0.0
Top_5_MarketCap,5,2019,AAPL,SELL,0.0,73.41,0.0
Top_5_MarketCap,5,2019,MSFT,SELL,0.0,157.7,0.0
Top_5_MarketCap,5,2019,AMZN,SELL,0.0,92.39,0.0
Top_5_MarketCap,5,2019,GOOGL,SELL,0.0,66.97,0.0
Top_5_MarketCap,5,2019,AAPL,SELL,0.0,73.41,0.0
Top_5_MarketCap,5,2019,MSFT,SELL,0.0,157.7,0.0
Top_5_MarketCap,5,2019,AMZN,SELL,0.0,92.39,0.0
Top_5_MarketCap,5,2019,GOOGL,SELL,0.0,66.97,0.0
Top_5_MarketCap,5,2019,META,BUY,17.4492,205.25,0.0
Top_5_MarketCap,5,2020,META,SELL,4.7629,273.16,323.45
Top_5_MarketCap,5,2020,META,SELL,0.0497,273.16,3.37
Top_5_MarketCap,5,2020,META,SELL,0.0004,273.16,0.02
Top_5_MarketCap,5,2020,META,SELL,0.0,273.16,0.0
Top_5_MarketCap,5,2020,AAPL,BUY,1.1025,132.69,0.0
Top_5_MarketCap,5,2020,MSFT,BUY,1.8565,222.42,0.0
Top_5_MarketCap,5,2020,AMZN,BUY,0.1076,162.85,0.0
Top_5_MarketCap,5,2020,GOOGL,BUY,8.4537,87.63,0.0
Top_5_MarketCap,5,2021,AAPL,SELL,2.5885,177.57,388.22
Top_5_MarketCap,5,2021,MSFT,SELL,1.0206,336.32,295.84
Top_5_MarketCap,5,2021,GOOGL,SELL,0.0235,144.85,2.18
Top_5_MarketCap,5,2021,META,SELL,12.6362,336.35,1656.61
Top_5_MarketCap,5,2021,AAPL,SELL,1.2478,177.57,187.14
Top_5_MarketCap,5,2021,MSFT,SELL,0.592,336.32,171.6
Top_5_MarketCap,5,2021,GOOGL,SELL,0.9311,144.85,86.22
Top_5_MarketCap,5,2021,AAPL,SELL,0.2217,177.57,33.25
Top_5_MarketCap,5,2021,MSFT,SELL,0.1052,336.32,30.48
Top_5_MarketCap,5,2021,GOOGL,SELL,0.1654,144.85,15.32
Top_5_MarketCap,5,2021,AAPL,SELL,0.0394,177.57,5.91
Top_5_MarketCap,5,2021,MSFT,SELL,0.0187,336.32,5.42
Top_5_MarketCap,5,2021,GOOGL,SELL,0.0294,144.85,2.72
Top_5_MarketCap,5,2021,AAPL,SELL,0.007,177.57,1.05
Top_5_MarketCap,5,2021,MSFT,SELL,0.0033,336.32,0.96
Top_5_MarketCap,5,2021,GOOGL,SELL,0.0052,144.85,0.48
Top_5_MarketCap,5,2021,AAPL,SELL,0.0012,177.57,0.19
Top_5_MarketCap,5,2021,MSFT,SELL,0.0006,336.32,0.17
Top_5_MarketCap,5,2021,GOOGL,SELL,0.0009,144.85,0.09
Top_5_MarketCap,5,2021,AAPL,SELL,0.0002,177.57,0.03
Top_5_MarketCap,5,2021,MSFT,SELL,0.0001,336.32,0.03
Top_5_MarketCap,5,2021,GOOGL,SELL,0.0002,144.85,0.02
Top_5_MarketCap,5,2021,AAPL,SELL,0.0,177.57,0.01
Top_5_MarketCap,5,2021,MSFT,SELL,0.0,336.32,0.01
Top_5_MarketCap,5,2021,GOOGL,SELL,0.0,144.85,0.0
Top_5_MarketCap,5,2021,AAPL,SELL,0.0,177.57,0.0
Top_5_MarketCap,5,2021,MSFT,SELL,0.0,336.32,0.0
Top_5_MarketCap,5,2021,GOOGL,SELL,0.0,144.85,0.0
Top_5_MarketCap,5,2021,AAPL,SELL,0.0,177.57,0.0
Top_5_MarketCap,5,2021,MSFT,SELL,0.0,336.32,0.0
Top_5_MarketCap,5,2021,GOOGL,SELL,0.0,144.85,0.0
Top_5_MarketCap,5,2021,AAPL,SELL,0.0,177.57,0.0
Top_5_MarketCap,5,2021,MSFT,SELL,0.0,336.32,0.0
Top_5_MarketCap,5,2021,GOOGL,SELL,0.0,144.85,0.0
Top_5_MarketCap,5,2021,AMZN,BUY,1.8637,166.72,0.0
Top_5_MarketCap,5,2021,TSLA,BUY,13.2557,352.26,0.0
Top_5_MarketCap,5,2022,AAPL,SELL,5.9004,129.93,603.85
Top_5_MarketCap,5,2022,MSFT,SELL,1.6484,239.82,318.76
Top_5_MarketCap,5,2022,GOOGL,SELL,0.8586,88.23,30.89
Top_5_MarketCap,5,2022,TSLA,SELL,13.2557,123.18,-3036.61
Top_5_MarketCap,5,2022,AAPL,SELL,0.1214,129.93,12.42
Top_5_MarketCap,5,2022,MSFT,SELL,0.0595,239.82,11.5
Top_5_MarketCap,5,2022,GOOGL,SELL,0.0964,88.23,3.47
Top_5_MarketCap,5,2022,AMZN,BUY,2.0307,84.0,0.0
Top_5_MarketCap,5,2022,BRK.B,BUY,9.2435,308.9,0.0
Top_5_MarketCap,5,2023,AAPL,SELL,0.7425,192.53,122.47
Top_5_MarketCap,5,2023,AMZN,SELL,3.9521,151.94,466.94
Top_5_MarketCap,5,2023,GOOGL,SELL,57.9114,139.69,4764.68
Top_5_MarketCap,5,2023,BRK.B,SELL,9.2435,356.66,441.47
Top_5_MarketCap,5,2023,AAPL,SELL,1.8245,192.53,300.93
Top_5_MarketCap,5,2023,AMZN,SELL,1.1219,151.94,132.56
Top_5_MarketCap,5,2023,AAPL,SELL,0.2023,192.53,33.37
Top_5_MarketCap,5,2023,AMZN,SELL,0.1244,151.94,14.7
Top_5_MarketCap,5,2023,AAPL,SELL,0.0224,192.53,3.7
Top_5_MarketCap,5,2023,AMZN,SELL,0.0138,151.94,1.63
Top_5_MarketCap,5,2023,AAPL,SELL,0.0025,192.53,0.41
Top_5_MarketCap,5,2023,AMZN,SELL,0.0015,151.94,0.18
Top_5_MarketCap,5,2023,AAPL,SELL,0.0003,192.53,0.05
Top_5_MarketCap,5,2023,AMZN,SELL,0.0002,151.94,0.02
Top_5_MarketCap,5,2023,AAPL,SELL,0.0,192.53,0.01
Top_5_MarketCap,5,2023,AMZN,SELL,0.0,151.94,0.0
Top_5_MarketCap,5,2023,AAPL,SELL,0.0,192.53,0.0
Top_5_MarketCap,5,2023,AMZN,SELL,0.0,151.94,0.0
Top_5_MarketCap,5,2023,AAPL,SELL,0.0,192.53,0.0
Top_5_MarketCap,5,2023,AMZN,SELL,0.0,151.94,0.0
Top_5_MarketCap,5,2023,MSFT,BUY,1.7412,376.04,0.0
Top_5_MarketCap,5,2023,NVDA,BUY,136.2186,49.52,0.0
Top_5_MarketCap,5,2023,META,BUY,11.7707,353.96,0.0
Top_5_MarketCap,5,2024,NVDA,SELL,7.8612,134.29,666.4
Top_5_MarketCap,5,2024,META,SELL,0.0815,585.51,18.88
Top_5_MarketCap,5,2024,NVDA,SELL,0.5072,134.29,43.0
Top_5_MarketCap,5,2024,META,SELL,0.0462,585.51,10.7
Top_5_MarketCap,5,2024,NVDA,SELL,0.0303,134.29,2.57
Top_5_MarketCap,5,2024,META,SELL,0.0028,585.51,0.64
Top_5_MarketCap,5,2024,NVDA,SELL,0.0018,134.29,0.15
Top_5_MarketCap,5,2024,META,SELL,0.0002,585.51,0.04
Top_5_MarketCap,5,2024,NVDA,SELL,0.0001,134.29,0.01
Top_5_MarketCap,5,2024,META,SELL,0.0,585.51,0.0
Top_5_MarketCap,5,2024,NVDA,SELL,0.0,134.29,0.0
Top_5_MarketCap,5,2024,META,SELL,0.0,585.51,0.0
Top_5_MarketCap,5,2024,NVDA,SELL,0.0,134.29,0.0
Top_5_MarketCap,5,2024,AAPL,BUY,1.4948,250.42,0.0
Top_5_MarketCap,5,2024,MSFT,BUY,1.4667,421.5,0.0
Top_5_MarketCap,5,2024,AMZN,BUY,0.631,219.39,0.0
Top_10_MarketCap,10,2014,AAPL,BUY,60.13,27.59,0.0
Top_10_MarketCap,10,2014,XOM,BUY,12.9601,92.45,0.0
Top_10_MarketCap,10,2014,MSFT,BUY,24.8024,46.45,0.0
Top_10_MarketCap,10,2014,BRK.B,BUY,7.059,150.15,0.0
Top_10_MarketCap,10,2014,JNJ,BUY,9.2545,104.57,0.0
Top_10_MarketCap,10,2014,GOOGL,BUY,34.7403,26.53,0.0
Top_10_MarketCap,10,2014,WFC,BUY,15.1312,54.82,0.0
Top_10_MarketCap,10,2014,JPM,BUY,12.5185,62.58,0.0
Top_10_MarketCap,10,2014,PG,BUY,8.0945,91.09,0.0
Top_10_MarketCap,10,2014,GE,BUY,5.708,121.1,0.0
Top_10_MarketCap,10,2015,BRK.B,SELL,0.2243,132.04,-4.06
Top_10_MarketCap,10,2015,JNJ,SELL,0.9858,102.72,-1.82
Top_10_MarketCap,10,2015,GOOGL,SELL,15.635,38.9,193.41
Top_10_MarketCap,10,2015,WFC,SELL,15.1312,54.36,-6.96
Top_10_MarketCap,10,2015,JPM,SELL,2.0671,66.03,7.13
Top_10_MarketCap,10,2015,PG,SELL,8.0945,79.41,-94.54
Top_10_MarketCap,10,2015,GE,SELL,0.3739,149.28,10.54
Top_10_MarketCap,10,2015,BRK.B,SELL,0.0622,132.04,-1.13
Top_10_MarketCap,10,2015,JNJ,SELL,0.0753,102.72,-0.14
Top_10_MarketCap,10,2015,GOOGL,SELL,0.174,38.9,2.15
Top_10_MarketCap,10,2015,JPM,SELL,0.0952,66.03,0.33
Top_10_MarketCap,10,2015,GE,SELL,0.0486,149.28,1.37
Top_10_MarketCap,10,2015,BRK.B,SELL,0.0005,132.04,-0.01
Top_10_MarketCap,10,2015,JNJ,SELL,0.0006,102.72,-0.0
Top_10_MarketCap,10,2015,GOOGL,SELL,0.0014,38.9,0.02
Top_10_MarketCap,10,2015,JPM,SELL,0.0008,66.03,0.0
Top_10_MarketCap,10,2015,GE,SELL,0.0004,149.28,0.01
Top_10_MarketCap,10,2015,BRK.B,SELL,0.0,132.04,-0.0
Top_10_MarketCap,10,2015,JNJ,SELL,0.0,102.72,-0.0
Top_10_MarketCap,10,2015,GOOGL,SELL,0.0,38.9,0.0
Top_10_MarketCap,10,2015,JPM,SELL,0.0,66.03,0.0
Top_10_MarketCap,10,2015,GE,SELL,0.0,149.28,0.0
Top_10_MarketCap,10,2015,AAPL,BUY,9.8141,26.32,0.0
Top_10_MarketCap,10,2015,MSFT,BUY,1.743,55.48,0.0
Top_10_MarketCap,10,2015,XOM,BUY,1.8848,77.95,0.0
Top_10_MarketCap,10,2015,AMZN,BUY,32.6889,33.79,0.0
Top_10_MarketCap,10,2015,META,BUY,9.0461,104.66,0.0
Top_10_MarketCap,10,2016,XOM,SELL,1.7972,90.26,-3.94
Top_10_MarketCap,10,2016,BRK.B,SELL,0.3066,162.98,3.93
Top_10_MarketCap,10,2016,XOM,SELL,0.0624,90.26,-0.14
Top_10_MarketCap,10,2016,BRK.B,SELL,0.0309,162.98,0.4
Top_10_MarketCap,10,2016,XOM,SELL,0.0001,90.26,-0.0
Top_10_MarketCap,10,2016,BRK.B,SELL,0.0,162.98,0.0
Top_10_MarketCap,10,2016,XOM,SELL,0.0,90.26,-0.0
Top_10_MarketCap,10,2016,AAPL,BUY,2.503,28.95,0.0
Top_10_MarketCap,10,2016,MSFT,BUY,0.2575,62.14,0.0
Top_10_MarketCap,10,2016,AMZN,BUY,0.2194,37.49,0.0
Top_10_MarketCap,10,2016,META,BUY,0.605,115.05,0.0
Top_10_MarketCap,10,2016,JNJ,BUY,0.374,115.21,0.0
Top_10_MarketCap,10,2016,JPM,BUY,0.3676,86.29,0.0
Top_10_MarketCap,10,2016,GOOGL,BUY,2.8675,39.62,0.0
Top_10_MarketCap,10,2016,GE,BUY,0.0102,151.44,0.0
Top_10_MarketCap,10,2017,AAPL,SELL,11.4694,42.31,168.83
Top_10_MarketCap,10,2017,MSFT,SELL,1.533,85.54,59.93
Top_10_MarketCap,10,2017,GE,SELL,5.2953,83.63,-198.72
Top_10_MarketCap,10,2017,AMZN,SELL,1.9018,58.47,46.94
Top_10_MarketCap,10,2017,META,SELL,0.9577,176.46,68.76
Top_10_MarketCap,10,2017,AAPL,SELL,0.4068,42.31,5.99
Top_10_MarketCap,10,2017,MSFT,SELL,0.1686,85.54,6.59
Top_10_MarketCap,10,2017,AMZN,SELL,0.2069,58.47,5.11
Top_10_MarketCap,10,2017,META,SELL,0.058,176.46,4.16
Top_10_MarketCap,10,2017,AAPL,SELL,0.0258,42.31,0.38
Top_10_MarketCap,10,2017,MSFT,SELL,0.0107,85.54,0.42
Top_10_MarketCap,10,2017,AMZN,SELL,0.0131,58.47,0.32
Top_10_MarketCap,10,2017,META,SELL,0.0037,176.46,0.26
Top_10_MarketCap,10,2017,AAPL,SELL,0.0016,42.31,0.02
Top_10_MarketCap,10,2017,MSFT,SELL,0.0007,85.54,0.03
Top_10_MarketCap,10,2017,AMZN,SELL,0.0008,58.47,0.02
Top_10_MarketCap,10,2017,META,SELL,0.0002,176.46,0.02
Top_10_MarketCap,10,2017,AAPL,SELL,0.0001,42.31,0.0
Top_10_MarketCap,10,2017,MSFT,SELL,0.0,85.54,0.0
Top_10_MarketCap,10,2017,AMZN,SELL,0.0001,58.47,0.0
Top_10_MarketCap,10,2017,META,SELL,0.0,176.46,0.0
Top_10_MarketCap,10,2017,AAPL,SELL,0.0,42.31,0.0
Top_10_MarketCap,10,2017,MSFT,SELL,0.0,85.54,0.0
Top_10_MarketCap,10,2017,AMZN,SELL,0.0,58.47,0.0
Top_10_MarketCap,10,2017,META,SELL,0.0,176.46,0.0
Top_10_MarketCap,10,2017,AAPL,SELL,0.0,42.31,0.0
Top_10_MarketCap,10,2017,MSFT,SELL,0.0,85.54,0.0
Top_10_MarketCap,10,2017,AMZN,SELL,0.0,58.47,0.0
Top_10_MarketCap,10,2017,BRK.B,BUY,0.9003,198.22,0.0
Top_10_MarketCap,10,2017,JNJ,BUY,0.8478,139.72,0.0
Top_10_MarketCap,10,2017,JPM,BUY,0.9299,106.94,0.0
Top_10_MarketCap,10,2017,GOOGL,BUY,0.5483,52.67,0.0
Top_10_MarketCap,10,2017,XOM,BUY,0.2586,83.64,0.0
Top_10_MarketCap,10,2017,BAC,BUY,35.1788,29.52,0.0
Top_10_MarketCap,10,2018,AAPL,SELL,1.9833,39.44,23.5
Top_10_MarketCap,10,2018,XOM,SELL,13.2438,68.19,-291.69
Top_10_MarketCap,10,2018,MSFT,SELL,0.5557,101.57,30.63
Top_10_MarketCap,10,2018,BRK.B,SELL,1.0835,204.18,58.54
Top_10_MarketCap,10,2018,JNJ,SELL,0.4661,129.05,11.41
Top_10_MarketCap,10,2018,JPM,SELL,1.0687,97.62,37.45
Top_10_MarketCap,10,2018,AMZN,SELL,1.6504,75.1,68.18
Top_10_MarketCap,10,2018,META,SELL,0.2858,131.09,7.55
Top_10_MarketCap,10,2018,BAC,SELL,35.1788,24.64,-171.67
Top_10_MarketCap,10,2018,AAPL,SELL,0.2397,39.44,2.84
Top_10_MarketCap,10,2018,MSFT,SELL,0.1004,101.57,5.54
Top_10_MarketCap,10,2018,BRK.B,SELL,0.0256,204.18,1.38
Top_10_MarketCap,10,2018,JNJ,SELL,0.0366,129.05,0.9
Top_10_MarketCap,10,2018,JPM,SELL,0.0433,97.62,1.52
Top_10_MarketCap,10,2018,AMZN,SELL,0.1193,75.1,4.93
Top_10_MarketCap,10,2018,META,SELL,0.0342,131.09,0.9
Top_10_MarketCap,10,2018,GOOGL,BUY,14.7255,52.25,0.0
Top_10_MarketCap,10,2018,V,BUY,7.3403,131.94,0.0
Top_10_MarketCap,10,2018,PG,BUY,9.8777,91.92,0.0
Top_10_MarketCap,10,2019,AAPL,SELL,5.9779,73.41,273.91
Top_10_MarketCap,10,2019,MSFT,SELL,0.5866,157.7,65.26
Top_10_MarketCap,10,2019,GOOGL,SELL,4.1107,66.97,166.23
Top_10_MarketCap,10,2019,AMZN,SELL,0.6996,92.39,41.0
Top_10_MarketCap,10,2019,V,SELL,0.3788,187.9,21.2
Top_10_MarketCap,10,2019,PG,SELL,0.0593,124.9,1.96
Top_10_MarketCap,10,2019,AAPL,SELL,0.3978,73.41,18.23
Top_10_MarketCap,10,2019,MSFT,SELL,0.1812,157.7,20.16
Top_10_MarketCap,10,2019,GOOGL,SELL,0.2505,66.97,10.13
Top_10_MarketCap,10,2019,AMZN,SELL,0.2152,92.39,12.61
Top_10_MarketCap,10,2019,V,SELL,0.0529,187.9,2.96
Top_10_MarketCap,10,2019,PG,SELL,0.0746,124.9,2.46
Top_10_MarketCap,10,2019,AAPL,SELL,0.0475,73.41,2.18
Top_10_MarketCap,10,2019,MSFT,SELL,0.0216,157.7,2.41
Top_10_MarketCap,10,2019,GOOGL,SELL,0.0299,66.97,1.21
Top_10_MarketCap,10,2019,AMZN,SELL,0.0257,92.39,1.51
Top_10_MarketCap,10,2019,V,SELL,0.0063,187.9,0.35
Top_10_MarketCap,10,2019,PG,SELL,0.0089,124.9,0.29
Top_10_MarketCap,10,2019,AAPL,SELL,0.0057,73.41,0.26
Top_10_MarketCap,10,2019,MSFT,SELL,0.0026,157.7,0.29
Top_10_MarketCap,10,2019,GOOGL,SELL,0.0036,66.97,0.14
Top_10_MarketCap,10,2019,AMZN,SELL,0.0031,92.39,0.18
Top_10_MarketCap,10,2019,V,SELL,0.0008,187.9,0.04
Top_10_MarketCap,10,2019,PG,SELL,0.0011,124.9,0.04
Top_10_MarketCap,10,2019,AAPL,SELL,0.0007,73.41,0.03
Top_10_MarketCap,10,2019,MSFT,SELL,0.0003,157.7,0.03
Top_10_MarketCap,10,2019,GOOGL,SELL,0.0004,66.97,0.02
Top_10_MarketCap,10,2019,AMZN,SELL,0.0004,92.39,0.02
Top_10_MarketCap,10,2019,V,SELL,0.0001,187.9,0.01
Top_10_MarketCap,10,2019,PG,SELL,0.0001,124.9,0.0
Top_10_MarketCap,10,2019,AAPL,SELL,0.0001,73.41,0.0
Top_10_MarketCap,10,2019,MSFT,SELL,0.0,157.7,0.0
Top_10_MarketCap,10,2019,GOOGL,SELL,0.0001,66.97,0.0
Top_10_MarketCap,10,2019,AMZN,SELL,0.0,92.39,0.0
Top_10_MarketCap,10,2019,V,SELL,0.0,187.9,0.0
Top_10_MarketCap,10,2019,PG,SELL,0.0,124.9,0.0
Top_10_MarketCap,10,2019,AAPL,SELL,0.0,73.41,0.0
Top_10_MarketCap,10,2019,MSFT,SELL,0.0,157.7,0.0
Top_10_MarketCap,10,2019,GOOGL,SELL,0.0,66.97,0.0
Top_10_MarketCap,10,2019,AMZN,SELL,0.0,92.39,0.0
Top_10_MarketCap,10,2019,V,SELL,0.0,187.9,0.0
Top_10_MarketCap,10,2019,PG,SELL,0.0,124.9,0.0
Top_10_MarketCap,10,2019,AAPL,SELL,0.0,73.41,0.0
Top_10_MarketCap,10,2019,MSFT,SELL,0.0,157.7,0.0
Top_10_MarketCap,10,2019,GOOGL,SELL,0.0,66.97,0.0
Top_10_MarketCap,10,2019,AMZN,SELL,0.0,92.39,0.0
Top_10_MarketCap,10,2019,V,SELL,0.0,187.9,0.0
Top_10_MarketCap,10,2019,PG,SELL,0.0,124.9,0.0
Top_10_MarketCap,10,2019,AAPL,SELL,0.0,73.41,0.0
Top_10_MarketCap,10,2019,META,BUY,2.7452,205.25,0.0
Top_10_MarketCap,10,2019,BRK.B,BUY,1.2889,226.5,0.0
Top_10_MarketCap,10,2019,JPM,BUY,0.5058,139.4,0.0
Top_10_MarketCap,10,2019,JNJ,BUY,1.0894,145.87,0.0
Top_10_MarketCap,10,2020,BRK.B,SELL,1.0757,231.87,87.9
Top_10_MarketCap,10,2020,JNJ,SELL,1.1925,157.38,62.97
Top_10_MarketCap,10,2020,JPM,SELL,0.9761,127.07,62.95
Top_10_MarketCap,10,2020,META,SELL,2.8583,273.16,481.62
Top_10_MarketCap,10,2020,V,SELL,1.0509,218.73,91.21
Top_10_MarketCap,10,2020,PG,SELL,9.7336,139.14,459.62
Top_10_MarketCap,10,2020,BRK.B,SELL,0.0925,231.87,7.56
Top_10_MarketCap,10,2020,JNJ,SELL,0.1266,157.38,6.69
Top_10_MarketCap,10,2020,JPM,SELL,0.1447,127.07,9.33
Top_10_MarketCap,10,2020,META,SELL,0.1178,273.16,19.85
Top_10_MarketCap,10,2020,V,SELL,0.0841,218.73,7.3
Top_10_MarketCap,10,2020,BRK.B,SELL,0.0032,231.87,0.26
Top_10_MarketCap,10,2020,JNJ,SELL,0.0044,157.38,0.23
Top_10_MarketCap,10,2020,JPM,SELL,0.005,127.07,0.33
Top_10_MarketCap,10,2020,META,SELL,0.0041,273.16,0.69
Top_10_MarketCap,10,2020,V,SELL,0.0029,218.73,0.25
Top_10_MarketCap,10,2020,BRK.B,SELL,0.0001,231.87,0.01
Top_10_MarketCap,10,2020,JNJ,SELL,0.0002,157.38,0.01
Top_10_MarketCap,10,2020,JPM,SELL,0.0002,127.07,0.01
Top_10_MarketCap,10,2020,META,SELL,0.0001,273.16,0.02
Top_10_MarketCap,10,2020,V,SELL,0.0001,218.73,0.01
Top_10_MarketCap,10,2020,BRK.B,SELL,0.0,231.87,0.0
Top_10_MarketCap,10,2020,JNJ,SELL,0.0,157.38,0.0
Top_10_MarketCap,10,2020,JPM,SELL,0.0,127.07,0.0
Top_10_MarketCap,10,2020,META,SELL,0.0,273.16,0.0
Top_10_MarketCap,10,2020,V,SELL,0.0,218.73,0.0
Top_10_MarketCap,10,2020,BRK.B,SELL,0.0,231.87,0.0
Top_10_MarketCap,10,2020,JNJ,SELL,0.0,157.38,0.0
Top_10_MarketCap,10,2020,JPM,SELL,0.0,127.07,0.0
Top_10_MarketCap,10,2020,META,SELL,0.0,273.16,0.0
Top_10_MarketCap,10,2020,V,SELL,0.0,218.73,0.0
Top_10_MarketCap,10,2020,AAPL,BUY,1.1541,132.69,0.0
Top_10_MarketCap,10,2020,MSFT,BUY,1.3913,222.42,0.0
Top_10_MarketCap,10,2020,AMZN,BUY,0.3119,162.85,0.0
Top_10_MarketCap,10,2020,GOOGL,BUY,5.686,87.63,0.0
Top_10_MarketCap,10,2020,TSLA,BUY,7.5924,235.22,0.0
Top_10_MarketCap,10,2021,AAPL,SELL,4.438,177.57,665.62
Top_10_MarketCap,10,2021,MSFT,SELL,1.9729,336.32,571.88
Top_10_MarketCap,10,2021,GOOGL,SELL,2.0922,144.85,247.54
Top_10_MarketCap,10,2021,JPM,SELL,9.9207,158.35,861.29
Top_10_MarketCap,10,2021,V,SELL,5.7634,216.71,488.56
Top_10_MarketCap,10,2021,AAPL,SELL,1.1033,177.57,165.47
Top_10_MarketCap,10,2021,MSFT,SELL,0.5234,336.32,151.72
Top_10_MarketCap,10,2021,GOOGL,SELL,0.8233,144.85,97.41
Top_10_MarketCap,10,2021,AMZN,SELL,0.52,166.72,69.12
Top_10_MarketCap,10,2021,META,SELL,0.0801,336.35,18.57
Top_10_MarketCap,10,2021,AAPL,SELL,0.1836,177.57,27.53
Top_10_MarketCap,10,2021,MSFT,SELL,0.0871,336.32,25.24
Top_10_MarketCap,10,2021,GOOGL,SELL,0.137,144.85,16.21
Top_10_MarketCap,10,2021,AMZN,SELL,0.1077,166.72,14.31
Top_10_MarketCap,10,2021,META,SELL,0.0309,336.35,7.16
Top_10_MarketCap,10,2021,AAPL,SELL,0.0331,177.57,4.96
Top_10_MarketCap,10,2021,MSFT,SELL,0.0157,336.32,4.55
Top_10_MarketCap,10,2021,GOOGL,SELL,0.0247,144.85,2.92
Top_10_MarketCap,10,2021,AMZN,SELL,0.0194,166.72,2.58
Top_10_MarketCap,10,2021,META,SELL,0.0056,336.35,1.29
Top_10_MarketCap,10,2021,AAPL,SELL,0.006,177.57,0.89
Top_10_MarketCap,10,2021,MSFT,SELL,0.0028,336.32,0.82
Top_10_MarketCap,10,2021,GOOGL,SELL,0.0044,144.85,0.53
Top_10_MarketCap,10,2021,AMZN,SELL,0.0035,166.72,0.46
Top_10_MarketCap,10,2021,META,SELL,0.001,336.35,0.23
Top_10_MarketCap,10,2021,AAPL,SELL,0.0011,177.57,0.16
Top_10_MarketCap,10,2021,MSFT,SELL,0.0005,336.32,0.15
Top_10_MarketCap,10,2021,GOOGL,SELL,0.0008,144.85,0.09
Top_10_MarketCap,10,2021,AMZN,SELL,0.0006,166.72,0.08
Top_10_MarketCap,10,2021,META,SELL,0.0002,336.35,0.04
Top_10_MarketCap,10,2021,AAPL,SELL,0.0002,177.57,0.03
Top_10_MarketCap,10,2021,MSFT,SELL,0.0001,336.32,0.03
Top_10_MarketCap,10,2021,GOOGL,SELL,0.0001,144.85,0.02
Top_10_MarketCap,10,2021,AMZN,SELL,0.0001,166.72,0.02
Top_10_MarketCap,10,2021,META,SELL,0.0,336.35,0.01
Top_10_MarketCap,10,2021,AAPL,SELL,0.0,177.57,0.01
Top_10_MarketCap,10,2021,MSFT,SELL,0.0,336.32,0.0
Top_10_MarketCap,10,2021,GOOGL,SELL,0.0,144.85,0.0
Top_10_MarketCap,10,2021,AMZN,SELL,0.0,166.72,0.0
Top_10_MarketCap,10,2021,META,SELL,0.0,336.35,0.0
Top_10_MarketCap,10,2021,AAPL,SELL,0.0,177.57,0.0
Top_10_MarketCap,10,2021,MSFT,SELL,0.0,336.32,0.0
Top_10_MarketCap,10,2021,GOOGL,SELL,0.0,144.85,0.0
Top_10_MarketCap,10,2021,AMZN,SELL,0.0,166.72,0.0
Top_10_MarketCap,10,2021,META,SELL,0.0,336.35,0.0
Top_10_MarketCap,10,2021,AAPL,SELL,0.0,177.57,0.0
Top_10_MarketCap,10,2021,MSFT,SELL,0.0,336.32,0.0
Top_10_MarketCap,10,2021,GOOGL,SELL,0.0,144.85,0.0
Top_10_MarketCap,10,2021,AMZN,SELL,0.0,166.72,0.0
Top_10_MarketCap,10,2021,META,SELL,0.0,336.35,0.0
Top_10_MarketCap,10,2021,AAPL,SELL,0.0,177.57,0.0
Top_10_MarketCap,10,2021,GOOGL,SELL,0.0,144.85,0.0
Top_10_MarketCap,10,2021,AMZN,SELL,0.0,166.72,0.0
Top_10_MarketCap,10,2021,MSFT,SELL,0.0,336.32,0.0
Top_10_MarketCap,10,2021,TSLA,BUY,0.3519,352.26,0.0
Top_10_MarketCap,10,2021,NVDA,BUY,74.4682,29.41,0.0
Top_10_MarketCap,10,2021,BRK.B,BUY,0.168,299.0,0.0
Top_10_MarketCap,10,2021,UNH,BUY,3.6346,502.14,0.0
Top_10_MarketCap,10,2021,JNJ,BUY,1.2798,171.07,0.0
Top_10_MarketCap,10,2022,AAPL,SELL,2.5068,129.93,256.55
Top_10_MarketCap,10,2022,MSFT,SELL,0.4834,239.82,93.47
Top_10_MarketCap,10,2022,BRK.B,SELL,0.8313,308.9,131.97
Top_10_MarketCap,10,2022,JNJ,SELL,1.5939,176.65,114.89
Top_10_MarketCap,10,2022,META,SELL,7.9584,120.34,-157.63
Top_10_MarketCap,10,2022,TSLA,SELL,7.9443,123.18,-931.27
Top_10_MarketCap,10,2022,UNH,SELL,0.4997,530.18,14.01
Top_10_MarketCap,10,2022,AAPL,SELL,0.0877,129.93,8.97
Top_10_MarketCap,10,2022,MSFT,SELL,0.043,239.82,8.31
Top_10_MarketCap,10,2022,BRK.B,SELL,0.0111,308.9,1.77
Top_10_MarketCap,10,2022,JNJ,SELL,0.0164,176.65,1.18
Top_10_MarketCap,10,2022,UNH,SELL,0.0061,530.18,0.17
Top_10_MarketCap,10,2022,GOOGL,BUY,0.2338,88.23,0.0
Top_10_MarketCap,10,2022,AMZN,BUY,1.8895,84.0,0.0
Top_10_MarketCap,10,2022,XOM,BUY,14.2038,110.3,0.0
Top_10_MarketCap,10,2022,JPM,BUY,10.3084,134.1,0.0
Top_10_MarketCap,10,2022,NVDA,BUY,13.8415,14.61,0.0
Top_10_MarketCap,10,2023,AAPL,SELL,0.0085,192.53,1.4
Top_10_MarketCap,10,2023,JNJ,SELL,8.3471,156.74,271.59
Top_10_MarketCap,10,2023,GOOGL,SELL,17.4029,139.69,1852.24
Top_10_MarketCap,10,2023,AMZN,SELL,2.1488,151.94,253.88
Top_10_MarketCap,10,2023,NVDA,SELL,1.4603,49.52,29.37
Top_10_MarketCap,10,2023,XOM,SELL,14.2038,99.98,-146.58
Top_10_MarketCap,10,2023,JPM,SELL,0.6411,170.1,23.08
Top_10_MarketCap,10,2023,AAPL,SELL,0.7161,192.53,118.12
Top_10_MarketCap,10,2023,GOOGL,SELL,0.2903,139.69,25.38
Top_10_MarketCap,10,2023,AMZN,SELL,0.4404,151.94,52.03
Top_10_MarketCap,10,2023,NVDA,SELL,1.3921,49.52,28.0
Top_10_MarketCap,10,2023,JPM,SELL,0.155,170.1,5.58
Top_10_MarketCap,10,2023,AAPL,SELL,0.0786,192.53,12.96
Top_10_MarketCap,10,2023,GOOGL,SELL,0.0318,139.69,2.78
Top_10_MarketCap,10,2023,AMZN,SELL,0.0483,151.94,5.71
Top_10_MarketCap,10,2023,NVDA,SELL,0.1527,49.52,3.07
Top_10_MarketCap,10,2023,JPM,SELL,0.017,170.1,0.61
Top_10_MarketCap,10,2023,AAPL,SELL,0.0086,192.53,1.42
Top_10_MarketCap,10,2023,GOOGL,SELL,0.0035,139.69,0.31
Top_10_MarketCap,10,2023,AMZN,SELL,0.0053,151.94,0.63
Top_10_MarketCap,10,2023,NVDA,SELL,0.0168,49.52,0.34
Top_10_MarketCap,10,2023,JPM,SELL,0.0019,170.1,0.07
Top_10_MarketCap,10,2023,AAPL,SELL,0.0009,192.53,0.16
Top_10_MarketCap,10,2023,GOOGL,SELL,0.0004,139.69,0.03
Top_10_MarketCap,10,2023,AMZN,SELL,0.0006,151.94,0.07
Top_10_MarketCap,10,2023,NVDA,SELL,0.0018,49.52,0.04
Top_10_MarketCap,10,2023,JPM,SELL,0.0002,170.1,0.01
Top_10_MarketCap,10,2023,AAPL,SELL,0.0001,192.53,0.02
Top_10_MarketCap,10,2023,GOOGL,SELL,0.0,139.69,0.0
Top_10_MarketCap,10,2023,AMZN,SELL,0.0001,151.94,0.01
Top_10_MarketCap,10,2023,NVDA,SELL,0.0002,49.52,0.0
Top_10_MarketCap,10,2023,JPM,SELL,0.0,170.1,0.0
Top_10_MarketCap,10,2023,AAPL,SELL,0.0,192.53,0.0
Top_10_MarketCap,10,2023,GOOGL,SELL,0.0,139.69,0.0
Top_10_MarketCap,10,2023,AMZN,SELL,0.0,151.94,0.0
Top_10_MarketCap,10,2023,NVDA,SELL,0.0,49.52,0.0
Top_10_MarketCap,10,2023,JPM,SELL,0.0,170.1,0.0
Top_10_MarketCap,10,2023,AAPL,SELL,0.0,192.53,0.0
Top_10_MarketCap,10,2023,GOOGL,SELL,0.0,139.69,0.0
Top_10_MarketCap,10,2023,AMZN,SELL,0.0,151.94,0.0
Top_10_MarketCap,10,2023,NVDA,SELL,0.0,49.52,0.0
Top_10_MarketCap,10,2023,JPM,SELL,0.0,170.1,0.0
Top_10_MarketCap,10,2023,AAPL,SELL,0.0,192.53,0.0
Top_10_MarketCap,10,2023,NVDA,SELL,0.0,49.52,0.0
Top_10_MarketCap,10,2023,MSFT,BUY,1.5494,376.04,0.0
Top_10_MarketCap,10,2023,META,BUY,7.3696,353.96,0.0
Top_10_MarketCap,10,2023,BRK.B,BUY,0.6005,356.66,0.0
Top_10_MarketCap,10,2023,TSLA,BUY,8.4984,248.48,0.0
Top_10_MarketCap,10,2023,UNH,BUY,0.1744,526.47,0.0
Top_10_MarketCap,10,2024,NVDA,SELL,5.3446,134.29,560.55
Top_10_MarketCap,10,2024,UNH,SELL,3.3032,505.86,8.05
Top_10_MarketCap,10,2024,JPM,SELL,0.273,239.71,28.83
Top_10_MarketCap,10,2024,META,SELL,0.0895,585.51,20.73
Top_10_MarketCap,10,2024,TSLA,SELL,1.8526,403.84,287.82
Top_10_MarketCap,10,2024,BRK.B,SELL,0.0372,453.28,11.27
Top_10_MarketCap,10,2024,NVDA,SELL,0.4769,134.29,50.01
Top_10_MarketCap,10,2024,JPM,SELL,0.055,239.71,5.81
Top_10_MarketCap,10,2024,META,SELL,0.0434,585.51,10.06
Top_10_MarketCap,10,2024,TSLA,SELL,0.0396,403.84,6.16
Top_10_MarketCap,10,2024,BRK.B,SELL,0.0028,453.28,0.84
Top_10_MarketCap,10,2024,NVDA,SELL,0.0354,134.29,3.72
Top_10_MarketCap,10,2024,JPM,SELL,0.0041,239.71,0.43
Top_10_MarketCap,10,2024,META,SELL,0.0032,585.51,0.75
Top_10_MarketCap,10,2024,TSLA,SELL,0.0029,403.84,0.46
Top_10_MarketCap,10,2024,BRK.B,SELL,0.0002,453.28,0.06
Top_10_MarketCap,10,2024,NVDA,SELL,0.0026,134.29,0.28
Top_10_MarketCap,10,2024,JPM,SELL,0.0003,239.71,0.03
Top_10_MarketCap,10,2024,META,SELL,0.0002,585.51,0.06
Top_10_MarketCap,10,2024,TSLA,SELL,0.0002,403.84,0.03
Top_10_MarketCap,10,2024,BRK.B,SELL,0.0,453.28,0.0
Top_10_MarketCap,10,2024,NVDA,SELL,0.0002,134.29,0.02
Top_10_MarketCap,10,2024,JPM,SELL,0.0,239.71,0.0
Top_10_MarketCap,10,2024,META,SELL,0.0,585.51,0.0
Top_10_MarketCap,10,2024,TSLA,SELL,0.0,403.84,0.0
Top_10_MarketCap,10,2024,BRK.B,SELL,0.0,453.28,0.0
Top_10_MarketCap,10,2024,NVDA,SELL,0.0,134.29,0.0
Top_10_MarketCap,10,2024,JPM,SELL,0.0,239.71,0.0
Top_10_MarketCap,10,2024,META,SELL,0.0,585.51,0.0
Top_10_MarketCap,10,2024,TSLA,SELL,0.0,403.84,0.0
Top_10_MarketCap,10,2024,NVDA,SELL,0.0,134.29,0.0
Top_10_MarketCap,10,2024,JPM,SELL,0.0,239.71,0.0
Top_10_MarketCap,10,2024,META,SELL,0.0,585.51,0.0
Top_10_MarketCap,10,2024,AAPL,BUY,0.5999,250.42,0.0
Top_10_MarketCap,10,2024,MSFT,BUY,0.7355,421.5,0.0
Top_10_MarketCap,10,2024,AMZN,BUY,0.1898,219.39,0.0
Top_10_MarketCap,10,2024,GOOGL,BUY,1.2733,189.3,0.0
Top_10_MarketCap,10,2024,AVGO,BUY,10.825,231.84,0.0
World_Top_3_MarketCap,3,2014,AAPL,BUY,151.0209,27.59,0.0
World_Top_3_MarketCap,3,2014,XOM,BUY,32.1924,92.45,0.0
World_Top_3_MarketCap,3,2014,MSFT,BUY,61.5101,46.45,0.0
World_Top_3_MarketCap,3,2015,MSFT,SELL,2.0227,55.48,18.26
World_Top_3_MarketCap,3,2015,MSFT,SELL,0.4696,55.48,4.24
World_Top_3_MarketCap,3,2015,MSFT,SELL,0.0075,55.48,0.07
World_Top_3_MarketCap,3,2015,MSFT,SELL,0.0001,55.48,0.0
World_Top_3_MarketCap,3,2015,MSFT,SELL,0.0,55.48,0.0
World_Top_3_MarketCap,3,2015,AAPL,BUY,5.6156,26.32,0.0
World_Top_3_MarketCap,3,2015,XOM,BUY,2.0297,77.95,0.0
World_Top_3_MarketCap,3,2016,XOM,SELL,34.2221,90.26,-45.52
World_Top_3_MarketCap,3,2016,AAPL,BUY,9.0618,28.95,0.0
World_Top_3_MarketCap,3,2016,MSFT,BUY,1.8109,62.14,0.0
World_Top_3_MarketCap,3,2016,AMZN,BUY,77.5474,37.49,0.0
World_Top_3_MarketCap,3,2017,AAPL,SELL,9.9392,42.31,146.31
World_Top_3_MarketCap,3,2017,AAPL,SELL,0.8256,42.31,12.15
World_Top_3_MarketCap,3,2017,AAPL,SELL,0.0335,42.31,0.49
World_Top_3_MarketCap,3,2017,AAPL,SELL,0.0014,42.31,0.02
World_Top_3_MarketCap,3,2017,AAPL,SELL,0.0001,42.31,0.0
World_Top_3_MarketCap,3,2017,AAPL,SELL,0.0,42.31,0.0
World_Top_3_MarketCap,3,2017,MSFT,BUY,4.85,85.54,0.0
World_Top_3_MarketCap,3,2017,AMZN,BUY,2.5151,58.47,0.0
World_Top_3_MarketCap,3,2018,AMZN,SELL,1.0871,75.1,40.89
World_Top_3_MarketCap,3,2018,AMZN,SELL,0.3278,75.1,12.33
World_Top_3_MarketCap,3,2018,AMZN,SELL,0.0154,75.1,0.58
World_Top_3_MarketCap,3,2018,AMZN,SELL,0.0007,75.1,0.03
World_Top_3_MarketCap,3,2018,AMZN,SELL,0.0,75.1,0.0
World_Top_3_MarketCap,3,2018,AMZN,SELL,0.0,75.1,0.0
World_Top_3_MarketCap,3,2018,MSFT,BUY,1.0183,101.57,0.0
World_Top_3_MarketCap,3,2018,AAPL,BUY,3.6358,39.44,0.0
World_Top_3_MarketCap,3,2019,AAPL,SELL,7.8467,73.41,359.53
World_Top_3_MarketCap,3,2019,AAPL,SELL,0.9235,73.41,42.32
World_Top_3_MarketCap,3,2019,AAPL,SELL,0.0645,73.41,2.95
World_Top_3_MarketCap,3,2019,AAPL,SELL,0.0045,73.41,0.21
World_Top_3_MarketCap,3,2019,AAPL,SELL,0.0003,73.41,0.01
World_Top_3_MarketCap,3,2019,AAPL,SELL,0.0,73.41,0.0
World_Top_3_MarketCap,3,2019,AAPL,SELL,0.0,73.41,0.0
World_Top_3_MarketCap,3,2019,AAPL,SELL,0.0,73.41,0.0
World_Top_3_MarketCap,3,2019,MSFT,BUY,1.4104,157.7,0.0
World_Top_3_MarketCap,3,2019,AMZN,BUY,5.1689,92.39,0.0
World_Top_3_MarketCap,3,2020,AAPL,SELL,0.2959,132.69,31.1
World_Top_3_MarketCap,3,2020,AMZN,SELL,3.3015,162.85,413.87
World_Top_3_MarketCap,3,2020,AAPL,SELL,0.6488,132.69,68.19
World_Top_3_MarketCap,3,2020,AMZN,SELL,0.3496,162.85,43.83
World_Top_3_MarketCap,3,2020,AAPL,SELL,0.1026,132.69,10.79
World_Top_3_MarketCap,3,2020,AMZN,SELL,0.0553,162.85,6.93
World_Top_3_MarketCap,3,2020,AAPL,SELL,0.0162,132.69,1.71
World_Top_3_MarketCap,3,2020,AMZN,SELL,0.0087,162.85,1.1
World_Top_3_MarketCap,3,2020,AAPL,SELL,0.0026,132.69,0.27
World_Top_3_MarketCap,3,2020,AMZN,SELL,0.0014,162.85,0.17
World_Top_3_MarketCap,3,2020,AAPL,SELL,0.0004,132.69,0.04
World_Top_3_MarketCap,3,2020,AMZN,SELL,0.0002,162.85,0.03
World_Top_3_MarketCap,3,2020,AAPL,SELL,0.0001,132.69,0.01
World_Top_3_MarketCap,3,2020,AMZN,SELL,0.0,162.85,0.0
World_Top_3_MarketCap,3,2020,AAPL,SELL,0.0,132.69,0.0
World_Top_3_MarketCap,3,2020,AMZN,SELL,0.0,162.85,0.0
World_Top_3_MarketCap,3,2020,AAPL,SELL,0.0,132.69,0.0
World_Top_3_MarketCap,3,2020,AMZN,SELL,0.0,162.85,0.0
World_Top_3_MarketCap,3,2020,AAPL,SELL,0.0,132.69,0.0
World_Top_3_MarketCap,3,2020,AMZN,SELL,0.0,162.85,0.0
World_Top_3_MarketCap,3,2020,MSFT,BUY,3.4064,222.42,0.0
World_Top_3_MarketCap,3,2021,AAPL,SELL,6.0494,177.57,907.29
World_Top_3_MarketCap,3,2021,MSFT,SELL,3.285,336.32,952.21
World_Top_3_MarketCap,3,2021,AMZN,SELL,80.0836,166.72,10012.67
World_Top_3_MarketCap,3,2021,AAPL,SELL,8.1196,177.57,1217.78
World_Top_3_MarketCap,3,2021,MSFT,SELL,3.8851,336.32,1126.17
World_Top_3_MarketCap,3,2021,AAPL,SELL,1.5645,177.57,234.64
World_Top_3_MarketCap,3,2021,MSFT,SELL,0.7486,336.32,216.99
World_Top_3_MarketCap,3,2021,AAPL,SELL,0.3014,177.57,45.21
World_Top_3_MarketCap,3,2021,MSFT,SELL,0.1442,336.32,41.81
World_Top_3_MarketCap,3,2021,AAPL,SELL,0.0581,177.57,8.71
World_Top_3_MarketCap,3,2021,MSFT,SELL,0.0278,336.32,8.06
World_Top_3_MarketCap,3,2021,AAPL,SELL,0.0112,177.57,1.68
World_Top_3_MarketCap,3,2021,MSFT,SELL,0.0054,336.32,1.55
World_Top_3_MarketCap,3,2021,AAPL,SELL,0.0022,177.57,0.32
World_Top_3_MarketCap,3,2021,MSFT,SELL,0.001,336.32,0.3
World_Top_3_MarketCap,3,2021,AAPL,SELL,0.0004,177.57,0.06
World_Top_3_MarketCap,3,2021,MSFT,SELL,0.0002,336.32,0.06
World_Top_3_MarketCap,3,2021,AAPL,SELL,0.0001,177.57,0.01
World_Top_3_MarketCap,3,2021,MSFT,SELL,0.0,336.32,0.01
World_Top_3_MarketCap,3,2021,AAPL,SELL,0.0,177.57,0.0
World_Top_3_MarketCap,3,2021,MSFT,SELL,0.0,336.32,0.0
World_Top_3_MarketCap,3,2021,AAPL,SELL,0.0,177.57,0.0
World_Top_3_MarketCap,3,2021,MSFT,SELL,0.0,336.32,0.0
World_Top_3_MarketCap,3,2021,AAPL,SELL,0.0,177.57,0.0
World_Top_3_MarketCap,3,2021,MSFT,SELL,0.0,336.32,0.0
World_Top_3_MarketCap,3,2021,AAPL,SELL,0.0,177.57,0.0
World_Top_3_MarketCap,3,2021,GOOGL,BUY,101.5352,144.85,0.0
World_Top_3_MarketCap,3,2022,AAPL,SELL,2.9334,129.93,300.2
World_Top_3_MarketCap,3,2022,AAPL,SELL,0.5429,129.93,55.56
World_Top_3_MarketCap,3,2022,AAPL,SELL,0.0518,129.93,5.31
World_Top_3_MarketCap,3,2022,AAPL,SELL,0.005,129.93,0.51
World_Top_3_MarketCap,3,2022,AAPL,SELL,0.0005,129.93,0.05
World_Top_3_MarketCap,3,2022,AAPL,SELL,0.0,129.93,0.0
World_Top_3_MarketCap,3,2022,AAPL,SELL,0.0,129.93,0.0
World_Top_3_MarketCap,3,2022,AAPL,SELL,0.0,129.93,0.0
World_Top_3_MarketCap,3,2022,MSFT,BUY,0.5519,239.82,0.0
World_Top_3_MarketCap,3,2022,GOOGL,BUY,4.7085,88.23,0.0
World_Top_3_MarketCap,3,2023,GOOGL,SELL,106.2438,139.69,-281.62
World_Top_3_MarketCap,3,2023,MSFT,BUY,4.8853,376.04,0.0
World_Top_3_MarketCap,3,2023,AAPL,BUY,1.4043,192.53,0.0
World_Top_3_MarketCap,3,2023,NVDA,BUY,261.3984,49.52,0.0
World_Top_3_MarketCap,3,2024,NVDA,SELL,19.0544,134.29,1615.24
World_Top_3_MarketCap,3,2024,NVDA,SELL,1.2603,134.29,106.84
World_Top_3_MarketCap,3,2024,NVDA,SELL,0.08,134.29,6.78
World_Top_3_MarketCap,3,2024,NVDA,SELL,0.0051,134.29,0.43
World_Top_3_MarketCap,3,2024,NVDA,SELL,0.0003,134.29,0.03
World_Top_3_MarketCap,3,2024,NVDA,SELL,0.0,134.29,0.0
World_Top_3_MarketCap,3,2024,NVDA,SELL,0.0,134.29,0.0
World_Top_3_MarketCap,3,2024,AAPL,BUY,2.8842,250.42,0.0
World_Top_3_MarketCap,3,2024,MSFT,BUY,4.3368,421.5,0.0
World_Top_5_MarketCap,5,2014,AAPL,BUY,99.1075,27.59,0.0
World_Top_5_MarketCap,5,2014,XOM,BUY,21.1263,92.45,0.0
World_Top_5_MarketCap,5,2014,MSFT,BUY,40.366,46.45,0.0
World_Top_5_MarketCap,5,2014,BRK.B,BUY,11.9672,150.15,0.0
World_Top_5_MarketCap,5,2014,JNJ,BUY,15.6893,104.57,0.0
World_Top_5_MarketCap,5,2015,MSFT,SELL,0.8903,55.48,8.04
World_Top_5_MarketCap,5,2015,BRK.B,SELL,11.9672,132.04,-216.73
World_Top_5_MarketCap,5,2015,JNJ,SELL,15.6893,102.72,-29.03
World_Top_5_MarketCap,5,2015,MSFT,SELL,0.2507,55.48,2.26
World_Top_5_MarketCap,5,2015,AAPL,BUY,5.0111,26.32,0.0
World_Top_5_MarketCap,5,2015,XOM,BUY,1.6216,77.95,0.0
World_Top_5_MarketCap,5,2015,AMZN,BUY,50.0918,33.79,0.0
World_Top_5_MarketCap,5,2015,META,BUY,13.862,104.66,0.0
World_Top_5_MarketCap,5,2016,XOM,SELL,2.494,90.26,-5.46
World_Top_5_MarketCap,5,2016,XOM,SELL,0.0999,90.26,-0.22
World_Top_5_MarketCap,5,2016,AAPL,BUY,5.0178,28.95,0.0
World_Top_5_MarketCap,5,2016,MSFT,BUY,0.8346,62.14,0.0
World_Top_5_MarketCap,5,2016,AMZN,BUY,0.9845,37.49,0.0
World_Top_5_MarketCap,5,2016,META,BUY,1.1172,115.05,0.0
World_Top_5_MarketCap,5,2017,AAPL,SELL,12.4062,42.31,182.62
World_Top_5_MarketCap,5,2017,XOM,SELL,20.1541,83.64,-154.04
World_Top_5_MarketCap,5,2017,AMZN,SELL,1.0792,58.47,26.63
World_Top_5_MarketCap,5,2017,META,SELL,0.4007,176.46,28.77
World_Top_5_MarketCap,5,2017,AAPL,SELL,0.3592,42.31,5.29
World_Top_5_MarketCap,5,2017,AMZN,SELL,0.1856,58.47,4.58
World_Top_5_MarketCap,5,2017,META,SELL,0.0541,176.46,3.89
World_Top_5_MarketCap,5,2017,MSFT,BUY,0.7981,85.54,0.0
World_Top_5_MarketCap,5,2017,GOOGL,BUY,46.4491,52.67,0.0
World_Top_5_MarketCap,5,2018,AAPL,SELL,4.1758,39.44,49.48
World_Top_5_MarketCap,5,2018,MSFT,SELL,2.0746,101.57,114.35
World_Top_5_MarketCap,5,2018,AMZN,SELL,4.0834,75.1,168.68
World_Top_5_MarketCap,5,2018,META,SELL,14.5244,131.09,372.27
World_Top_5_MarketCap,5,2018,AAPL,SELL,1.1974,39.44,14.19
World_Top_5_MarketCap,5,2018,MSFT,SELL,0.5037,101.57,27.76
World_Top_5_MarketCap,5,2018,AMZN,SELL,0.5939,75.1,24.53
World_Top_5_MarketCap,5,2018,AAPL,SELL,0.1138,39.44,1.35
World_Top_5_MarketCap,5,2018,MSFT,SELL,0.0479,101.57,2.64
World_Top_5_MarketCap,5,2018,AMZN,SELL,0.0564,75.1,2.33
World_Top_5_MarketCap,5,2018,AAPL,SELL,0.0108,39.44,0.13
World_Top_5_MarketCap,5,2018,MSFT,SELL,0.0045,101.57,0.25
World_Top_5_MarketCap,5,2018,AMZN,SELL,0.0054,75.1,0.22
World_Top_5_MarketCap,5,2018,AAPL,SELL,0.001,39.44,0.01
World_Top_5_MarketCap,5,2018,MSFT,SELL,0.0004,101.57,0.02
World_Top_5_MarketCap,5,2018,AMZN,SELL,0.0005,75.1,0.02
World_Top_5_MarketCap,5,2018,AAPL,SELL,0.0001,39.44,0.0
World_Top_5_MarketCap,5,2018,MSFT,SELL,0.0,101.57,0.0
World_Top_5_MarketCap,5,2018,AMZN,SELL,0.0,75.1,0.0
World_Top_5_MarketCap,5,2018,AAPL,SELL,0.0,39.44,0.0
World_Top_5_MarketCap,5,2018,MSFT,SELL,0.0,101.57,0.0
World_Top_5_MarketCap,5,2018,AMZN,SELL,0.0,75.1,0.0
World_Top_5_MarketCap,5,2018,AAPL,SELL,0.0,39.44,0.0
World_Top_5_MarketCap,5,2018,MSFT,SELL,0.0,101.57,0.0
World_Top_5_MarketCap,5,2018,AMZN,SELL,0.0,75.1,0.0
World_Top_5_MarketCap,5,2018,GOOGL,BUY,10.7119,52.25,0.0
World_Top_5_MarketCap,5,2018,BRK.B,BUY,10.2393,204.18,0.0
World_Top_5_MarketCap,5,2019,AAPL,SELL,9.7219,73.41,445.46
World_Top_5_MarketCap,5,2019,MSFT,SELL,1.3092,157.7,145.65
World_Top_5_MarketCap,5,2019,GOOGL,SELL,4.5974,66.97,65.74
World_Top_5_MarketCap,5,2019,BRK.B,SELL,10.2393,226.5,228.54
World_Top_5_MarketCap,5,2019,AAPL,SELL,1.0796,73.41,49.47
World_Top_5_MarketCap,5,2019,MSFT,SELL,0.4911,157.7,54.64
World_Top_5_MarketCap,5,2019,AMZN,SELL,0.2475,92.39,14.5
World_Top_5_MarketCap,5,2019,GOOGL,SELL,0.6993,66.97,10.0
World_Top_5_MarketCap,5,2019,AAPL,SELL,0.1352,73.41,6.2
World_Top_5_MarketCap,5,2019,MSFT,SELL,0.0615,157.7,6.84
World_Top_5_MarketCap,5,2019,AMZN,SELL,0.0757,92.39,4.44
World_Top_5_MarketCap,5,2019,GOOGL,SELL,0.0876,66.97,1.25
World_Top_5_MarketCap,5,2019,AAPL,SELL,0.0197,73.41,0.9
World_Top_5_MarketCap,5,2019,MSFT,SELL,0.009,157.7,1.0
World_Top_5_MarketCap,5,2019,AMZN,SELL,0.011,92.39,0.65
World_Top_5_MarketCap,5,2019,GOOGL,SELL,0.0128,66.97,0.18
World_Top_5_MarketCap,5,2019,AAPL,SELL,0.0029,73.41,0.13
World_Top_5_MarketCap,5,2019,MSFT,SELL,0.0013,157.7,0.15
World_Top_5_MarketCap,5,2019,AMZN,SELL,0.0016,92.39,0.09
World_Top_5_MarketCap,5,2019,GOOGL,SELL,0.0019,66.97,0.03
World_Top_5_MarketCap,5,2019,AAPL,SELL,0.0004,73.41,0.02
World_Top_5_MarketCap,5,2019,MSFT,SELL,0.0002,157.7,0.02
World_Top_5_MarketCap,5,2019,AMZN,SELL,0.0002,92.39,0.01
World_Top_5_MarketCap,5,2019,GOOGL,SELL,0.0003,66.97,0.0
World_Top_5_MarketCap,5,2019,AAPL,SELL,0.0001,73.41,0.0
World_Top_5_MarketCap,5,2019,MSFT,SELL,0.0,157.7,0.0
World_Top_5_MarketCap,5,2019,AMZN,SELL,0.0,92.39,0.0
World_Top_5_MarketCap,5,2019,GOOGL,SELL,0.0,66.97,0.0
World_Top_5_MarketCap,5,2019,AAPL,SELL,0.0,73.41,0.0
World_Top_5_MarketCap,5,2019,MSFT,SELL,0.0,157.7,0.0
World_Top_5_MarketCap,5,2019,AMZN,SELL,0.0,92.39,0.0
World_Top_5_MarketCap,5,2019,GOOGL,SELL,0.0,66.97,0.0
World_Top_5_MarketCap,5,2019,AAPL,SELL,0.0,73.41,0.0
World_Top_5_MarketCap,5,2019,MSFT,SELL,0.0,157.7,0.0
World_Top_5_MarketCap,5,2019,AMZN,SELL,0.0,92.39,0.0
World_Top_5_MarketCap,5,2019,GOOGL,SELL,0.0,66.97,0.0
World_Top_5_MarketCap,5,2019,AAPL,SELL,0.0,73.41,0.0
World_Top_5_MarketCap,5,2019,AMZN,SELL,0.0,92.39,0.0
World_Top_5_MarketCap,5,2019,GOOGL,SELL,0.0,66.97,0.0
World_Top_5_MarketCap,5,2019,META,BUY,17.5387,205.25,0.0
World_Top_5_MarketCap,5,2020,AMZN,SELL,0.9952,162.85,128.44
World_Top_5_MarketCap,5,2020,META,SELL,4.1823,273.16,284.02
World_Top_5_MarketCap,5,2020,AMZN,SELL,0.2047,162.85,26.42
World_Top_5_MarketCap,5,2020,META,SELL,0.0625,273.16,4.25
World_Top_5_MarketCap,5,2020,AMZN,SELL,0.0114,162.85,1.47
World_Top_5_MarketCap,5,2020,META,SELL,0.0035,273.16,0.24
World_Top_5_MarketCap,5,2020,AMZN,SELL,0.0006,162.85,0.08
World_Top_5_MarketCap,5,2020,META,SELL,0.0002,273.16,0.01
World_Top_5_MarketCap,5,2020,AMZN,SELL,0.0,162.85,0.0
World_Top_5_MarketCap,5,2020,META,SELL,0.0,273.16,0.0
World_Top_5_MarketCap,5,2020,AMZN,SELL,0.0,162.85,0.0
World_Top_5_MarketCap,5,2020,META,SELL,0.0,273.16,0.0
World_Top_5_MarketCap,5,2020,AMZN,SELL,0.0,162.85,0.0
World_Top_5_MarketCap,5,2020,AAPL,BUY,0.8637,132.69,0.0
World_Top_5_MarketCap,5,2020,MSFT,BUY,2.508,222.42,0.0
World_Top_5_MarketCap,5,2020,GOOGL,BUY,7.4213,87.63,0.0
World_Top_5_MarketCap,5,2021,AAPL,SELL,2.7036,177.57,405.48
World_Top_5_MarketCap,5,2021,MSFT,SELL,1.5058,336.32,436.48
World_Top_5_MarketCap,5,2021,META,SELL,13.2902,336.35,1742.35
World_Top_5_MarketCap,5,2021,AAPL,SELL,1.3423,177.57,201.32
World_Top_5_MarketCap,5,2021,MSFT,SELL,0.6423,336.32,186.18
World_Top_5_MarketCap,5,2021,GOOGL,SELL,0.3939,144.85,36.31
World_Top_5_MarketCap,5,2021,AAPL,SELL,0.2074,177.57,31.1
World_Top_5_MarketCap,5,2021,MSFT,SELL,0.0992,336.32,28.76
World_Top_5_MarketCap,5,2021,GOOGL,SELL,0.1589,144.85,14.64
World_Top_5_MarketCap,5,2021,AAPL,SELL,0.0365,177.57,5.47
World_Top_5_MarketCap,5,2021,MSFT,SELL,0.0174,336.32,5.06
World_Top_5_MarketCap,5,2021,GOOGL,SELL,0.0279,144.85,2.57
World_Top_5_MarketCap,5,2021,AAPL,SELL,0.0064,177.57,0.96
World_Top_5_MarketCap,5,2021,MSFT,SELL,0.0031,336.32,0.89
World_Top_5_MarketCap,5,2021,GOOGL,SELL,0.0049,144.85,0.45
World_Top_5_MarketCap,5,2021,AAPL,SELL,0.0011,177.57,0.17
World_Top_5_MarketCap,5,2021,MSFT,SELL,0.0005,336.32,0.16
World_Top_5_MarketCap,5,2021,GOOGL,SELL,0.0009,144.85,0.08
World_Top_5_MarketCap,5,2021,AAPL,SELL,0.0002,177.57,0.03
World_Top_5_MarketCap,5,2021,MSFT,SELL,0.0001,336.32,0.03
World_Top_5_MarketCap,5,2021,GOOGL,SELL,0.0002,144.85,0.01
World_Top_5_MarketCap,5,2021,AAPL,SELL,0.0,177.57,0.01
World_Top_5_MarketCap,5,2021,MSFT,SELL,0.0,336.32,0.0
World_Top_5_MarketCap,5,2021,GOOGL,SELL,0.0,144.85,0.0
World_Top_5_MarketCap,5,2021,AAPL,SELL,0.0,177.57,0.0
World_Top_5_MarketCap,5,2021,MSFT,SELL,0.0,336.32,0.0
World_Top_5_MarketCap,5,2021,GOOGL,SELL,0.0,144.85,0.0
World_Top_5_MarketCap,5,2021,AAPL,SELL,0.0,177.57,0.0
World_Top_5_MarketCap,5,2021,MSFT,SELL,0.0,336.32,0.0
World_Top_5_MarketCap,5,2021,GOOGL,SELL,0.0,144.85,0.0
World_Top_5_MarketCap,5,2021,AAPL,SELL,0.0,177.57,0.0
World_Top_5_MarketCap,5,2021,GOOGL,SELL,0.0,144.85,0.0
World_Top_5_MarketCap,5,2021,MSFT,SELL,0.0,336.32,0.0
World_Top_5_MarketCap,5,2021,AMZN,BUY,2.2952,166.72,0.0
World_Top_5_MarketCap,5,2021,TSLA,BUY,13.8546,352.26,0.0
World_Top_5_MarketCap,5,2022,AAPL,SELL,6.1049,129.93,624.78
World_Top_5_MarketCap,5,2022,MSFT,SELL,1.6975,239.82,328.25
World_Top_5_MarketCap,5,2022,GOOGL,SELL,0.6315,88.23,22.46
World_Top_5_MarketCap,5,2022,TSLA,SELL,13.8546,123.18,-3173.82
World_Top_5_MarketCap,5,2022,AAPL,SELL,0.1159,129.93,11.86
World_Top_5_MarketCap,5,2022,MSFT,SELL,0.0575,239.82,11.12
World_Top_5_MarketCap,5,2022,GOOGL,SELL,0.0955,88.23,3.4
World_Top_5_MarketCap,5,2022,AMZN,BUY,2.0712,84.0,0.0
World_Top_5_MarketCap,5,2022,BRK.B,BUY,9.5167,308.9,0.0
World_Top_5_MarketCap,5,2023,AMZN,SELL,4.6686,151.94,551.6
World_Top_5_MarketCap,5,2023,GOOGL,SELL,57.8695,139.69,4780.85
World_Top_5_MarketCap,5,2023,BRK.B,SELL,9.5167,356.66,454.52
World_Top_5_MarketCap,5,2023,AAPL,SELL,1.5913,192.53,262.47
World_Top_5_MarketCap,5,2023,AMZN,SELL,1.0758,151.94,127.11
World_Top_5_MarketCap,5,2023,AAPL,SELL,0.1807,192.53,29.81
World_Top_5_MarketCap,5,2023,AMZN,SELL,0.1109,151.94,13.1
World_Top_5_MarketCap,5,2023,AAPL,SELL,0.0199,192.53,3.28
World_Top_5_MarketCap,5,2023,AMZN,SELL,0.0122,151.94,1.44
World_Top_5_MarketCap,5,2023,AAPL,SELL,0.0022,192.53,0.36
World_Top_5_MarketCap,5,2023,AMZN,SELL,0.0013,151.94,0.16
World_Top_5_MarketCap,5,2023,AAPL,SELL,0.0002,192.53,0.04
World_Top_5_MarketCap,5,2023,AMZN,SELL,0.0001,151.94,0.02
World_Top_5_MarketCap,5,2023,AAPL,SELL,0.0,192.53,0.0
World_Top_5_MarketCap,5,2023,AMZN,SELL,0.0,151.94,0.0
World_Top_5_MarketCap,5,2023,AAPL,SELL,0.0,192.53,0.0
World_Top_5_MarketCap,5,2023,AMZN,SELL,0.0,151.94,0.0
World_Top_5_MarketCap,5,2023,AAPL,SELL,0.0,192.53,0.0
World_Top_5_MarketCap,5,2023,AMZN,SELL,0.0,151.94,0.0
World_Top_5_MarketCap,5,2023,MSFT,BUY,1.3096,376.04,0.0
World_Top_5_MarketCap,5,2023,NVDA,BUY,137.2494,49.52,0.0
World_Top_5_MarketCap,5,2023,META,BUY,12.2192,353.96,0.0
World_Top_5_MarketCap,5,2024,NVDA,SELL,10.2982,134.29,872.98
World_Top_5_MarketCap,5,2024,META,SELL,0.3904,585.51,90.4
World_Top_5_MarketCap,5,2024,NVDA,SELL,0.6621,134.29,56.13
World_Top_5_MarketCap,5,2024,META,SELL,0.0617,585.51,14.28
World_Top_5_MarketCap,5,2024,NVDA,SELL,0.0398,134.29,3.37
World_Top_5_MarketCap,5,2024,META,SELL,0.0037,585.51,0.86
World_Top_5_MarketCap,5,2024,NVDA,SELL,0.0024,134.29,0.2
World_Top_5_MarketCap,5,2024,META,SELL,0.0002,585.51,0.05
World_Top_5_MarketCap,5,2024,NVDA,SELL,0.0001,134.29,0.01
World_Top_5_MarketCap,5,2024,META,SELL,0.0,585.51,0.0
World_Top_5_MarketCap,5,2024,NVDA,SELL,0.0,134.29,0.0
World_Top_5_MarketCap,5,2024,META,SELL,0.0,585.51,0.0
World_Top_5_MarketCap,5,2024,NVDA,SELL,0.0,134.29,0.0
World_Top_5_MarketCap,5,2024,AAPL,BUY,1.3532,250.42,0.0
World_Top_5_MarketCap,5,2024,MSFT,BUY,2.1886,421.5,0.0
World_Top_5_MarketCap,5,2024,AMZN,BUY,1.447,219.39,0.0
World_Top_10_MarketCap,10,2014,AAPL,BUY,59.2792,27.59,0.0
World_Top_10_MarketCap,10,2014,XOM,BUY,12.6363,92.45,0.0
World_Top_10_MarketCap,10,2014,MSFT,BUY,24.1441,46.45,0.0
World_Top_10_MarketCap,10,2014,BRK.B,BUY,7.158,150.15,0.0
World_Top_10_MarketCap,10,2014,JNJ,BUY,9.3842,104.57,0.0
World_Top_10_MarketCap,10,2014,GOOGL,BUY,35.2273,26.53,0.0
World_Top_10_MarketCap,10,2014,WFC,BUY,15.3433,54.82,0.0
World_Top_10_MarketCap,10,2014,JPM,BUY,12.694,62.58,0.0
World_Top_10_MarketCap,10,2014,PG,BUY,8.208,91.09,0.0
World_Top_10_MarketCap,10,2014,GE,BUY,5.7881,121.1,0.0
World_Top_10_MarketCap,10,2015,BRK.B,SELL,0.2508,132.04,-4.54
World_Top_10_MarketCap,10,2015,JNJ,SELL,1.0278,102.72,-1.9
World_Top_10_MarketCap,10,2015,GOOGL,SELL,15.9195,38.9,196.92
World_Top_10_MarketCap,10,2015,WFC,SELL,15.3433,54.36,-7.06
World_Top_10_MarketCap,10,2015,JPM,SELL,12.694,66.03,43.79
World_Top_10_MarketCap,10,2015,PG,SELL,8.208,79.41,-95.87
World_Top_10_MarketCap,10,2015,GE,SELL,0.3974,149.28,11.2
World_Top_10_MarketCap,10,2015,BRK.B,SELL,0.0704,132.04,-1.27
World_Top_10_MarketCap,10,2015,JNJ,SELL,0.0851,102.72,-0.16
World_Top_10_MarketCap,10,2015,GOOGL,SELL,0.1967,38.9,2.43
World_Top_10_MarketCap,10,2015,GE,SELL,0.0549,149.28,1.55
World_Top_10_MarketCap,10,2015,BRK.B,SELL,0.0005,132.04,-0.01
World_Top_10_MarketCap,10,2015,JNJ,SELL,0.0006,102.72,-0.0
World_Top_10_MarketCap,10,2015,GOOGL,SELL,0.0014,38.9,0.02
World_Top_10_MarketCap,10,2015,GE,SELL,0.0004,149.28,0.01
World_Top_10_MarketCap,10,2015,BRK.B,SELL,0.0,132.04,-0.0
World_Top_10_MarketCap,10,2015,JNJ,SELL,0.0,102.72,-0.0
World_Top_10_MarketCap,10,2015,GOOGL,SELL,0.0,38.9,0.0
World_Top_10_MarketCap,10,2015,GE,SELL,0.0,149.28,0.0
World_Top_10_MarketCap,10,2015,AAPL,BUY,9.3117,26.32,0.0
World_Top_10_MarketCap,10,2015,MSFT,BUY,1.6964,55.48,0.0
World_Top_10_MarketCap,10,2015,XOM,BUY,2.3495,77.95,0.0
World_Top_10_MarketCap,10,2015,AMZN,BUY,32.9993,33.79,0.0
World_Top_10_MarketCap,10,2015,META,BUY,9.132,104.66,0.0
World_Top_10_MarketCap,10,2015,BABA,BUY,8.4935,81.27,0.0
World_Top_10_MarketCap,10,2016,XOM,SELL,2.0024,90.26,-4.39
World_Top_10_MarketCap,10,2016,MSFT,SELL,0.0338,62.14,0.53
World_Top_10_MarketCap,10,2016,BRK.B,SELL,0.4028,162.98,5.17
World_Top_10_MarketCap,10,2016,GE,SELL,5.3354,151.44,161.87
World_Top_10_MarketCap,10,2016,AMZN,SELL,0.0956,37.49,0.35
World_Top_10_MarketCap,10,2016,XOM,SELL,0.1105,90.26,-0.24
World_Top_10_MarketCap,10,2016,MSFT,SELL,0.2197,62.14,3.45
World_Top_10_MarketCap,10,2016,BRK.B,SELL,0.0548,162.98,0.7
World_Top_10_MarketCap,10,2016,AMZN,SELL,0.2801,37.49,1.04
World_Top_10_MarketCap,10,2016,XOM,SELL,0.0016,90.26,-0.0
World_Top_10_MarketCap,10,2016,MSFT,SELL,0.0032,62.14,0.05
World_Top_10_MarketCap,10,2016,BRK.B,SELL,0.0008,162.98,0.01
World_Top_10_MarketCap,10,2016,AMZN,SELL,0.0041,37.49,0.02
World_Top_10_MarketCap,10,2016,XOM,SELL,0.0,90.26,-0.0
World_Top_10_MarketCap,10,2016,MSFT,SELL,0.0,62.14,0.0
World_Top_10_MarketCap,10,2016,BRK.B,SELL,0.0,162.98,0.0
World_Top_10_MarketCap,10,2016,AMZN,SELL,0.0001,37.49,0.0
World_Top_10_MarketCap,10,2016,XOM,SELL,0.0,90.26,-0.0
World_Top_10_MarketCap,10,2016,MSFT,SELL,0.0,62.14,0.0
World_Top_10_MarketCap,10,2016,BRK.B,SELL,0.0,162.98,0.0
World_Top_10_MarketCap,10,2016,AMZN,SELL,0.0,37.49,0.0
World_Top_10_MarketCap,10,2016,AAPL,BUY,1.1082,28.95,0.0
World_Top_10_MarketCap,10,2016,META,BUY,0.4344,115.05,0.0
World_Top_10_MarketCap,10,2016,JNJ,BUY,0.221,115.21,0.0
World_Top_10_MarketCap,10,2016,JPM,BUY,10.629,86.29,0.0
World_Top_10_MarketCap,10,2016,GOOGL,BUY,2.4964,39.62,0.0
World_Top_10_MarketCap,10,2016,BABA,BUY,0.5588,87.81,0.0
World_Top_10_MarketCap,10,2017,AAPL,SELL,7.967,42.31,117.27
World_Top_10_MarketCap,10,2017,XOM,SELL,12.8712,83.64,-79.33
World_Top_10_MarketCap,10,2017,AMZN,SELL,0.7119,58.47,17.57
World_Top_10_MarketCap,10,2017,META,SELL,0.2625,176.46,18.85
World_Top_10_MarketCap,10,2017,BABA,SELL,1.2622,172.43,115.06
World_Top_10_MarketCap,10,2017,JPM,SELL,0.1616,106.94,3.34
World_Top_10_MarketCap,10,2017,AAPL,SELL,0.4162,42.31,6.13
World_Top_10_MarketCap,10,2017,JNJ,SELL,0.0035,139.72,0.12
World_Top_10_MarketCap,10,2017,AMZN,SELL,0.2151,58.47,5.31
World_Top_10_MarketCap,10,2017,META,SELL,0.0627,176.46,4.5
World_Top_10_MarketCap,10,2017,BABA,SELL,0.0525,172.43,4.79
World_Top_10_MarketCap,10,2017,JPM,SELL,0.0706,106.94,1.46
World_Top_10_MarketCap,10,2017,AAPL,SELL,0.0254,42.31,0.37
World_Top_10_MarketCap,10,2017,JNJ,SELL,0.0035,139.72,0.12
World_Top_10_MarketCap,10,2017,AMZN,SELL,0.0131,58.47,0.32
World_Top_10_MarketCap,10,2017,META,SELL,0.0038,176.46,0.27
World_Top_10_MarketCap,10,2017,BABA,SELL,0.0032,172.43,0.29
World_Top_10_MarketCap,10,2017,JPM,SELL,0.0043,106.94,0.09
World_Top_10_MarketCap,10,2017,AAPL,SELL,0.0017,42.31,0.02
World_Top_10_MarketCap,10,2017,JNJ,SELL,0.0002,139.72,0.01
World_Top_10_MarketCap,10,2017,AMZN,SELL,0.0009,58.47,0.02
World_Top_10_MarketCap,10,2017,META,SELL,0.0003,176.46,0.02
World_Top_10_MarketCap,10,2017,BABA,SELL,0.0002,172.43,0.02
World_Top_10_MarketCap,10,2017,JPM,SELL,0.0003,106.94,0.01
World_Top_10_MarketCap,10,2017,AAPL,SELL,0.0001,42.31,0.0
World_Top_10_MarketCap,10,2017,JNJ,SELL,0.0,139.72,0.0
World_Top_10_MarketCap,10,2017,AMZN,SELL,0.0001,58.47,0.0
World_Top_10_MarketCap,10,2017,META,SELL,0.0,176.46,0.0
World_Top_10_MarketCap,10,2017,BABA,SELL,0.0,172.43,0.0
World_Top_10_MarketCap,10,2017,JPM,SELL,0.0,106.94,0.0
World_Top_10_MarketCap,10,2017,AAPL,SELL,0.0,42.31,0.0
World_Top_10_MarketCap,10,2017,JNJ,SELL,0.0,139.72,0.0
World_Top_10_MarketCap,10,2017,AMZN,SELL,0.0,58.47,0.0
World_Top_10_MarketCap,10,2017,META,SELL,0.0,176.46,0.0
World_Top_10_MarketCap,10,2017,BABA,SELL,0.0,172.43,0.0
World_Top_10_MarketCap,10,2017,JPM,SELL,0.0,106.94,0.0
World_Top_10_MarketCap,10,2017,AAPL,SELL,0.0,42.31,0.0
World_Top_10_MarketCap,10,2017,AMZN,SELL,0.0,58.47,0.0
World_Top_10_MarketCap,10,2017,MSFT,BUY,0.4004,85.54,0.0
World_Top_10_MarketCap,10,2017,GOOGL,BUY,7.9341,52.67,0.0
World_Top_10_MarketCap,10,2017,BRK.B,BUY,0.7238,198.22,0.0
World_Top_10_MarketCap,10,2017,TSM,BUY,31.766,39.65,0.0
World_Top_10_MarketCap,10,2018,AAPL,SELL,1.0517,39.44,12.46
World_Top_10_MarketCap,10,2018,MSFT,SELL,0.6447,101.57,35.53
World_Top_10_MarketCap,10,2018,BRK.B,SELL,0.3143,204.18,16.98
World_Top_10_MarketCap,10,2018,AMZN,SELL,1.8014,75.1,74.41
World_Top_10_MarketCap,10,2018,META,SELL,0.1755,131.09,4.64
World_Top_10_MarketCap,10,2018,TSM,SELL,4.9468,36.91,-13.55
World_Top_10_MarketCap,10,2018,AAPL,SELL,0.3542,39.44,4.2
World_Top_10_MarketCap,10,2018,MSFT,SELL,0.149,101.57,8.21
World_Top_10_MarketCap,10,2018,BRK.B,SELL,0.0399,204.18,2.16
World_Top_10_MarketCap,10,2018,AMZN,SELL,0.1757,75.1,7.26
World_Top_10_MarketCap,10,2018,META,SELL,0.0533,131.09,1.41
World_Top_10_MarketCap,10,2018,TSM,SELL,0.1577,36.91,-0.43
World_Top_10_MarketCap,10,2018,AAPL,SELL,0.0255,39.44,0.3
World_Top_10_MarketCap,10,2018,MSFT,SELL,0.0107,101.57,0.59
World_Top_10_MarketCap,10,2018,BRK.B,SELL,0.0029,204.18,0.16
World_Top_10_MarketCap,10,2018,AMZN,SELL,0.0126,75.1,0.52
World_Top_10_MarketCap,10,2018,META,SELL,0.0038,131.09,0.1
World_Top_10_MarketCap,10,2018,TSM,SELL,0.0113,36.91,-0.03
World_Top_10_MarketCap,10,2018,AAPL,SELL,0.0018,39.44,0.02
World_Top_10_MarketCap,10,2018,MSFT,SELL,0.0008,101.57,0.04
World_Top_10_MarketCap,10,2018,BRK.B,SELL,0.0002,204.18,0.01
World_Top_10_MarketCap,10,2018,AMZN,SELL,0.0009,75.1,0.04
World_Top_10_MarketCap,10,2018,META,SELL,0.0003,131.09,0.01
World_Top_10_MarketCap,10,2018,TSM,SELL,0.0008,36.91,-0.0
World_Top_10_MarketCap,10,2018,AAPL,SELL,0.0001,39.44,0.0
World_Top_10_MarketCap,10,2018,MSFT,SELL,0.0001,101.57,0.0
World_Top_10_MarketCap,10,2018,BRK.B,SELL,0.0,204.18,0.0
World_Top_10_MarketCap,10,2018,AMZN,SELL,0.0001,75.1,0.0
World_Top_10_MarketCap,10,2018,META,SELL,0.0,131.09,0.0
World_Top_10_MarketCap,10,2018,TSM,SELL,0.0001,36.91,-0.0
World_Top_10_MarketCap,10,2018,AAPL,SELL,0.0,39.44,0.0
World_Top_10_MarketCap,10,2018,MSFT,SELL,0.0,101.57,0.0
World_Top_10_MarketCap,10,2018,BRK.B,SELL,0.0,204.18,0.0
World_Top_10_MarketCap,10,2018,AMZN,SELL,0.0,75.1,0.0
World_Top_10_MarketCap,10,2018,META,SELL,0.0,131.09,0.0
World_Top_10_MarketCap,10,2018,TSM,SELL,0.0,36.91,-0.0
World_Top_10_MarketCap,10,2018,AAPL,SELL,0.0,39.44,0.0
World_Top_10_MarketCap,10,2018,MSFT,SELL,0.0,101.57,0.0
World_Top_10_MarketCap,10,2018,AMZN,SELL,0.0,75.1,0.0
World_Top_10_MarketCap,10,2018,META,SELL,0.0,131.09,0.0
World_Top_10_MarketCap,10,2018,TSM,SELL,0.0,36.91,-0.0
World_Top_10_MarketCap,10,2018,GOOGL,BUY,8.1106,52.25,0.0
World_Top_10_MarketCap,10,2018,JNJ,BUY,1.1702,129.05,0.0
World_Top_10_MarketCap,10,2018,BABA,BUY,0.3987,137.07,0.0
World_Top_10_MarketCap,10,2018,JPM,BUY,0.3556,97.62,0.0
World_Top_10_MarketCap,10,2019,AAPL,SELL,5.9053,73.41,270.58
World_Top_10_MarketCap,10,2019,MSFT,SELL,0.6357,157.7,70.72
World_Top_10_MarketCap,10,2019,JNJ,SELL,0.3986,145.87,16.46
World_Top_10_MarketCap,10,2019,GOOGL,SELL,2.7054,66.97,109.41
World_Top_10_MarketCap,10,2019,JPM,SELL,0.4165,139.4,22.12
World_Top_10_MarketCap,10,2019,AAPL,SELL,0.4893,73.41,22.42
World_Top_10_MarketCap,10,2019,MSFT,SELL,0.2226,157.7,24.77
World_Top_10_MarketCap,10,2019,JNJ,SELL,0.084,145.87,3.47
World_Top_10_MarketCap,10,2019,GOOGL,SELL,0.317,66.97,12.82
World_Top_10_MarketCap,10,2019,JPM,SELL,0.0937,139.4,4.98
World_Top_10_MarketCap,10,2019,AAPL,SELL,0.0473,73.41,2.17
World_Top_10_MarketCap,10,2019,MSFT,SELL,0.0215,157.7,2.4
World_Top_10_MarketCap,10,2019,JNJ,SELL,0.0081,145.87,0.34
World_Top_10_MarketCap,10,2019,GOOGL,SELL,0.0307,66.97,1.24
World_Top_10_MarketCap,10,2019,JPM,SELL,0.0091,139.4,0.48
World_Top_10_MarketCap,10,2019,AAPL,SELL,0.0046,73.41,0.21
World_Top_10_MarketCap,10,2019,MSFT,SELL,0.0021,157.7,0.23
World_Top_10_MarketCap,10,2019,JNJ,SELL,0.0008,145.87,0.03
World_Top_10_MarketCap,10,2019,GOOGL,SELL,0.003,66.97,0.12
World_Top_10_MarketCap,10,2019,JPM,SELL,0.0009,139.4,0.05
World_Top_10_MarketCap,10,2019,AAPL,SELL,0.0004,73.41,0.02
World_Top_10_MarketCap,10,2019,MSFT,SELL,0.0002,157.7,0.02
World_Top_10_MarketCap,10,2019,JNJ,SELL,0.0001,145.87,0.0
World_Top_10_MarketCap,10,2019,GOOGL,SELL,0.0003,66.97,0.01
World_Top_10_MarketCap,10,2019,JPM,SELL,0.0001,139.4,0.0
World_Top_10_MarketCap,10,2019,AAPL,SELL,0.0,73.41,0.0
World_Top_10_MarketCap,10,2019,MSFT,SELL,0.0,157.7,0.0
World_Top_10_MarketCap,10,2019,JNJ,SELL,0.0,145.87,0.0
World_Top_10_MarketCap,10,2019,GOOGL,SELL,0.0,66.97,0.0
World_Top_10_MarketCap,10,2019,JPM,SELL,0.0,139.4,0.0
World_Top_10_MarketCap,10,2019,AAPL,SELL,0.0,73.41,0.0
World_Top_10_MarketCap,10,2019,MSFT,SELL,0.0,157.7,0.0
World_Top_10_MarketCap,10,2019,JNJ,SELL,0.0,145.87,0.0
World_Top_10_MarketCap,10,2019,GOOGL,SELL,0.0,66.97,0.0
World_Top_10_MarketCap,10,2019,JPM,SELL,0.0,139.4,0.0
World_Top_10_MarketCap,10,2019,AAPL,SELL,0.0,73.41,0.0
World_Top_10_MarketCap,10,2019,MSFT,SELL,0.0,157.7,0.0
World_Top_10_MarketCap,10,2019,GOOGL,SELL,0.0,66.97,0.0
World_Top_10_MarketCap,10,2019,AMZN,BUY,0.2107,92.39,0.0
World_Top_10_MarketCap,10,2019,META,BUY,2.7176,205.25,0.0
World_Top_10_MarketCap,10,2019,BABA,BUY,0.6896,212.1,0.0
World_Top_10_MarketCap,10,2019,BRK.B,BUY,0.7304,226.5,0.0
World_Top_10_MarketCap,10,2019,TSM,BUY,0.9571,58.1,0.0
World_Top_10_MarketCap,10,2020,BRK.B,SELL,0.7738,231.87,63.24
World_Top_10_MarketCap,10,2020,JNJ,SELL,0.0498,157.38,2.63
World_Top_10_MarketCap,10,2020,META,SELL,2.5334,273.16,426.87
World_Top_10_MarketCap,10,2020,BABA,SELL,1.6327,232.73,247.3
World_Top_10_MarketCap,10,2020,JPM,SELL,10.2275,127.07,413.05
World_Top_10_MarketCap,10,2020,TSM,SELL,6.7804,109.04,470.49
World_Top_10_MarketCap,10,2020,BRK.B,SELL,0.1108,231.87,9.05
World_Top_10_MarketCap,10,2020,JNJ,SELL,0.1507,157.38,7.96
World_Top_10_MarketCap,10,2020,AMZN,SELL,0.3052,162.85,39.39
World_Top_10_MarketCap,10,2020,META,SELL,0.1519,273.16,25.6
World_Top_10_MarketCap,10,2020,BABA,SELL,0.1189,232.73,18.01
World_Top_10_MarketCap,10,2020,TSM,SELL,0.3443,109.04,23.89
World_Top_10_MarketCap,10,2020,BRK.B,SELL,0.0075,231.87,0.61
World_Top_10_MarketCap,10,2020,JNJ,SELL,0.0102,157.38,0.54
World_Top_10_MarketCap,10,2020,AMZN,SELL,0.0335,162.85,4.33
World_Top_10_MarketCap,10,2020,META,SELL,0.0102,273.16,1.73
World_Top_10_MarketCap,10,2020,BABA,SELL,0.008,232.73,1.21
World_Top_10_MarketCap,10,2020,TSM,SELL,0.0232,109.04,1.61
World_Top_10_MarketCap,10,2020,BRK.B,SELL,0.0006,231.87,0.05
World_Top_10_MarketCap,10,2020,JNJ,SELL,0.0008,157.38,0.04
World_Top_10_MarketCap,10,2020,AMZN,SELL,0.0027,162.85,0.35
World_Top_10_MarketCap,10,2020,META,SELL,0.0008,273.16,0.14
World_Top_10_MarketCap,10,2020,BABA,SELL,0.0006,232.73,0.1
World_Top_10_MarketCap,10,2020,TSM,SELL,0.0019,109.04,0.13
World_Top_10_MarketCap,10,2020,BRK.B,SELL,0.0,231.87,0.0
World_Top_10_MarketCap,10,2020,JNJ,SELL,0.0001,157.38,0.0
World_Top_10_MarketCap,10,2020,AMZN,SELL,0.0002,162.85,0.03
World_Top_10_MarketCap,10,2020,META,SELL,0.0001,273.16,0.01
World_Top_10_MarketCap,10,2020,BABA,SELL,0.0001,232.73,0.01
World_Top_10_MarketCap,10,2020,TSM,SELL,0.0002,109.04,0.01
World_Top_10_MarketCap,10,2020,BRK.B,SELL,0.0,231.87,0.0
World_Top_10_MarketCap,10,2020,JNJ,SELL,0.0,157.38,0.0
World_Top_10_MarketCap,10,2020,AMZN,SELL,0.0,162.85,0.0
World_Top_10_MarketCap,10,2020,META,SELL,0.0,273.16,0.0
World_Top_10_MarketCap,10,2020,BABA,SELL,0.0,232.73,0.0
World_Top_10_MarketCap,10,2020,TSM,SELL,0.0,109.04,0.0
World_Top_10_MarketCap,10,2020,BRK.B,SELL,0.0,231.87,0.0
World_Top_10_MarketCap,10,2020,JNJ,SELL,0.0,157.38,0.0
World_Top_10_MarketCap,10,2020,AMZN,SELL,0.0,162.85,0.0
World_Top_10_MarketCap,10,2020,META,SELL,0.0,273.16,0.0
World_Top_10_MarketCap,10,2020,BABA,SELL,0.0,232.73,0.0
World_Top_10_MarketCap,10,2020,TSM,SELL,0.0,109.04,0.0
World_Top_10_MarketCap,10,2020,AMZN,SELL,0.0,162.85,0.0
World_Top_10_MarketCap,10,2020,AAPL,BUY,1.4463,132.69,0.0
World_Top_10_MarketCap,10,2020,MSFT,BUY,2.0943,222.42,0.0
World_Top_10_MarketCap,10,2020,GOOGL,BUY,5.5967,87.63,0.0
World_Top_10_MarketCap,10,2020,TSLA,BUY,8.4847,235.22,0.0
World_Top_10_MarketCap,10,2021,AAPL,SELL,5.7471,177.57,861.95
World_Top_10_MarketCap,10,2021,MSFT,SELL,2.894,336.32,838.87
World_Top_10_MarketCap,10,2021,JNJ,SELL,8.9514,171.07,564.27
World_Top_10_MarketCap,10,2021,GOOGL,SELL,2.5657,144.85,303.57
World_Top_10_MarketCap,10,2021,AMZN,SELL,0.136,166.72,18.08
World_Top_10_MarketCap,10,2021,META,SELL,0.1134,336.35,26.28
World_Top_10_MarketCap,10,2021,BABA,SELL,7.0621,118.79,148.85
World_Top_10_MarketCap,10,2021,TSM,SELL,0.0714,120.31,5.76
World_Top_10_MarketCap,10,2021,AAPL,SELL,1.0263,177.57,153.93
World_Top_10_MarketCap,10,2021,MSFT,SELL,0.4911,336.32,142.35
World_Top_10_MarketCap,10,2021,GOOGL,SELL,0.7864,144.85,93.04
World_Top_10_MarketCap,10,2021,AMZN,SELL,0.6149,166.72,81.74
World_Top_10_MarketCap,10,2021,META,SELL,0.1863,336.35,43.15
World_Top_10_MarketCap,10,2021,TSM,SELL,0.426,120.31,34.36
World_Top_10_MarketCap,10,2021,AAPL,SELL,0.1907,177.57,28.6
World_Top_10_MarketCap,10,2021,MSFT,SELL,0.0913,336.32,26.45
World_Top_10_MarketCap,10,2021,GOOGL,SELL,0.1461,144.85,17.29
World_Top_10_MarketCap,10,2021,AMZN,SELL,0.1143,166.72,15.19
World_Top_10_MarketCap,10,2021,META,SELL,0.0346,336.35,8.02
World_Top_10_MarketCap,10,2021,TSM,SELL,0.0792,120.31,6.39
World_Top_10_MarketCap,10,2021,AAPL,SELL,0.0354,177.57,5.32
World_Top_10_MarketCap,10,2021,MSFT,SELL,0.017,336.32,4.92
World_Top_10_MarketCap,10,2021,GOOGL,SELL,0.0272,144.85,3.21
World_Top_10_MarketCap,10,2021,AMZN,SELL,0.0212,166.72,2.82
World_Top_10_MarketCap,10,2021,META,SELL,0.0064,336.35,1.49
World_Top_10_MarketCap,10,2021,TSM,SELL,0.0147,120.31,1.19
World_Top_10_MarketCap,10,2021,AAPL,SELL,0.0066,177.57,0.99
World_Top_10_MarketCap,10,2021,MSFT,SELL,0.0032,336.32,0.91
World_Top_10_MarketCap,10,2021,GOOGL,SELL,0.005,144.85,0.6
World_Top_10_MarketCap,10,2021,AMZN,SELL,0.0039,166.72,0.52
World_Top_10_MarketCap,10,2021,META,SELL,0.0012,336.35,0.28
World_Top_10_MarketCap,10,2021,TSM,SELL,0.0027,120.31,0.22
World_Top_10_MarketCap,10,2021,AAPL,SELL,0.0012,177.57,0.18
World_Top_10_MarketCap,10,2021,MSFT,SELL,0.0006,336.32,0.17
World_Top_10_MarketCap,10,2021,GOOGL,SELL,0.0009,144.85,0.11
World_Top_10_MarketCap,10,2021,AMZN,SELL,0.0007,166.72,0.1
World_Top_10_MarketCap,10,2021,META,SELL,0.0002,336.35,0.05
World_Top_10_MarketCap,10,2021,TSM,SELL,0.0005,120.31,0.04
World_Top_10_MarketCap,10,2021,AAPL,SELL,0.0002,177.57,0.03
World_Top_10_MarketCap,10,2021,MSFT,SELL,0.0001,336.32,0.03
World_Top_10_MarketCap,10,2021,GOOGL,SELL,0.0002,144.85,0.02
World_Top_10_MarketCap,10,2021,AMZN,SELL,0.0001,166.72,0.02
World_Top_10_MarketCap,10,2021,META,SELL,0.0,336.35,0.01
World_Top_10_MarketCap,10,2021,TSM,SELL,0.0001,120.31,0.01
World_Top_10_MarketCap,10,2021,AAPL,SELL,0.0,177.57,0.01
World_Top_10_MarketCap,10,2021,MSFT,SELL,0.0,336.32,0.01
World_Top_10_MarketCap,10,2021,GOOGL,SELL,0.0,144.85,0.0
World_Top_10_MarketCap,10,2021,AMZN,SELL,0.0,166.72,0.0
World_Top_10_MarketCap,10,2021,META,SELL,0.0,336.35,0.0
World_Top_10_MarketCap,10,2021,TSM,SELL,0.0,120.31,0.0
World_Top_10_MarketCap,10,2021,AAPL,SELL,0.0,177.57,0.0
World_Top_10_MarketCap,10,2021,MSFT,SELL,0.0,336.32,0.0
World_Top_10_MarketCap,10,2021,GOOGL,SELL,0.0,144.85,0.0
World_Top_10_MarketCap,10,2021,AMZN,SELL,0.0,166.72,0.0
World_Top_10_MarketCap,10,2021,META,SELL,0.0,336.35,0.0
World_Top_10_MarketCap,10,2021,TSM,SELL,0.0,120.31,0.0
World_Top_10_MarketCap,10,2021,AAPL,SELL,0.0,177.57,0.0
World_Top_10_MarketCap,10,2021,MSFT,SELL,0.0,336.32,0.0
World_Top_10_MarketCap,10,2021,GOOGL,SELL,0.0,144.85,0.0
World_Top_10_MarketCap,10,2021,AMZN,SELL,0.0,166.72,0.0
World_Top_10_MarketCap,10,2021,META,SELL,0.0,336.35,0.0
World_Top_10_MarketCap,10,2021,TSM,SELL,0.0,120.31,0.0
World_Top_10_MarketCap,10,2021,AAPL,SELL,0.0,177.57,0.0
World_Top_10_MarketCap,10,2021,MSFT,SELL,0.0,336.32,0.0
World_Top_10_MarketCap,10,2021,GOOGL,SELL,0.0,144.85,0.0
World_Top_10_MarketCap,10,2021,AMZN,SELL,0.0,166.72,0.0
World_Top_10_MarketCap,10,2021,TSM,SELL,0.0,120.31,0.0
World_Top_10_MarketCap,10,2021,TSLA,BUY,0.1831,352.26,0.0
World_Top_10_MarketCap,10,2021,NVDA,BUY,85.7636,29.41,0.0
World_Top_10_MarketCap,10,2021,BRK.B,BUY,0.5218,299.0,0.0
World_Top_10_MarketCap,10,2021,ASML,BUY,2.5012,796.14,0.0
World_Top_10_MarketCap,10,2022,AAPL,SELL,4.4282,129.93,453.18
World_Top_10_MarketCap,10,2022,MSFT,SELL,1.3639,239.82,263.74
World_Top_10_MarketCap,10,2022,BRK.B,SELL,1.2226,308.9,194.08
World_Top_10_MarketCap,10,2022,GOOGL,SELL,0.8965,88.23,55.32
World_Top_10_MarketCap,10,2022,META,SELL,8.6831,120.34,-141.73
World_Top_10_MarketCap,10,2022,TSM,SELL,1.8909,74.49,65.88
World_Top_10_MarketCap,10,2022,TSLA,SELL,8.6678,123.18,-992.57
World_Top_10_MarketCap,10,2022,NVDA,SELL,85.7636,14.61,-1269.3
World_Top_10_MarketCap,10,2022,ASML,SELL,2.5012,546.4,-624.65
World_Top_10_MarketCap,10,2022,AAPL,SELL,0.0787,129.93,8.05
World_Top_10_MarketCap,10,2022,MSFT,SELL,0.039,239.82,7.54
World_Top_10_MarketCap,10,2022,BRK.B,SELL,0.0107,308.9,1.69
World_Top_10_MarketCap,10,2022,GOOGL,SELL,0.0648,88.23,4.0
World_Top_10_MarketCap,10,2022,TSM,SELL,0.0326,74.49,1.13
World_Top_10_MarketCap,10,2022,AMZN,BUY,0.8766,84.0,0.0
World_Top_10_MarketCap,10,2022,UNH,BUY,3.2404,530.18,0.0
World_Top_10_MarketCap,10,2022,XOM,BUY,14.7103,110.3,0.0
World_Top_10_MarketCap,10,2022,JNJ,BUY,8.6448,176.65,0.0
World_Top_10_MarketCap,10,2022,JPM,BUY,10.676,134.1,0.0
World_Top_10_MarketCap,10,2023,AAPL,SELL,2.8918,192.53,476.97
World_Top_10_MarketCap,10,2023,MSFT,SELL,0.1345,376.04,44.34
World_Top_10_MarketCap,10,2023,GOOGL,SELL,18.2767,139.69,1925.21
World_Top_10_MarketCap,10,2023,AMZN,SELL,4.716,151.94,557.2
World_Top_10_MarketCap,10,2023,TSM,SELL,0.3882,104.0,24.98
World_Top_10_MarketCap,10,2023,UNH,SELL,3.2404,526.47,-12.02
World_Top_10_MarketCap,10,2023,XOM,SELL,14.7103,99.98,-151.81
World_Top_10_MarketCap,10,2023,JNJ,SELL,8.6448,156.74,-172.12
World_Top_10_MarketCap,10,2023,JPM,SELL,10.676,170.1,384.34
World_Top_10_MarketCap,10,2023,AAPL,SELL,0.4652,192.53,76.72
World_Top_10_MarketCap,10,2023,MSFT,SELL,0.2456,376.04,80.95
World_Top_10_MarketCap,10,2023,GOOGL,SELL,0.2003,139.69,17.43
World_Top_10_MarketCap,10,2023,AMZN,SELL,0.2855,151.94,33.73
World_Top_10_MarketCap,10,2023,TSM,SELL,0.2018,104.0,12.99
World_Top_10_MarketCap,10,2023,AAPL,SELL,0.0737,192.53,12.16
World_Top_10_MarketCap,10,2023,MSFT,SELL,0.0389,376.04,12.83
World_Top_10_MarketCap,10,2023,GOOGL,SELL,0.0318,139.69,2.76
World_Top_10_MarketCap,10,2023,AMZN,SELL,0.0453,151.94,5.35
World_Top_10_MarketCap,10,2023,TSM,SELL,0.032,104.0,2.06
World_Top_10_MarketCap,10,2023,AAPL,SELL,0.0117,192.53,1.93
World_Top_10_MarketCap,10,2023,MSFT,SELL,0.0062,376.04,2.03
World_Top_10_MarketCap,10,2023,GOOGL,SELL,0.005,139.69,0.44
World_Top_10_MarketCap,10,2023,AMZN,SELL,0.0072,151.94,0.85
World_Top_10_MarketCap,10,2023,TSM,SELL,0.0051,104.0,0.33
World_Top_10_MarketCap,10,2023,AAPL,SELL,0.0019,192.53,0.31
World_Top_10_MarketCap,10,2023,MSFT,SELL,0.001,376.04,0.32
World_Top_10_MarketCap,10,2023,GOOGL,SELL,0.0008,139.69,0.07
World_Top_10_MarketCap,10,2023,AMZN,SELL,0.0011,151.94,0.13
World_Top_10_MarketCap,10,2023,TSM,SELL,0.0008,104.0,0.05
World_Top_10_MarketCap,10,2023,AAPL,SELL,0.0003,192.53,0.05
World_Top_10_MarketCap,10,2023,MSFT,SELL,0.0002,376.04,0.05
World_Top_10_MarketCap,10,2023,GOOGL,SELL,0.0001,139.69,0.01
World_Top_10_MarketCap,10,2023,AMZN,SELL,0.0002,151.94,0.02
World_Top_10_MarketCap,10,2023,TSM,SELL,0.0001,104.0,0.01
World_Top_10_MarketCap,10,2023,AAPL,SELL,0.0,192.53,0.01
World_Top_10_MarketCap,10,2023,MSFT,SELL,0.0,376.04,0.01
World_Top_10_MarketCap,10,2023,GOOGL,SELL,0.0,139.69,0.0
World_Top_10_MarketCap,10,2023,AMZN,SELL,0.0,151.94,0.0
World_Top_10_MarketCap,10,2023,TSM,SELL,0.0,104.0,0.0
World_Top_10_MarketCap,10,2023,AAPL,SELL,0.0,192.53,0.0
World_Top_10_MarketCap,10,2023,MSFT,SELL,0.0,376.04,0.0
World_Top_10_MarketCap,10,2023,GOOGL,SELL,0.0,139.69,0.0
World_Top_10_MarketCap,10,2023,AMZN,SELL,0.0,151.94,0.0
World_Top_10_MarketCap,10,2023,TSM,SELL,0.0,104.0,0.0
World_Top_10_MarketCap,10,2023,AAPL,SELL,0.0,192.53,0.0
World_Top_10_MarketCap,10,2023,MSFT,SELL,0.0,376.04,0.0
World_Top_10_MarketCap,10,2023,GOOGL,SELL,0.0,139.69,0.0
World_Top_10_MarketCap,10,2023,AMZN,SELL,0.0,151.94,0.0
World_Top_10_MarketCap,10,2023,TSM,SELL,0.0,104.0,0.0
World_Top_10_MarketCap,10,2023,AAPL,SELL,0.0,192.53,0.0
World_Top_10_MarketCap,10,2023,AMZN,SELL,0.0,151.94,0.0
World_Top_10_MarketCap,10,2023,MSFT,SELL,0.0,376.04,0.0
World_Top_10_MarketCap,10,2023,NVDA,BUY,79.979,49.52,0.0
World_Top_10_MarketCap,10,2023,META,BUY,7.1205,353.96,0.0
World_Top_10_MarketCap,10,2023,BRK.B,BUY,0.5229,356.66,0.0
World_Top_10_MarketCap,10,2023,TSLA,BUY,8.2111,248.48,0.0
World_Top_10_MarketCap,10,2023,NVO,BUY,16.242,103.45,0.0
World_Top_10_MarketCap,10,2024,BRK.B,SELL,0.4952,453.28,150.12
World_Top_10_MarketCap,10,2024,TSM,SELL,2.1796,197.49,344.03
World_Top_10_MarketCap,10,2024,NVDA,SELL,5.0271,134.29,426.15
World_Top_10_MarketCap,10,2024,META,SELL,0.1368,585.51,31.67
World_Top_10_MarketCap,10,2024,TSLA,SELL,1.9801,403.84,307.63
World_Top_10_MarketCap,10,2024,NVO,SELL,16.242,86.02,-283.1
World_Top_10_MarketCap,10,2024,BRK.B,SELL,0.0387,453.28,11.72
World_Top_10_MarketCap,10,2024,TSM,SELL,0.0992,197.49,15.66
World_Top_10_MarketCap,10,2024,NVDA,SELL,0.4914,134.29,41.66
World_Top_10_MarketCap,10,2024,META,SELL,0.0458,585.51,10.6
World_Top_10_MarketCap,10,2024,TSLA,SELL,0.0409,403.84,6.35
World_Top_10_MarketCap,10,2024,BRK.B,SELL,0.0028,453.28,0.86
World_Top_10_MarketCap,10,2024,TSM,SELL,0.0073,197.49,1.15
World_Top_10_MarketCap,10,2024,NVDA,SELL,0.0361,134.29,3.06
World_Top_10_MarketCap,10,2024,META,SELL,0.0034,585.51,0.78
World_Top_10_MarketCap,10,2024,TSLA,SELL,0.003,403.84,0.47
World_Top_10_MarketCap,10,2024,BRK.B,SELL,0.0002,453.28,0.06
World_Top_10_MarketCap,10,2024,TSM,SELL,0.0005,197.49,0.08
World_Top_10_MarketCap,10,2024,NVDA,SELL,0.0026,134.29,0.22
World_Top_10_MarketCap,10,2024,META,SELL,0.0002,585.51,0.06
World_Top_10_MarketCap,10,2024,TSLA,SELL,0.0002,403.84,0.03
World_Top_10_MarketCap,10,2024,BRK.B,SELL,0.0,453.28,0.0
World_Top_10_MarketCap,10,2024,TSM,SELL,0.0,197.49,0.01
World_Top_10_MarketCap,10,2024,NVDA,SELL,0.0002,134.29,0.02
World_Top_10_MarketCap,10,2024,META,SELL,0.0,585.51,0.0
World_Top_10_MarketCap,10,2024,TSLA,SELL,0.0,403.84,0.0
World_Top_10_MarketCap,10,2024,BRK.B,SELL,0.0,453.28,0.0
World_Top_10_MarketCap,10,2024,TSM,SELL,0.0,197.49,0.0
World_Top_10_MarketCap,10,2024,NVDA,SELL,0.0,134.29,0.0
World_Top_10_MarketCap,10,2024,META,SELL,0.0,585.51,0.0
World_Top_10_MarketCap,10,2024,TSLA,SELL,0.0,403.84,0.0
World_Top_10_MarketCap,10,2024,TSM,SELL,0.0,197.49,0.0
World_Top_10_MarketCap,10,2024,NVDA,SELL,0.0,134.29,0.0
World_Top_10_MarketCap,10,2024,META,SELL,0.0,585.51,0.0
World_Top_10_MarketCap,10,2024,AAPL,BUY,1.2609,250.42,0.0
World_Top_10_MarketCap,10,2024,MSFT,BUY,1.5347,421.5,0.0
World_Top_10_MarketCap,10,2024,AMZN,BUY,1.1373,219.39,0.0
World_Top_10_MarketCap,10,2024,GOOGL,BUY,0.9649,189.3,0.0
World_Top_10_MarketCap,10,2024,AVGO,BUY,9.4298,231.84,0.0
Top_3_MarketCap,3,2004,GE,BUY,20.8429,174.92,0.0
Top_3_MarketCap,3,2004,XOM,BUY,67.0601,51.26,0.0
Top_3_MarketCap,3,2004,MSFT,BUY,109.1567,26.72,0.0
Top_3_MarketCap,3,2005,MSFT,SELL,0.3806,26.15,-0.22
Top_3_MarketCap,3,2005,MSFT,SELL,0.6393,26.15,-0.36
Top_3_MarketCap,3,2005,XOM,BUY,1.9287,56.17,0.0
Top_3_MarketCap,3,2005,GE,BUY,0.3568,167.97,0.0
Top_3_MarketCap,3,2006,XOM,SELL,6.2309,76.63,158.08
Top_3_MarketCap,3,2006,XOM,SELL,0.5867,76.63,14.89
Top_3_MarketCap,3,2006,XOM,SELL,0.0224,76.63,0.57
Top_3_MarketCap,3,2006,XOM,SELL,0.0009,76.63,0.02
Top_3_MarketCap,3,2006,XOM,SELL,0.0,76.63,0.0
Top_3_MarketCap,3,2006,XOM,SELL,0.0,76.63,0.0
Top_3_MarketCap,3,2006,GE,BUY,1.992,178.33,0.0
Top_3_MarketCap,3,2006,MSFT,BUY,9.3827,29.86,0.0
Top_3_MarketCap,3,2007,MSFT,SELL,4.8242,35.6,42.84
Top_3_MarketCap,3,2007,MSFT,SELL,0.7143,35.6,6.34
Top_3_MarketCap,3,2007,MSFT,SELL,0.0149,35.6,0.13
Top_3_MarketCap,3,2007,MSFT,SELL,0.0003,35.6,0.0
Top_3_MarketCap,3,2007,MSFT,SELL,0.0,35.6,0.0
Top_3_MarketCap,3,2007,MSFT,SELL,0.0,35.6,0.0
Top_3_MarketCap,3,2007,XOM,BUY,0.9351,93.69,0.0
Top_3_MarketCap,3,2007,GE,BUY,1.5654,177.66,0.0
Top_3_MarketCap,3,2008,GE,SELL,24.757,77.64,-2416.96
Top_3_MarketCap,3,2008,XOM,SELL,4.0133,79.83,114.66
Top_3_MarketCap,3,2008,MSFT,SELL,111.9658,19.44,-844.57
Top_3_MarketCap,3,2008,XOM,SELL,0.5569,79.83,15.91
Top_3_MarketCap,3,2008,WMT,BUY,132.6126,18.69,0.0
Top_3_MarketCap,3,2008,PG,BUY,35.4666,61.82,0.0
Top_3_MarketCap,3,2009,XOM,SELL,4.1328,68.19,69.97
Top_3_MarketCap,3,2009,WMT,SELL,132.6126,17.82,-115.37
Top_3_MarketCap,3,2009,PG,SELL,35.4666,60.63,-42.21
Top_3_MarketCap,3,2009,XOM,SELL,0.3866,68.19,6.55
Top_3_MarketCap,3,2009,MSFT,BUY,89.8934,30.48,0.0
Top_3_MarketCap,3,2009,AAPL,BUY,295.6453,7.53,0.0
Top_3_MarketCap,3,2010,XOM,SELL,1.1212,73.12,24.51
Top_3_MarketCap,3,2010,XOM,SELL,0.2273,73.12,4.97
Top_3_MarketCap,3,2010,AAPL,SELL,0.8085,11.52,3.23
Top_3_MarketCap,3,2010,MSFT,BUY,7.463,27.91,0.0
Top_3_MarketCap,3,2011,XOM,SELL,0.1859,84.76,6.23
Top_3_MarketCap,3,2011,AAPL,SELL,12.2712,14.46,85.04
Top_3_MarketCap,3,2011,XOM,SELL,0.2255,84.76,7.55
Top_3_MarketCap,3,2011,AAPL,SELL,1.2147,14.46,8.42
Top_3_MarketCap,3,2011,MSFT,BUY,13.2663,25.96,0.0
Top_3_MarketCap,3,2012,XOM,SELL,4.4173,86.55,155.89
Top_3_MarketCap,3,2012,MSFT,SELL,110.6227,26.71,-337.9
Top_3_MarketCap,3,2012,XOM,SELL,0.2839,86.55,10.02
Top_3_MarketCap,3,2012,AAPL,BUY,4.866,19.01,0.0
Top_3_MarketCap,3,2012,GOOGL,BUY,194.9367,17.7,0.0
Top_3_MarketCap,3,2013,GOOGL,SELL,26.5128,28.05,274.41
Top_3_MarketCap,3,2013,GOOGL,SELL,0.7385,28.05,7.64
Top_3_MarketCap,3,2013,AAPL,BUY,32.9879,20.04,0.0
Top_3_MarketCap,3,2013,XOM,BUY,2.664,101.2,0.0
Top_3_MarketCap,3,2014,AAPL,SELL,46.5571,27.59,933.94
Top_3_MarketCap,3,2014,GOOGL,SELL,167.6854,26.53,1480.66
Top_3_MarketCap,3,2014,AAPL,SELL,1.2725,27.59,25.53
Top_3_MarketCap,3,2014,XOM,BUY,8.2943,92.45,0.0
Top_3_MarketCap,3,2014,MSFT,BUY,111.937,46.45,0.0
Top_3_MarketCap,3,2015,MSFT,SELL,2.9083,55.48,26.26
Top_3_MarketCap,3,2015,MSFT,SELL,0.8026,55.48,7.25
Top_3_MarketCap,3,2015,AAPL,BUY,13.7875,26.32,0.0
Top_3_MarketCap,3,2015,XOM,BUY,2.032,77.95,0.0
Top_3_MarketCap,3,2016,XOM,SELL,60.5225,90.26,1782.31
Top_3_MarketCap,3,2016,AAPL,BUY,10.6816,28.95,0.0
Top_3_MarketCap,3,2016,MSFT,BUY,1.2263,62.14,0.0
Top_3_MarketCap,3,2016,AMZN,BUY,134.384,37.49,0.0
Top_3_MarketCap,3,2017,AAPL,SELL,15.8828,42.31,552.4
Top_3_MarketCap,3,2017,AAPL,SELL,2.5352,42.31,88.18
Top_3_MarketCap,3,2017,AAPL,SELL,0.2461,42.31,8.56
Top_3_MarketCap,3,2017,AAPL,SELL,0.0239,42.31,0.83
Top_3_MarketCap,3,2017,AAPL,SELL,0.0023,42.31,0.08
Top_3_MarketCap,3,2017,AAPL,SELL,0.0002,42.31,0.01
Top_3_MarketCap,3,2017,AAPL,SELL,0.0,42.31,0.0
Top_3_MarketCap,3,2017,AAPL,SELL,0.0,42.31,0.0
Top_3_MarketCap,3,2017,AAPL,SELL,0.0,42.31,0.0
Top_3_MarketCap,3,2017,MSFT,BUY,5.4038,85.54,0.0
Top_3_MarketCap,3,2017,AMZN,BUY,6.5457,58.47,0.0
Top_3_MarketCap,3,2018,AMZN,SELL,0.9827,75.1,36.96
Top_3_MarketCap,3,2018,AMZN,SELL,0.5376,75.1,20.22
Top_3_MarketCap,3,2018,AMZN,SELL,0.0253,75.1,0.95
Top_3_MarketCap,3,2018,AMZN,SELL,0.0012,75.1,0.04
Top_3_MarketCap,3,2018,AMZN,SELL,0.0001,75.1,0.0
Top_3_MarketCap,3,2018,AMZN,SELL,0.0,75.1,0.0
Top_3_MarketCap,3,2018,AMZN,SELL,0.0,75.1,0.0
Top_3_MarketCap,3,2018,MSFT,BUY,2.5159,101.57,0.0
Top_3_MarketCap,3,2018,AAPL,BUY,2.9979,39.44,0.0
Top_3_MarketCap,3,2019,AAPL,SELL,11.8255,73.41,779.06
Top_3_MarketCap,3,2019,AAPL,SELL,1.8651,73.41,122.87
Top_3_MarketCap,3,2019,AAPL,SELL,0.1888,73.41,12.44
Top_3_MarketCap,3,2019,AAPL,SELL,0.0191,73.41,1.26
Top_3_MarketCap,3,2019,AAPL,SELL,0.0019,73.41,0.13
Top_3_MarketCap,3,2019,AAPL,SELL,0.0002,73.41,0.01
Top_3_MarketCap,3,2019,AAPL,SELL,0.0,73.41,0.0
Top_3_MarketCap,3,2019,AAPL,SELL,0.0,73.41,0.0
Top_3_MarketCap,3,2019,AAPL,SELL,0.0,73.41,0.0
Top_3_MarketCap,3,2019,MSFT,BUY,3.9318,157.7,0.0
Top_3_MarketCap,3,2019,AMZN,BUY,4.6541,92.39,0.0
Top_3_MarketCap,3,2020,AAPL,SELL,0.7463,132.69,93.41
Top_3_MarketCap,3,2020,AMZN,SELL,1.9675,162.85,246.64
Top_3_MarketCap,3,2020,AAPL,SELL,0.7468,132.69,93.48
Top_3_MarketCap,3,2020,AMZN,SELL,0.3996,162.85,50.1
Top_3_MarketCap,3,2020,AAPL,SELL,0.1326,132.69,16.6
Top_3_MarketCap,3,2020,AMZN,SELL,0.071,162.85,8.9
Top_3_MarketCap,3,2020,AAPL,SELL,0.0235,132.69,2.95
Top_3_MarketCap,3,2020,AMZN,SELL,0.0126,162.85,1.58
Top_3_MarketCap,3,2020,AAPL,SELL,0.0042,132.69,0.52
Top_3_MarketCap,3,2020,AMZN,SELL,0.0022,162.85,0.28
Top_3_MarketCap,3,2020,AAPL,SELL,0.0007,132.69,0.09
Top_3_MarketCap,3,2020,AMZN,SELL,0.0004,162.85,0.05
Top_3_MarketCap,3,2020,AAPL,SELL,0.0001,132.69,0.02
Top_3_MarketCap,3,2020,AMZN,SELL,0.0001,162.85,0.01
Top_3_MarketCap,3,2020,AAPL,SELL,0.0,132.69,0.0
Top_3_MarketCap,3,2020,AMZN,SELL,0.0,162.85,0.0
Top_3_MarketCap,3,2020,AAPL,SELL,0.0,132.69,0.0
Top_3_MarketCap,3,2020,AMZN,SELL,0.0,162.85,0.0
Top_3_MarketCap,3,2020,AAPL,SELL,0.0,132.69,0.0
Top_3_MarketCap,3,2020,AMZN,SELL,0.0,162.85,0.0
Top_3_MarketCap,3,2020,AAPL,SELL,0.0,132.69,0.0
Top_3_MarketCap,3,2020,MSFT,BUY,3.5637,222.42,0.0
Top_3_MarketCap,3,2021,AAPL,SELL,10.5585,177.57,1795.37
Top_3_MarketCap,3,2021,MSFT,SELL,4.3478,336.32,1260.29
Top_3_MarketCap,3,2021,AMZN,SELL,141.5835,166.72,17903.99
Top_3_MarketCap,3,2021,AAPL,SELL,14.4711,177.57,2460.67
Top_3_MarketCap,3,2021,MSFT,SELL,6.8653,336.32,1990.06
Top_3_MarketCap,3,2021,AAPL,SELL,2.9991,177.57,509.96
Top_3_MarketCap,3,2021,MSFT,SELL,1.4228,336.32,412.43
Top_3_MarketCap,3,2021,AAPL,SELL,0.6215,177.57,105.69
Top_3_MarketCap,3,2021,MSFT,SELL,0.2949,336.32,85.47
Top_3_MarketCap,3,2021,AAPL,SELL,0.1288,177.57,21.9
Top_3_MarketCap,3,2021,MSFT,SELL,0.0611,336.32,17.71
Top_3_MarketCap,3,2021,AAPL,SELL,0.0267,177.57,4.54
Top_3_MarketCap,3,2021,MSFT,SELL,0.0127,336.32,3.67
Top_3_MarketCap,3,2021,AAPL,SELL,0.0055,177.57,0.94
Top_3_MarketCap,3,2021,MSFT,SELL,0.0026,336.32,0.76
Top_3_MarketCap,3,2021,AAPL,SELL,0.0011,177.57,0.19
Top_3_MarketCap,3,2021,MSFT,SELL,0.0005,336.32,0.16
Top_3_MarketCap,3,2021,AAPL,SELL,0.0002,177.57,0.04
Top_3_MarketCap,3,2021,MSFT,SELL,0.0001,336.32,0.03
Top_3_MarketCap,3,2021,AAPL,SELL,0.0,177.57,0.01
Top_3_MarketCap,3,2021,MSFT,SELL,0.0,336.32,0.01
Top_3_MarketCap,3,2021,AAPL,SELL,0.0,177.57,0.0
Top_3_MarketCap,3,2021,MSFT,SELL,0.0,336.32,0.0
Top_3_MarketCap,3,2021,AAPL,SELL,0.0,177.57,0.0
Top_3_MarketCap,3,2021,MSFT,SELL,0.0,336.32,0.0
Top_3_MarketCap,3,2021,AAPL,SELL,0.0,177.57,0.0
Top_3_MarketCap,3,2021,MSFT,SELL,0.0,336.32,0.0
Top_3_MarketCap,3,2021,GOOGL,BUY,175.9403,144.85,0.0
Top_3_MarketCap,3,2022,AAPL,SELL,4.4175,129.93,540.71
Top_3_MarketCap,3,2022,AAPL,SELL,0.9818,129.93,120.17
Top_3_MarketCap,3,2022,AAPL,SELL,0.1135,129.93,13.89
Top_3_MarketCap,3,2022,AAPL,SELL,0.0131,129.93,1.61
Top_3_MarketCap,3,2022,AAPL,SELL,0.0015,129.93,0.19
Top_3_MarketCap,3,2022,AAPL,SELL,0.0002,129.93,0.02
Top_3_MarketCap,3,2022,AAPL,SELL,0.0,129.93,0.0
Top_3_MarketCap,3,2022,AAPL,SELL,0.0,129.93,0.0
Top_3_MarketCap,3,2022,AAPL,SELL,0.0,129.93,0.0
Top_3_MarketCap,3,2022,MSFT,BUY,1.008,239.82,0.0
Top_3_MarketCap,3,2022,GOOGL,BUY,7.0562,88.23,0.0
Top_3_MarketCap,3,2023,GOOGL,SELL,182.9966,139.69,-544.74
Top_3_MarketCap,3,2023,AAPL,SELL,0.1501,192.53,27.77
Top_3_MarketCap,3,2023,MSFT,BUY,10.1427,376.04,0.0
Top_3_MarketCap,3,2023,NVDA,BUY,447.3176,49.52,0.0
Top_3_MarketCap,3,2024,NVDA,SELL,24.9375,134.29,2113.96
Top_3_MarketCap,3,2024,NVDA,SELL,1.6523,134.29,140.07
Top_3_MarketCap,3,2024,NVDA,SELL,0.1043,134.29,8.84
Top_3_MarketCap,3,2024,NVDA,SELL,0.0066,134.29,0.56
Top_3_MarketCap,3,2024,NVDA,SELL,0.0004,134.29,0.04
Top_3_MarketCap,3,2024,NVDA,SELL,0.0,134.29,0.0
Top_3_MarketCap,3,2024,NVDA,SELL,0.0,134.29,0.0
Top_3_MarketCap,3,2024,NVDA,SELL,0.0,134.29,0.0
Top_3_MarketCap,3,2024,AAPL,BUY,5.4044,250.42,0.0
Top_3_MarketCap,3,2024,MSFT,BUY,5.0859,421.5,0.0
Top_5_MarketCap,5,2004,GE,BUY,13.7994,174.92,0.0
Top_5_MarketCap,5,2004,XOM,BUY,44.3984,51.26,0.0
Top_5_MarketCap,5,2004,MSFT,BUY,72.2693,26.72,0.0
Top_5_MarketCap,5,2004,C,BUY,3.7217,481.8,0.0
Top_5_MarketCap,5,2004,PFE,BUY,62.1798,25.51,0.0
Top_5_MarketCap,5,2005,MSFT,SELL,1.1317,26.15,-0.65
Top_5_MarketCap,5,2005,C,SELL,0.0305,485.3,0.11
Top_5_MarketCap,5,2005,PFE,SELL,62.1798,22.13,-210.17
Top_5_MarketCap,5,2005,MSFT,SELL,0.5147,26.15,-0.29
Top_5_MarketCap,5,2005,C,SELL,0.0267,485.3,0.09
Top_5_MarketCap,5,2005,XOM,BUY,0.6574,56.17,0.0
Top_5_MarketCap,5,2005,GE,BUY,0.0458,167.97,0.0
Top_5_MarketCap,5,2005,PG,BUY,27.1802,57.88,0.0
Top_5_MarketCap,5,2006,XOM,SELL,4.8678,76.63,123.5
Top_5_MarketCap,5,2006,XOM,SELL,0.2565,76.63,6.51
Top_5_MarketCap,5,2006,GE,BUY,1.056,178.33,0.0
Top_5_MarketCap,5,2006,MSFT,BUY,4.8863,29.86,0.0
Top_5_MarketCap,5,2006,C,BUY,0.2389,557.0,0.0
Top_5_MarketCap,5,2006,PG,BUY,1.637,64.27,0.0
Top_5_MarketCap,5,2007,XOM,SELL,1.0189,93.69,43.23
Top_5_MarketCap,5,2007,MSFT,SELL,6.4433,35.6,57.22
Top_5_MarketCap,5,2007,C,SELL,3.9034,294.4,-749.45
Top_5_MarketCap,5,2007,PG,SELL,3.4119,73.42,53.02
Top_5_MarketCap,5,2007,XOM,SELL,0.2692,93.69,11.42
Top_5_MarketCap,5,2007,MSFT,SELL,0.4778,35.6,4.24
Top_5_MarketCap,5,2007,PG,SELL,0.1757,73.42,2.73
Top_5_MarketCap,5,2007,GE,BUY,0.2645,177.66,0.0
Top_5_MarketCap,5,2007,T,BUY,61.6932,31.39,0.0
Top_5_MarketCap,5,2008,XOM,SELL,0.3218,79.83,9.19
Top_5_MarketCap,5,2008,MSFT,SELL,68.5882,19.44,-514.66
Top_5_MarketCap,5,2008,PG,SELL,2.0015,61.82,7.89
Top_5_MarketCap,5,2008,T,SELL,61.6932,21.53,-608.3
Top_5_MarketCap,5,2008,XOM,SELL,0.4171,79.83,11.92
Top_5_MarketCap,5,2008,PG,SELL,0.2528,61.82,1.0
Top_5_MarketCap,5,2008,WMT,BUY,85.9064,18.69,0.0
Top_5_MarketCap,5,2008,JNJ,BUY,22.7073,59.83,0.0
Top_5_MarketCap,5,2008,GE,BUY,1.5374,77.64,0.0
Top_5_MarketCap,5,2009,GE,SELL,16.703,72.51,-1565.01
Top_5_MarketCap,5,2009,XOM,SELL,2.0775,68.19,35.17
Top_5_MarketCap,5,2009,PG,SELL,0.4854,60.63,1.33
Top_5_MarketCap,5,2009,WMT,SELL,85.9064,17.82,-74.74
Top_5_MarketCap,5,2009,JNJ,SELL,2.4193,64.41,11.08
Top_5_MarketCap,5,2009,XOM,SELL,0.2893,68.19,4.9
Top_5_MarketCap,5,2009,PG,SELL,0.1816,60.63,0.5
Top_5_MarketCap,5,2009,JNJ,SELL,0.1638,64.41,0.75
Top_5_MarketCap,5,2009,MSFT,BUY,59.1666,30.48,0.0
Top_5_MarketCap,5,2009,AAPL,BUY,194.5899,7.53,0.0
Top_5_MarketCap,5,2010,XOM,SELL,1.8343,73.12,40.1
Top_5_MarketCap,5,2010,PG,SELL,22.3083,64.33,133.43
Top_5_MarketCap,5,2010,JNJ,SELL,20.1241,61.85,40.65
Top_5_MarketCap,5,2010,AAPL,SELL,5.834,11.52,23.28
Top_5_MarketCap,5,2010,XOM,SELL,0.1935,73.12,4.23
Top_5_MarketCap,5,2010,AAPL,SELL,1.0835,11.52,4.32
Top_5_MarketCap,5,2010,MSFT,BUY,2.8036,27.91,0.0
Top_5_MarketCap,5,2010,GE,BUY,17.2663,87.65,0.0
Top_5_MarketCap,5,2010,CVX,BUY,15.7953,91.25,0.0
Top_5_MarketCap,5,2011,XOM,SELL,0.6807,84.76,22.8
Top_5_MarketCap,5,2011,AAPL,SELL,10.8401,14.46,75.12
Top_5_MarketCap,5,2011,GE,SELL,17.2663,85.83,-31.42
Top_5_MarketCap,5,2011,CVX,SELL,0.2453,106.4,3.72
Top_5_MarketCap,5,2011,XOM,SELL,0.1903,84.76,6.37
Top_5_MarketCap,5,2011,AAPL,SELL,1.0249,14.46,7.1
Top_5_MarketCap,5,2011,CVX,SELL,0.0901,106.4,1.37
Top_5_MarketCap,5,2011,MSFT,BUY,7.1544,25.96,0.0
Top_5_MarketCap,5,2011,IBM,BUY,9.7827,175.79,0.0
Top_5_MarketCap,5,2012,XOM,SELL,3.4786,86.55,122.76
Top_5_MarketCap,5,2012,AAPL,SELL,0.2171,19.01,2.49
Top_5_MarketCap,5,2012,CVX,SELL,15.4599,108.14,261.12
Top_5_MarketCap,5,2012,IBM,SELL,9.7827,183.13,71.81
Top_5_MarketCap,5,2012,XOM,SELL,0.1843,86.55,6.5
Top_5_MarketCap,5,2012,AAPL,SELL,1.1095,19.01,12.74
Top_5_MarketCap,5,2012,GOOGL,BUY,118.8354,17.7,0.0
Top_5_MarketCap,5,2012,MSFT,BUY,3.5668,26.71,0.0
Top_5_MarketCap,5,2012,BRK.B,BUY,19.8416,89.7,0.0
Top_5_MarketCap,5,2013,GOOGL,SELL,17.2215,28.05,178.24
Top_5_MarketCap,5,2013,GOOGL,SELL,0.4361,28.05,4.51
Top_5_MarketCap,5,2013,AAPL,BUY,18.1206,20.04,0.0
Top_5_MarketCap,5,2013,XOM,BUY,1.3112,101.2,0.0
Top_5_MarketCap,5,2013,MSFT,BUY,0.1371,37.41,0.0
Top_5_MarketCap,5,2013,BRK.B,BUY,1.2235,118.56,0.0
Top_5_MarketCap,5,2014,MSFT,SELL,0.5256,46.45,8.39
Top_5_MarketCap,5,2014,AAPL,SELL,17.3133,27.59,347.3
Top_5_MarketCap,5,2014,GOOGL,SELL,101.1778,26.53,893.4
Top_5_MarketCap,5,2014,BRK.B,SELL,0.487,150.15,29.44
Top_5_MarketCap,5,2014,MSFT,SELL,0.3136,46.45,5.01
Top_5_MarketCap,5,2014,AAPL,SELL,0.7602,27.59,15.25
Top_5_MarketCap,5,2014,BRK.B,SELL,0.0892,150.15,5.39
Top_5_MarketCap,5,2014,XOM,BUY,7.3293,92.45,0.0
Top_5_MarketCap,5,2014,JNJ,BUY,26.8612,104.57,0.0
Top_5_MarketCap,5,2015,MSFT,SELL,1.3605,55.48,34.01
Top_5_MarketCap,5,2015,BRK.B,SELL,20.4888,132.04,832.19
Top_5_MarketCap,5,2015,JNJ,SELL,26.8612,102.72,-49.69
Top_5_MarketCap,5,2015,MSFT,SELL,0.4506,55.48,11.26
Top_5_MarketCap,5,2015,AAPL,BUY,10.3834,26.32,0.0
Top_5_MarketCap,5,2015,XOM,BUY,1.6286,77.95,0.0
Top_5_MarketCap,5,2015,AMZN,BUY,86.4196,33.79,0.0
Top_5_MarketCap,5,2015,META,BUY,23.9151,104.66,0.0
Top_5_MarketCap,5,2016,XOM,SELL,4.3324,90.26,168.96
Top_5_MarketCap,5,2016,XOM,SELL,0.173,90.26,6.75
Top_5_MarketCap,5,2016,AAPL,BUY,8.9098,28.95,0.0
Top_5_MarketCap,5,2016,MSFT,BUY,1.529,62.14,0.0
Top_5_MarketCap,5,2016,AMZN,BUY,1.6215,37.49,0.0
Top_5_MarketCap,5,2016,META,BUY,1.9049,115.05,0.0
Top_5_MarketCap,5,2017,XOM,SELL,34.7399,83.64,710.81
Top_5_MarketCap,5,2017,AAPL,SELL,19.6649,42.31,683.95
Top_5_MarketCap,5,2017,META,SELL,0.9912,176.46,71.17
Top_5_MarketCap,5,2017,MSFT,SELL,0.9368,85.54,51.58
Top_5_MarketCap,5,2017,AAPL,SELL,3.3835,42.31,117.68
Top_5_MarketCap,5,2017,AMZN,SELL,1.205,58.47,29.74
Top_5_MarketCap,5,2017,META,SELL,0.4824,176.46,34.63
Top_5_MarketCap,5,2017,MSFT,SELL,0.1854,85.54,10.21
Top_5_MarketCap,5,2017,AAPL,SELL,0.4474,42.31,15.56
Top_5_MarketCap,5,2017,AMZN,SELL,0.2275,58.47,5.61
Top_5_MarketCap,5,2017,META,SELL,0.0638,176.46,4.58
Top_5_MarketCap,5,2017,MSFT,SELL,0.0285,85.54,1.57
Top_5_MarketCap,5,2017,AAPL,SELL,0.0689,42.31,2.4
Top_5_MarketCap,5,2017,AMZN,SELL,0.035,58.47,0.86
Top_5_MarketCap,5,2017,META,SELL,0.0098,176.46,0.7
Top_5_MarketCap,5,2017,MSFT,SELL,0.0044,85.54,0.24
Top_5_MarketCap,5,2017,AAPL,SELL,0.0106,42.31,0.37
Top_5_MarketCap,5,2017,AMZN,SELL,0.0054,58.47,0.13
Top_5_MarketCap,5,2017,META,SELL,0.0015,176.46,0.11
Top_5_MarketCap,5,2017,MSFT,SELL,0.0007,85.54,0.04
Top_5_MarketCap,5,2017,AAPL,SELL,0.0016,42.31,0.06
Top_5_MarketCap,5,2017,AMZN,SELL,0.0008,58.47,0.02
Top_5_MarketCap,5,2017,META,SELL,0.0002,176.46,0.02
Top_5_MarketCap,5,2017,MSFT,SELL,0.0001,85.54,0.01
Top_5_MarketCap,5,2017,AAPL,SELL,0.0003,42.31,0.01
Top_5_MarketCap,5,2017,AMZN,SELL,0.0001,58.47,0.0
Top_5_MarketCap,5,2017,META,SELL,0.0,176.46,0.0
Top_5_MarketCap,5,2017,MSFT,SELL,0.0,85.54,0.0
Top_5_MarketCap,5,2017,AAPL,SELL,0.0,42.31,0.0
Top_5_MarketCap,5,2017,AMZN,SELL,0.0,58.47,0.0
Top_5_MarketCap,5,2017,META,SELL,0.0,176.46,0.0
Top_5_MarketCap,5,2017,MSFT,SELL,0.0,85.54,0.0
Top_5_MarketCap,5,2017,AAPL,SELL,0.0,42.31,0.0
Top_5_MarketCap,5,2017,AMZN,SELL,0.0,58.47,0.0
Top_5_MarketCap,5,2017,META,SELL,0.0,176.46,0.0
Top_5_MarketCap,5,2017,MSFT,SELL,0.0,85.54,0.0
Top_5_MarketCap,5,2017,AAPL,SELL,0.0,42.31,0.0
Top_5_MarketCap,5,2017,AMZN,SELL,0.0,58.47,0.0
Top_5_MarketCap,5,2017,META,SELL,0.0,176.46,0.0
Top_5_MarketCap,5,2017,AAPL,SELL,0.0,42.31,0.0
Top_5_MarketCap,5,2017,BRK.B,BUY,20.6246,198.22,0.0
Top_5_MarketCap,5,2018,MSFT,SELL,3.2365,101.57,230.09
Top_5_MarketCap,5,2018,AAPL,SELL,9.5724,39.44,305.45
Top_5_MarketCap,5,2018,AMZN,SELL,6.6289,75.1,273.84
Top_5_MarketCap,5,2018,META,SELL,24.2711,131.09,621.69
Top_5_MarketCap,5,2018,BRK.B,SELL,3.4732,204.18,20.7
Top_5_MarketCap,5,2018,MSFT,SELL,1.2205,101.57,86.76
Top_5_MarketCap,5,2018,AAPL,SELL,2.9131,39.44,92.96
Top_5_MarketCap,5,2018,AMZN,SELL,1.4493,75.1,59.87
Top_5_MarketCap,5,2018,BRK.B,SELL,0.311,204.18,1.85
Top_5_MarketCap,5,2018,MSFT,SELL,0.174,101.57,12.37
Top_5_MarketCap,5,2018,AAPL,SELL,0.4154,39.44,13.26
Top_5_MarketCap,5,2018,AMZN,SELL,0.2067,75.1,8.54
Top_5_MarketCap,5,2018,BRK.B,SELL,0.0443,204.18,0.26
Top_5_MarketCap,5,2018,MSFT,SELL,0.0248,101.57,1.76
Top_5_MarketCap,5,2018,AAPL,SELL,0.0592,39.44,1.89
Top_5_MarketCap,5,2018,AMZN,SELL,0.0295,75.1,1.22
Top_5_MarketCap,5,2018,BRK.B,SELL,0.0063,204.18,0.04
Top_5_MarketCap,5,2018,MSFT,SELL,0.0035,101.57,0.25
Top_5_MarketCap,5,2018,AAPL,SELL,0.0084,39.44,0.27
Top_5_MarketCap,5,2018,AMZN,SELL,0.0042,75.1,0.17
Top_5_MarketCap,5,2018,BRK.B,SELL,0.0009,204.18,0.01
Top_5_MarketCap,5,2018,MSFT,SELL,0.0005,101.57,0.04
Top_5_MarketCap,5,2018,AAPL,SELL,0.0012,39.44,0.04
Top_5_MarketCap,5,2018,AMZN,SELL,0.0006,75.1,0.02
Top_5_MarketCap,5,2018,BRK.B,SELL,0.0001,204.18,0.0
Top_5_MarketCap,5,2018,MSFT,SELL,0.0001,101.57,0.01
Top_5_MarketCap,5,2018,AAPL,SELL,0.0002,39.44,0.01
Top_5_MarketCap,5,2018,AMZN,SELL,0.0001,75.1,0.0
Top_5_MarketCap,5,2018,BRK.B,SELL,0.0,204.18,0.0
Top_5_MarketCap,5,2018,MSFT,SELL,0.0,101.57,0.0
Top_5_MarketCap,5,2018,AAPL,SELL,0.0,39.44,0.0
Top_5_MarketCap,5,2018,AMZN,SELL,0.0,75.1,0.0
Top_5_MarketCap,5,2018,BRK.B,SELL,0.0,204.18,0.0
Top_5_MarketCap,5,2018,MSFT,SELL,0.0,101.57,0.0
Top_5_MarketCap,5,2018,AAPL,SELL,0.0,39.44,0.0
Top_5_MarketCap,5,2018,AMZN,SELL,0.0,75.1,0.0
Top_5_MarketCap,5,2018,BRK.B,SELL,0.0,204.18,0.0
Top_5_MarketCap,5,2018,MSFT,SELL,0.0,101.57,0.0
Top_5_MarketCap,5,2018,AAPL,SELL,0.0,39.44,0.0
Top_5_MarketCap,5,2018,AMZN,SELL,0.0,75.1,0.0
Top_5_MarketCap,5,2018,GOOGL,BUY,99.9709,52.25,0.0
Top_5_MarketCap,5,2019,MSFT,SELL,1.2204,157.7,155.26
Top_5_MarketCap,5,2019,AAPL,SELL,15.327,73.41,1009.74
Top_5_MarketCap,5,2019,AMZN,SELL,1.4572,92.39,85.39
Top_5_MarketCap,5,2019,BRK.B,SELL,16.7887,226.5,474.78
Top_5_MarketCap,5,2019,GOOGL,SELL,10.5855,66.97,155.82
Top_5_MarketCap,5,2019,MSFT,SELL,1.0331,157.7,131.43
Top_5_MarketCap,5,2019,AAPL,SELL,2.2676,73.41,149.39
Top_5_MarketCap,5,2019,AMZN,SELL,1.2267,92.39,71.89
Top_5_MarketCap,5,2019,GOOGL,SELL,1.4279,66.97,21.02
Top_5_MarketCap,5,2019,MSFT,SELL,0.1817,157.7,23.11
Top_5_MarketCap,5,2019,AAPL,SELL,0.3988,73.41,26.27
Top_5_MarketCap,5,2019,AMZN,SELL,0.2157,92.39,12.64
Top_5_MarketCap,5,2019,GOOGL,SELL,0.2511,66.97,3.7
Top_5_MarketCap,5,2019,MSFT,SELL,0.032,157.7,4.07
Top_5_MarketCap,5,2019,AAPL,SELL,0.0701,73.41,4.62
Top_5_MarketCap,5,2019,AMZN,SELL,0.0379,92.39,2.22
Top_5_MarketCap,5,2019,GOOGL,SELL,0.0442,66.97,0.65
Top_5_MarketCap,5,2019,MSFT,SELL,0.0056,157.7,0.71
Top_5_MarketCap,5,2019,AAPL,SELL,0.0123,73.41,0.81
Top_5_MarketCap,5,2019,AMZN,SELL,0.0067,92.39,0.39
Top_5_MarketCap,5,2019,GOOGL,SELL,0.0078,66.97,0.11
Top_5_MarketCap,5,2019,MSFT,SELL,0.001,157.7,0.13
Top_5_MarketCap,5,2019,AAPL,SELL,0.0022,73.41,0.14
Top_5_MarketCap,5,2019,AMZN,SELL,0.0012,92.39,0.07
Top_5_MarketCap,5,2019,GOOGL,SELL,0.0014,66.97,0.02
Top_5_MarketCap,5,2019,MSFT,SELL,0.0002,157.7,0.02
Top_5_MarketCap,5,2019,AAPL,SELL,0.0004,73.41,0.03
Top_5_MarketCap,5,2019,AMZN,SELL,0.0002,92.39,0.01
Top_5_MarketCap,5,2019,GOOGL,SELL,0.0002,66.97,0.0
Top_5_MarketCap,5,2019,MSFT,SELL,0.0,157.7,0.0
Top_5_MarketCap,5,2019,AAPL,SELL,0.0001,73.41,0.0
Top_5_MarketCap,5,2019,AMZN,SELL,0.0,92.39,0.0
Top_5_MarketCap,5,2019,GOOGL,SELL,0.0,66.97,0.0
Top_5_MarketCap,5,2019,MSFT,SELL,0.0,157.7,0.0
Top_5_MarketCap,5,2019,AAPL,SELL,0.0,73.41,0.0
Top_5_MarketCap,5,2019,AMZN,SELL,0.0,92.39,0.0
Top_5_MarketCap,5,2019,GOOGL,SELL,0.0,66.97,0.0
Top_5_MarketCap,5,2019,MSFT,SELL,0.0,157.7,0.0
Top_5_MarketCap,5,2019,AAPL,SELL,0.0,73.41,0.0
Top_5_MarketCap,5,2019,AMZN,SELL,0.0,92.39,0.0
Top_5_MarketCap,5,2019,GOOGL,SELL,0.0,66.97,0.0
Top_5_MarketCap,5,2019,MSFT,SELL,0.0,157.7,0.0
Top_5_MarketCap,5,2019,AAPL,SELL,0.0,73.41,0.0
Top_5_MarketCap,5,2019,AMZN,SELL,0.0,92.39,0.0
Top_5_MarketCap,5,2019,GOOGL,SELL,0.0,66.97,0.0
Top_5_MarketCap,5,2019,META,BUY,29.659,205.25,0.0
Top_5_MarketCap,5,2020,META,SELL,8.0957,273.16,549.78
Top_5_MarketCap,5,2020,META,SELL,0.0845,273.16,5.74
Top_5_MarketCap,5,2020,META,SELL,0.0006,273.16,0.04
Top_5_MarketCap,5,2020,META,SELL,0.0,273.16,0.0
Top_5_MarketCap,5,2020,AAPL,BUY,1.8739,132.69,0.0
Top_5_MarketCap,5,2020,MSFT,BUY,3.1556,222.42,0.0
Top_5_MarketCap,5,2020,AMZN,BUY,0.1829,162.85,0.0
Top_5_MarketCap,5,2020,GOOGL,BUY,14.3691,87.63,0.0
Top_5_MarketCap,5,2021,MSFT,SELL,1.7347,336.32,530.55
Top_5_MarketCap,5,2021,AAPL,SELL,4.3998,177.57,748.14
Top_5_MarketCap,5,2021,GOOGL,SELL,0.0399,144.85,3.7
Top_5_MarketCap,5,2021,META,SELL,21.4782,336.35,2815.79
Top_5_MarketCap,5,2021,MSFT,SELL,1.0336,336.32,316.12
Top_5_MarketCap,5,2021,AAPL,SELL,2.1787,177.57,370.47
Top_5_MarketCap,5,2021,GOOGL,SELL,1.6257,144.85,150.54
Top_5_MarketCap,5,2021,MSFT,SELL,0.1978,336.32,60.51
Top_5_MarketCap,5,2021,AAPL,SELL,0.417,177.57,70.91
Top_5_MarketCap,5,2021,GOOGL,SELL,0.3112,144.85,28.82
Top_5_MarketCap,5,2021,MSFT,SELL,0.0379,336.32,11.58
Top_5_MarketCap,5,2021,AAPL,SELL,0.0798,177.57,13.57
Top_5_MarketCap,5,2021,GOOGL,SELL,0.0596,144.85,5.52
Top_5_MarketCap,5,2021,MSFT,SELL,0.0072,336.32,2.22
Top_5_MarketCap,5,2021,AAPL,SELL,0.0153,177.57,2.6
Top_5_MarketCap,5,2021,GOOGL,SELL,0.0114,144.85,1.06
Top_5_MarketCap,5,2021,MSFT,SELL,0.0014,336.32,0.42
Top_5_MarketCap,5,2021,AAPL,SELL,0.0029,177.57,0.5
Top_5_MarketCap,5,2021,GOOGL,SELL,0.0022,144.85,0.2
Top_5_MarketCap,5,2021,MSFT,SELL,0.0003,336.32,0.08
Top_5_MarketCap,5,2021,AAPL,SELL,0.0006,177.57,0.1
Top_5_MarketCap,5,2021,GOOGL,SELL,0.0004,144.85,0.04
Top_5_MarketCap,5,2021,MSFT,SELL,0.0001,336.32,0.02
Top_5_MarketCap,5,2021,AAPL,SELL,0.0001,177.57,0.02
Top_5_MarketCap,5,2021,GOOGL,SELL,0.0001,144.85,0.01
Top_5_MarketCap,5,2021,MSFT,SELL,0.0,336.32,0.0
Top_5_MarketCap,5,2021,AAPL,SELL,0.0,177.57,0.0
Top_5_MarketCap,5,2021,GOOGL,SELL,0.0,144.85,0.0
Top_5_MarketCap,5,2021,MSFT,SELL,0.0,336.32,0.0
Top_5_MarketCap,5,2021,AAPL,SELL,0.0,177.57,0.0
Top_5_MarketCap,5,2021,GOOGL,SELL,0.0,144.85,0.0
Top_5_MarketCap,5,2021,MSFT,SELL,0.0,336.32,0.0
Top_5_MarketCap,5,2021,AAPL,SELL,0.0,177.57,0.0
Top_5_MarketCap,5,2021,GOOGL,SELL,0.0,144.85,0.0
Top_5_MarketCap,5,2021,AAPL,SELL,0.0,177.57,0.0
Top_5_MarketCap,5,2021,GOOGL,SELL,0.0,144.85,0.0
Top_5_MarketCap,5,2021,AMZN,BUY,3.1001,166.72,0.0
Top_5_MarketCap,5,2021,TSLA,BUY,22.5117,352.26,0.0
Top_5_MarketCap,5,2022,MSFT,SELL,2.7995,239.82,586.05
Top_5_MarketCap,5,2022,AAPL,SELL,10.0205,129.93,1226.51
Top_5_MarketCap,5,2022,GOOGL,SELL,1.4582,88.23,52.47
Top_5_MarketCap,5,2022,TSLA,SELL,22.5117,123.18,-5156.99
Top_5_MarketCap,5,2022,MSFT,SELL,0.101,239.82,21.15
Top_5_MarketCap,5,2022,AAPL,SELL,0.2061,129.93,25.23
Top_5_MarketCap,5,2022,GOOGL,SELL,0.1638,88.23,5.89
Top_5_MarketCap,5,2022,AMZN,BUY,3.4487,84.0,0.0
Top_5_MarketCap,5,2022,BRK.B,BUY,15.698,308.9,0.0
Top_5_MarketCap,5,2023,AAPL,SELL,1.261,192.53,233.29
Top_5_MarketCap,5,2023,AMZN,SELL,6.7117,151.94,792.99
Top_5_MarketCap,5,2023,GOOGL,SELL,98.3494,139.69,8091.29
Top_5_MarketCap,5,2023,BRK.B,SELL,15.698,356.66,749.74
Top_5_MarketCap,5,2023,AAPL,SELL,3.2275,192.53,597.08
Top_5_MarketCap,5,2023,AMZN,SELL,1.9847,151.94,234.49
Top_5_MarketCap,5,2023,AAPL,SELL,0.3882,192.53,71.81
Top_5_MarketCap,5,2023,AMZN,SELL,0.2387,151.94,28.2
Top_5_MarketCap,5,2023,AAPL,SELL,0.0467,192.53,8.64
Top_5_MarketCap,5,2023,AMZN,SELL,0.0287,151.94,3.39
Top_5_MarketCap,5,2023,AAPL,SELL,0.0056,192.53,1.04
Top_5_MarketCap,5,2023,AMZN,SELL,0.0035,151.94,0.41
Top_5_MarketCap,5,2023,AAPL,SELL,0.0007,192.53,0.12
Top_5_MarketCap,5,2023,AMZN,SELL,0.0004,151.94,0.05
Top_5_MarketCap,5,2023,AAPL,SELL,0.0001,192.53,0.02
Top_5_MarketCap,5,2023,AMZN,SELL,0.0,151.94,0.01
Top_5_MarketCap,5,2023,AAPL,SELL,0.0,192.53,0.0
Top_5_MarketCap,5,2023,AMZN,SELL,0.0,151.94,0.0
Top_5_MarketCap,5,2023,AAPL,SELL,0.0,192.53,0.0
Top_5_MarketCap,5,2023,AMZN,SELL,0.0,151.94,0.0
Top_5_MarketCap,5,2023,AAPL,SELL,0.0,192.53,0.0
Top_5_MarketCap,5,2023,MSFT,BUY,2.8589,376.04,0.0
Top_5_MarketCap,5,2023,NVDA,BUY,230.9792,49.52,0.0
Top_5_MarketCap,5,2023,META,BUY,19.959,353.96,0.0
Top_5_MarketCap,5,2024,NVDA,SELL,13.3299,134.29,1129.98
Top_5_MarketCap,5,2024,META,SELL,0.1382,585.51,32.01
Top_5_MarketCap,5,2024,NVDA,SELL,0.8601,134.29,72.91
Top_5_MarketCap,5,2024,META,SELL,0.0783,585.51,18.14
Top_5_MarketCap,5,2024,NVDA,SELL,0.0514,134.29,4.36
Top_5_MarketCap,5,2024,META,SELL,0.0047,585.51,1.08
Top_5_MarketCap,5,2024,NVDA,SELL,0.0031,134.29,0.26
Top_5_MarketCap,5,2024,META,SELL,0.0003,585.51,0.06
Top_5_MarketCap,5,2024,NVDA,SELL,0.0002,134.29,0.02
Top_5_MarketCap,5,2024,META,SELL,0.0,585.51,0.0
Top_5_MarketCap,5,2024,NVDA,SELL,0.0,134.29,0.0
Top_5_MarketCap,5,2024,META,SELL,0.0,585.51,0.0
Top_5_MarketCap,5,2024,NVDA,SELL,0.0,134.29,0.0
Top_5_MarketCap,5,2024,AAPL,BUY,2.5347,250.42,0.0
Top_5_MarketCap,5,2024,MSFT,BUY,2.487,421.5,0.0
Top_5_MarketCap,5,2024,AMZN,BUY,1.0699,219.39,0.0
Top_10_MarketCap,10,2004,GE,BUY,8.4072,174.92,0.0
Top_10_MarketCap,10,2004,XOM,BUY,27.0494,51.26,0.0
Top_10_MarketCap,10,2004,MSFT,BUY,44.0296,26.72,0.0
Top_10_MarketCap,10,2004,C,BUY,2.2674,481.8,0.0
Top_10_MarketCap,10,2004,PFE,BUY,37.8827,25.51,0.0
Top_10_MarketCap,10,2004,WMT,BUY,52.4912,17.61,0.0
Top_10_MarketCap,10,2004,JNJ,BUY,13.2503,63.42,0.0
Top_10_MarketCap,10,2004,JPM,BUY,19.3874,39.01,0.0
Top_10_MarketCap,10,2004,AIG,BUY,0.5438,1313.4,0.0
Top_10_MarketCap,10,2004,INTC,BUY,28.7417,23.39,0.0
Top_10_MarketCap,10,2005,MSFT,SELL,0.2844,26.15,-0.16
Top_10_MarketCap,10,2005,PFE,SELL,1.5071,22.13,-5.09
Top_10_MarketCap,10,2005,WMT,SELL,52.4912,15.6,-105.51
Top_10_MarketCap,10,2005,JPM,SELL,1.2404,39.69,0.84
Top_10_MarketCap,10,2005,AIG,SELL,0.5438,1364.6,27.84
Top_10_MarketCap,10,2005,INTC,SELL,28.7417,24.96,45.12
Top_10_MarketCap,10,2005,MSFT,SELL,0.2834,26.15,-0.16
Top_10_MarketCap,10,2005,C,SELL,0.0122,485.3,0.04
Top_10_MarketCap,10,2005,PFE,SELL,0.2357,22.13,-0.8
Top_10_MarketCap,10,2005,JPM,SELL,0.1176,39.69,0.08
Top_10_MarketCap,10,2005,XOM,BUY,0.6782,56.17,0.0
Top_10_MarketCap,10,2005,GE,BUY,0.1132,167.97,0.0
Top_10_MarketCap,10,2005,PG,BUY,16.7269,57.88,0.0
Top_10_MarketCap,10,2005,JNJ,BUY,1.4579,60.1,0.0
Top_10_MarketCap,10,2005,BAC,BUY,16.4178,46.15,0.0
Top_10_MarketCap,10,2005,IBM,BUY,8.5697,78.59,0.0
Top_10_MarketCap,10,2006,XOM,SELL,2.9203,76.63,74.09
Top_10_MarketCap,10,2006,PFE,SELL,36.1399,24.57,-33.97
Top_10_MarketCap,10,2006,JNJ,SELL,0.3112,66.02,0.81
Top_10_MarketCap,10,2006,IBM,SELL,8.5697,92.88,122.46
Top_10_MarketCap,10,2006,XOM,SELL,0.2529,76.63,6.42
Top_10_MarketCap,10,2006,JNJ,SELL,0.1468,66.02,0.38
Top_10_MarketCap,10,2006,XOM,SELL,0.0042,76.63,0.11
Top_10_MarketCap,10,2006,JNJ,SELL,0.0025,66.02,0.01
Top_10_MarketCap,10,2006,XOM,SELL,0.0001,76.63,0.0
Top_10_MarketCap,10,2006,JNJ,SELL,0.0,66.02,0.0
Top_10_MarketCap,10,2006,XOM,SELL,0.0,76.63,0.0
Top_10_MarketCap,10,2006,JNJ,SELL,0.0,66.02,0.0
Top_10_MarketCap,10,2006,GE,BUY,0.6409,178.33,0.0
Top_10_MarketCap,10,2006,MSFT,BUY,2.9616,29.86,0.0
Top_10_MarketCap,10,2006,C,BUY,0.1446,557.0,0.0
Top_10_MarketCap,10,2006,PG,BUY,0.9901,64.27,0.0
Top_10_MarketCap,10,2006,BAC,BUY,2.1277,53.39,0.0
Top_10_MarketCap,10,2006,JPM,BUY,0.4204,48.3,0.0
Top_10_MarketCap,10,2006,AIG,BUY,0.5872,1433.2,0.0
Top_10_MarketCap,10,2006,CSCO,BUY,28.9834,27.33,0.0
Top_10_MarketCap,10,2007,GE,SELL,0.1099,177.66,0.3
Top_10_MarketCap,10,2007,XOM,SELL,1.4861,93.69,63.06
Top_10_MarketCap,10,2007,MSFT,SELL,5.4873,35.6,48.73
Top_10_MarketCap,10,2007,C,SELL,2.3998,294.4,-460.6
Top_10_MarketCap,10,2007,PG,SELL,2.6589,73.42,41.32
Top_10_MarketCap,10,2007,BAC,SELL,18.5455,41.26,-106.09
Top_10_MarketCap,10,2007,AIG,SELL,0.5872,1166.0,-156.91
Top_10_MarketCap,10,2007,CSCO,SELL,1.1374,27.07,-0.3
Top_10_MarketCap,10,2007,GE,SELL,0.0645,177.66,0.18
Top_10_MarketCap,10,2007,XOM,SELL,0.1644,93.69,6.98
Top_10_MarketCap,10,2007,MSFT,SELL,0.2918,35.6,2.59
Top_10_MarketCap,10,2007,PG,SELL,0.1073,73.42,1.67
Top_10_MarketCap,10,2007,CSCO,SELL,0.1985,27.07,-0.05
Top_10_MarketCap,10,2007,T,BUY,36.5585,31.39,0.0
Top_10_MarketCap,10,2007,JNJ,BUY,0.7131,66.7,0.0
Top_10_MarketCap,10,2007,GOOGL,BUY,54.7973,17.3,0.0
Top_10_MarketCap,10,2007,JPM,BUY,0.982,43.65,0.0
Top_10_MarketCap,10,2007,CVX,BUY,8.5536,93.33,0.0
Top_10_MarketCap,10,2008,XOM,SELL,0.4357,79.83,12.45
Top_10_MarketCap,10,2008,MSFT,SELL,2.9923,19.44,-21.78
Top_10_MarketCap,10,2008,JNJ,SELL,1.5035,59.83,-5.4
Top_10_MarketCap,10,2008,PG,SELL,1.3345,61.82,5.26
Top_10_MarketCap,10,2008,CSCO,SELL,27.6474,16.3,-304.95
Top_10_MarketCap,10,2008,T,SELL,5.9612,21.53,-58.78
Top_10_MarketCap,10,2008,GOOGL,SELL,54.7973,7.7,-526.05
Top_10_MarketCap,10,2008,CVX,SELL,0.6374,73.97,-12.34
Top_10_MarketCap,10,2008,XOM,SELL,0.2168,79.83,6.19
Top_10_MarketCap,10,2008,MSFT,SELL,0.3634,19.44,-2.65
Top_10_MarketCap,10,2008,JNJ,SELL,0.1299,59.83,-0.47
Top_10_MarketCap,10,2008,PG,SELL,0.1314,61.82,0.52
Top_10_MarketCap,10,2008,T,SELL,0.2953,21.53,-2.91
Top_10_MarketCap,10,2008,CVX,SELL,0.0764,73.97,-1.48
Top_10_MarketCap,10,2008,WMT,BUY,50.4204,18.69,0.0
Top_10_MarketCap,10,2008,GE,BUY,0.8164,77.64,0.0
Top_10_MarketCap,10,2008,JPM,BUY,0.11,31.53,0.0
Top_10_MarketCap,10,2008,IBM,BUY,6.757,80.46,0.0
Top_10_MarketCap,10,2009,T,SELL,30.302,21.17,-309.69
Top_10_MarketCap,10,2009,CVX,SELL,7.8398,76.99,-128.1
Top_10_MarketCap,10,2009,WMT,SELL,10.5319,17.82,-9.16
Top_10_MarketCap,10,2009,IBM,SELL,6.757,125.14,301.9
Top_10_MarketCap,10,2009,JNJ,SELL,0.0773,64.41,0.08
Top_10_MarketCap,10,2009,WMT,SELL,0.3252,17.82,-0.28
Top_10_MarketCap,10,2009,XOM,BUY,1.1518,68.19,0.0
Top_10_MarketCap,10,2009,MSFT,BUY,1.668,30.48,0.0
Top_10_MarketCap,10,2009,AAPL,BUY,128.1223,7.53,0.0
Top_10_MarketCap,10,2009,PG,BUY,1.2036,60.63,0.0
Top_10_MarketCap,10,2009,JPM,BUY,0.0486,41.67,0.0
Top_10_MarketCap,10,2009,GE,BUY,0.4314,72.51,0.0
Top_10_MarketCap,10,2009,GOOGL,BUY,43.0355,15.52,0.0
Top_10_MarketCap,10,2009,BAC,BUY,39.4223,15.06,0.0
Top_10_MarketCap,10,2010,XOM,SELL,2.0935,73.12,45.76
Top_10_MarketCap,10,2010,JNJ,SELL,0.6564,61.85,-1.03
Top_10_MarketCap,10,2010,JPM,SELL,2.3084,42.42,7.87
Top_10_MarketCap,10,2010,PG,SELL,1.8677,64.33,12.05
Top_10_MarketCap,10,2010,WMT,SELL,39.5633,17.98,-28.09
Top_10_MarketCap,10,2010,AAPL,SELL,8.8018,11.52,35.12
Top_10_MarketCap,10,2010,GOOGL,SELL,43.0355,14.86,-28.4
Top_10_MarketCap,10,2010,BAC,SELL,39.4223,13.34,-67.81
Top_10_MarketCap,10,2010,XOM,SELL,0.1055,73.12,2.31
Top_10_MarketCap,10,2010,JNJ,SELL,0.0624,61.85,-0.1
Top_10_MarketCap,10,2010,JPM,SELL,0.0856,42.42,0.29
Top_10_MarketCap,10,2010,PG,SELL,0.0635,64.33,0.41
Top_10_MarketCap,10,2010,AAPL,SELL,0.5908,11.52,2.36
Top_10_MarketCap,10,2010,MSFT,BUY,0.2484,27.91,0.0
Top_10_MarketCap,10,2010,GE,BUY,0.6886,87.65,0.0
Top_10_MarketCap,10,2010,CVX,BUY,9.9928,91.25,0.0
Top_10_MarketCap,10,2010,IBM,BUY,6.1738,140.31,0.0
Top_10_MarketCap,10,2010,BRK.B,BUY,8.5368,80.11,0.0
Top_10_MarketCap,10,2011,GE,SELL,1.1419,85.83,-101.73
Top_10_MarketCap,10,2011,XOM,SELL,0.8396,84.76,28.13
Top_10_MarketCap,10,2011,AAPL,SELL,9.0607,14.46,62.79
Top_10_MarketCap,10,2011,CVX,SELL,0.3489,106.4,5.29
Top_10_MarketCap,10,2011,IBM,SELL,0.0714,175.79,2.53
Top_10_MarketCap,10,2011,BRK.B,SELL,8.5368,76.3,-32.53
Top_10_MarketCap,10,2011,GE,SELL,0.0585,85.83,-5.22
Top_10_MarketCap,10,2011,XOM,SELL,0.1218,84.76,4.08
Top_10_MarketCap,10,2011,AAPL,SELL,0.6563,14.46,4.55
Top_10_MarketCap,10,2011,CVX,SELL,0.0577,106.4,0.87
Top_10_MarketCap,10,2011,IBM,SELL,0.0365,175.79,1.3
Top_10_MarketCap,10,2011,MSFT,BUY,3.657,25.96,0.0
Top_10_MarketCap,10,2011,JNJ,BUY,1.6078,65.58,0.0
Top_10_MarketCap,10,2011,PG,BUY,0.4477,66.71,0.0
Top_10_MarketCap,10,2011,JPM,BUY,6.5076,33.25,0.0
Top_10_MarketCap,10,2011,WMT,BUY,37.2389,19.92,0.0
Top_10_MarketCap,10,2012,XOM,SELL,1.611,86.55,56.85
Top_10_MarketCap,10,2012,JPM,SELL,3.597,43.97,17.84
Top_10_MarketCap,10,2012,PG,SELL,13.2047,67.89,118.59
Top_10_MarketCap,10,2012,CVX,SELL,1.8915,108.14,31.95
Top_10_MarketCap,10,2012,IBM,SELL,6.066,183.13,259.74
Top_10_MarketCap,10,2012,XOM,SELL,0.137,86.55,4.84
Top_10_MarketCap,10,2012,JPM,SELL,0.1479,43.97,0.73
Top_10_MarketCap,10,2012,CVX,SELL,0.0566,108.14,0.96
Top_10_MarketCap,10,2012,AAPL,BUY,2.3276,19.01,0.0
Top_10_MarketCap,10,2012,GOOGL,BUY,75.8317,17.7,0.0
Top_10_MarketCap,10,2012,MSFT,BUY,3.5241,26.71,0.0
Top_10_MarketCap,10,2012,BRK.B,BUY,12.6614,89.7,0.0
Top_10_MarketCap,10,2012,JNJ,BUY,0.5894,70.1,0.0
Top_10_MarketCap,10,2012,GE,BUY,0.028,100.59,0.0
Top_10_MarketCap,10,2012,WMT,BUY,3.6243,22.74,0.0
Top_10_MarketCap,10,2013,GE,SELL,0.1542,134.33,-6.26
Top_10_MarketCap,10,2013,MSFT,SELL,0.4396,37.41,4.7
Top_10_MarketCap,10,2013,CVX,SELL,7.6381,124.91,257.1
Top_10_MarketCap,10,2013,WMT,SELL,40.8632,26.23,247.63
Top_10_MarketCap,10,2013,GOOGL,SELL,12.0,28.05,124.2
Top_10_MarketCap,10,2013,GE,SELL,0.0544,134.33,-2.21
Top_10_MarketCap,10,2013,MSFT,SELL,0.2604,37.41,2.78
Top_10_MarketCap,10,2013,GOOGL,SELL,0.3618,28.05,3.74
Top_10_MarketCap,10,2013,AAPL,BUY,9.4805,20.04,0.0
Top_10_MarketCap,10,2013,XOM,BUY,0.5092,101.2,0.0
Top_10_MarketCap,10,2013,BRK.B,BUY,0.553,118.56,0.0
Top_10_MarketCap,10,2013,JNJ,BUY,0.8218,91.59,0.0
Top_10_MarketCap,10,2013,JPM,BUY,0.7423,58.48,0.0
Top_10_MarketCap,10,2013,WFC,BUY,25.0972,45.4,0.0
Top_10_MarketCap,10,2013,PG,BUY,13.1212,81.41,0.0
Top_10_MarketCap,10,2014,MSFT,SELL,1.3618,46.45,26.87
Top_10_MarketCap,10,2014,AAPL,SELL,13.3629,27.59,268.06
Top_10_MarketCap,10,2014,GOOGL,SELL,1.3858,26.53,12.24
Top_10_MarketCap,10,2014,BRK.B,SELL,0.5992,150.15,36.22
Top_10_MarketCap,10,2014,MSFT,SELL,0.2549,46.45,5.03
Top_10_MarketCap,10,2014,AAPL,SELL,0.6181,27.59,12.4
Top_10_MarketCap,10,2014,GOOGL,SELL,0.3571,26.53,3.15
Top_10_MarketCap,10,2014,BRK.B,SELL,0.0726,150.15,4.39
Top_10_MarketCap,10,2014,XOM,BUY,4.028,92.45,0.0
Top_10_MarketCap,10,2014,JNJ,BUY,0.8931,104.57,0.0
Top_10_MarketCap,10,2014,WFC,BUY,1.7882,54.82,0.0
Top_10_MarketCap,10,2014,JPM,BUY,1.5416,62.58,0.0
Top_10_MarketCap,10,2014,PG,BUY,1.2612,91.09,0.0
Top_10_MarketCap,10,2014,GE,BUY,0.5997,121.1,0.0
Top_10_MarketCap,10,2015,GE,SELL,0.6644,149.28,-17.03
Top_10_MarketCap,10,2015,JNJ,SELL,1.7515,102.72,68.83
Top_10_MarketCap,10,2015,JPM,SELL,3.6729,66.03,99.24
Top_10_MarketCap,10,2015,GOOGL,SELL,27.7805,38.9,588.95
Top_10_MarketCap,10,2015,BRK.B,SELL,0.3986,132.04,16.88
Top_10_MarketCap,10,2015,WFC,SELL,26.8854,54.36,224.05
Top_10_MarketCap,10,2015,PG,SELL,14.3824,79.41,-40.97
Top_10_MarketCap,10,2015,GE,SELL,0.1744,149.28,-4.47
Top_10_MarketCap,10,2015,JNJ,SELL,0.2703,102.72,10.62
Top_10_MarketCap,10,2015,JPM,SELL,0.3416,66.03,9.23
Top_10_MarketCap,10,2015,GOOGL,SELL,0.6245,38.9,13.24
Top_10_MarketCap,10,2015,BRK.B,SELL,0.2234,132.04,9.46
Top_10_MarketCap,10,2015,GE,SELL,0.0058,149.28,-0.15
Top_10_MarketCap,10,2015,JNJ,SELL,0.0089,102.72,0.35
Top_10_MarketCap,10,2015,JPM,SELL,0.0113,66.03,0.31
Top_10_MarketCap,10,2015,GOOGL,SELL,0.0207,38.9,0.44
Top_10_MarketCap,10,2015,BRK.B,SELL,0.0074,132.04,0.31
Top_10_MarketCap,10,2015,GE,SELL,0.0002,149.28,-0.0
Top_10_MarketCap,10,2015,JNJ,SELL,0.0003,102.72,0.01
Top_10_MarketCap,10,2015,JPM,SELL,0.0004,66.03,0.01
Top_10_MarketCap,10,2015,GOOGL,SELL,0.0007,38.9,0.01
Top_10_MarketCap,10,2015,BRK.B,SELL,0.0002,132.04,0.01
Top_10_MarketCap,10,2015,GE,SELL,0.0,149.28,-0.0
Top_10_MarketCap,10,2015,JNJ,SELL,0.0,102.72,0.0
Top_10_MarketCap,10,2015,JPM,SELL,0.0,66.03,0.0
Top_10_MarketCap,10,2015,GOOGL,SELL,0.0,38.9,0.0
Top_10_MarketCap,10,2015,BRK.B,SELL,0.0,132.04,0.0
Top_10_MarketCap,10,2015,GE,SELL,0.0,149.28,-0.0
Top_10_MarketCap,10,2015,JNJ,SELL,0.0,102.72,0.0
Top_10_MarketCap,10,2015,JPM,SELL,0.0,66.03,0.0
Top_10_MarketCap,10,2015,GOOGL,SELL,0.0,38.9,0.0
Top_10_MarketCap,10,2015,BRK.B,SELL,0.0,132.04,0.0
Top_10_MarketCap,10,2015,AAPL,BUY,16.2028,26.32,0.0
Top_10_MarketCap,10,2015,MSFT,BUY,2.6283,55.48,0.0
Top_10_MarketCap,10,2015,XOM,BUY,3.0868,77.95,0.0
Top_10_MarketCap,10,2015,AMZN,BUY,57.5048,33.79,0.0
Top_10_MarketCap,10,2015,META,BUY,15.9135,104.66,0.0
Top_10_MarketCap,10,2016,XOM,SELL,3.1615,90.26,123.3
Top_10_MarketCap,10,2016,BRK.B,SELL,0.5394,162.98,39.53
Top_10_MarketCap,10,2016,GE,SELL,0.0038,151.44,-0.09
Top_10_MarketCap,10,2016,XOM,SELL,0.163,90.26,6.36
Top_10_MarketCap,10,2016,BRK.B,SELL,0.0808,162.98,5.92
Top_10_MarketCap,10,2016,GE,SELL,0.0016,151.44,-0.04
Top_10_MarketCap,10,2016,XOM,SELL,0.004,90.26,0.16
Top_10_MarketCap,10,2016,BRK.B,SELL,0.002,162.98,0.14
Top_10_MarketCap,10,2016,GE,SELL,0.0,151.44,-0.0
Top_10_MarketCap,10,2016,XOM,SELL,0.0001,90.26,0.0
Top_10_MarketCap,10,2016,BRK.B,SELL,0.0,162.98,0.0
Top_10_MarketCap,10,2016,GE,SELL,0.0,151.44,-0.0
Top_10_MarketCap,10,2016,XOM,SELL,0.0,90.26,0.0
Top_10_MarketCap,10,2016,BRK.B,SELL,0.0,162.98,0.0
Top_10_MarketCap,10,2016,AAPL,BUY,4.084,28.95,0.0
Top_10_MarketCap,10,2016,MSFT,BUY,0.3349,62.14,0.0
Top_10_MarketCap,10,2016,AMZN,BUY,0.241,37.49,0.0
Top_10_MarketCap,10,2016,META,BUY,1.0218,115.05,0.0
Top_10_MarketCap,10,2016,JNJ,BUY,0.6202,115.21,0.0
Top_10_MarketCap,10,2016,JPM,BUY,0.5995,86.29,0.0
Top_10_MarketCap,10,2016,GOOGL,BUY,4.9484,39.62,0.0
Top_10_MarketCap,10,2017,GE,SELL,9.292,83.63,-631.61
Top_10_MarketCap,10,2017,MSFT,SELL,2.6901,85.54,158.23
Top_10_MarketCap,10,2017,AAPL,SELL,20.126,42.31,699.98
Top_10_MarketCap,10,2017,AMZN,SELL,3.3372,58.47,82.36
Top_10_MarketCap,10,2017,META,SELL,1.6806,176.46,120.66
Top_10_MarketCap,10,2017,MSFT,SELL,0.381,85.54,22.41
Top_10_MarketCap,10,2017,AAPL,SELL,0.9194,42.31,31.98
Top_10_MarketCap,10,2017,AMZN,SELL,0.4675,58.47,11.54
Top_10_MarketCap,10,2017,META,SELL,0.1311,176.46,9.41
Top_10_MarketCap,10,2017,MSFT,SELL,0.0369,85.54,2.17
Top_10_MarketCap,10,2017,AAPL,SELL,0.089,42.31,3.1
Top_10_MarketCap,10,2017,AMZN,SELL,0.0453,58.47,1.12
Top_10_MarketCap,10,2017,META,SELL,0.0127,176.46,0.91
Top_10_MarketCap,10,2017,MSFT,SELL,0.0036,85.54,0.21
Top_10_MarketCap,10,2017,AAPL,SELL,0.0086,42.31,0.3
Top_10_MarketCap,10,2017,AMZN,SELL,0.0044,58.47,0.11
Top_10_MarketCap,10,2017,META,SELL,0.0012,176.46,0.09
Top_10_MarketCap,10,2017,MSFT,SELL,0.0003,85.54,0.02
Top_10_MarketCap,10,2017,AAPL,SELL,0.0008,42.31,0.03
Top_10_MarketCap,10,2017,AMZN,SELL,0.0004,58.47,0.01
Top_10_MarketCap,10,2017,META,SELL,0.0001,176.46,0.01
Top_10_MarketCap,10,2017,MSFT,SELL,0.0,85.54,0.0
Top_10_MarketCap,10,2017,AAPL,SELL,0.0001,42.31,0.0
Top_10_MarketCap,10,2017,AMZN,SELL,0.0,58.47,0.0
Top_10_MarketCap,10,2017,META,SELL,0.0,176.46,0.0
Top_10_MarketCap,10,2017,MSFT,SELL,0.0,85.54,0.0
Top_10_MarketCap,10,2017,AAPL,SELL,0.0,42.31,0.0
Top_10_MarketCap,10,2017,AMZN,SELL,0.0,58.47,0.0
Top_10_MarketCap,10,2017,META,SELL,0.0,176.46,0.0
Top_10_MarketCap,10,2017,MSFT,SELL,0.0,85.54,0.0
Top_10_MarketCap,10,2017,AAPL,SELL,0.0,42.31,0.0
Top_10_MarketCap,10,2017,AMZN,SELL,0.0,58.47,0.0
Top_10_MarketCap,10,2017,META,SELL,0.0,176.46,0.0
Top_10_MarketCap,10,2017,BRK.B,BUY,1.5488,198.22,0.0
Top_10_MarketCap,10,2017,JNJ,BUY,1.4479,139.72,0.0
Top_10_MarketCap,10,2017,JPM,BUY,1.5826,106.94,0.0
Top_10_MarketCap,10,2017,GOOGL,BUY,0.8677,52.67,0.0
Top_10_MarketCap,10,2017,XOM,BUY,0.3978,83.64,0.0
Top_10_MarketCap,10,2017,BAC,BUY,61.5816,29.52,0.0
Top_10_MarketCap,10,2018,XOM,SELL,23.1837,68.19,83.06
Top_10_MarketCap,10,2018,MSFT,SELL,0.9727,101.57,72.81
Top_10_MarketCap,10,2018,JNJ,SELL,0.8159,129.05,53.55
Top_10_MarketCap,10,2018,JPM,SELL,1.8708,97.62,109.65
Top_10_MarketCap,10,2018,AAPL,SELL,3.4717,39.44,110.78
Top_10_MarketCap,10,2018,BRK.B,SELL,1.8967,204.18,217.13
Top_10_MarketCap,10,2018,AMZN,SELL,2.8892,75.1,119.35
Top_10_MarketCap,10,2018,META,SELL,0.5004,131.09,13.23
Top_10_MarketCap,10,2018,BAC,SELL,61.5816,24.64,-300.52
Top_10_MarketCap,10,2018,MSFT,SELL,0.4051,101.57,30.32
Top_10_MarketCap,10,2018,JNJ,SELL,0.1478,129.05,9.7
Top_10_MarketCap,10,2018,JPM,SELL,0.1748,97.62,10.24
Top_10_MarketCap,10,2018,AAPL,SELL,0.9669,39.44,30.86
Top_10_MarketCap,10,2018,BRK.B,SELL,0.1032,204.18,11.82
Top_10_MarketCap,10,2018,AMZN,SELL,0.4811,75.1,19.87
Top_10_MarketCap,10,2018,META,SELL,0.1378,131.09,3.64
Top_10_MarketCap,10,2018,MSFT,SELL,0.0557,101.57,4.17
Top_10_MarketCap,10,2018,JNJ,SELL,0.0203,129.05,1.33
Top_10_MarketCap,10,2018,JPM,SELL,0.024,97.62,1.41
Top_10_MarketCap,10,2018,AAPL,SELL,0.133,39.44,4.25
Top_10_MarketCap,10,2018,BRK.B,SELL,0.0142,204.18,1.63
Top_10_MarketCap,10,2018,AMZN,SELL,0.0662,75.1,2.73
Top_10_MarketCap,10,2018,META,SELL,0.019,131.09,0.5
Top_10_MarketCap,10,2018,MSFT,SELL,0.0077,101.57,0.57
Top_10_MarketCap,10,2018,JNJ,SELL,0.0028,129.05,0.18
Top_10_MarketCap,10,2018,JPM,SELL,0.0033,97.62,0.19
Top_10_MarketCap,10,2018,AAPL,SELL,0.0183,39.44,0.58
Top_10_MarketCap,10,2018,BRK.B,SELL,0.002,204.18,0.22
Top_10_MarketCap,10,2018,AMZN,SELL,0.0091,75.1,0.38
Top_10_MarketCap,10,2018,META,SELL,0.0026,131.09,0.07
Top_10_MarketCap,10,2018,MSFT,SELL,0.0011,101.57,0.08
Top_10_MarketCap,10,2018,JNJ,SELL,0.0004,129.05,0.03
Top_10_MarketCap,10,2018,JPM,SELL,0.0005,97.62,0.03
Top_10_MarketCap,10,2018,AAPL,SELL,0.0025,39.44,0.08
Top_10_MarketCap,10,2018,BRK.B,SELL,0.0003,204.18,0.03
Top_10_MarketCap,10,2018,AMZN,SELL,0.0013,75.1,0.05
Top_10_MarketCap,10,2018,META,SELL,0.0004,131.09,0.01
Top_10_MarketCap,10,2018,MSFT,SELL,0.0001,101.57,0.01
Top_10_MarketCap,10,2018,JNJ,SELL,0.0001,129.05,0.0
Top_10_MarketCap,10,2018,JPM,SELL,0.0001,97.62,0.0
Top_10_MarketCap,10,2018,AAPL,SELL,0.0003,39.44,0.01
Top_10_MarketCap,10,2018,BRK.B,SELL,0.0,204.18,0.0
Top_10_MarketCap,10,2018,AMZN,SELL,0.0002,75.1,0.01
Top_10_MarketCap,10,2018,META,SELL,0.0,131.09,0.0
Top_10_MarketCap,10,2018,MSFT,SELL,0.0,101.57,0.0
Top_10_MarketCap,10,2018,JNJ,SELL,0.0,129.05,0.0
Top_10_MarketCap,10,2018,JPM,SELL,0.0,97.62,0.0
Top_10_MarketCap,10,2018,AAPL,SELL,0.0,39.44,0.0
Top_10_MarketCap,10,2018,BRK.B,SELL,0.0,204.18,0.0
Top_10_MarketCap,10,2018,AMZN,SELL,0.0,75.1,0.0
Top_10_MarketCap,10,2018,META,SELL,0.0,131.09,0.0
Top_10_MarketCap,10,2018,MSFT,SELL,0.0,101.57,0.0
Top_10_MarketCap,10,2018,JNJ,SELL,0.0,129.05,0.0
Top_10_MarketCap,10,2018,JPM,SELL,0.0,97.62,0.0
Top_10_MarketCap,10,2018,AAPL,SELL,0.0,39.44,0.0
Top_10_MarketCap,10,2018,BRK.B,SELL,0.0,204.18,0.0
Top_10_MarketCap,10,2018,AMZN,SELL,0.0,75.1,0.0
Top_10_MarketCap,10,2018,META,SELL,0.0,131.09,0.0
Top_10_MarketCap,10,2018,MSFT,SELL,0.0,101.57,0.0
Top_10_MarketCap,10,2018,JNJ,SELL,0.0,129.05,0.0
Top_10_MarketCap,10,2018,JPM,SELL,0.0,97.62,0.0
Top_10_MarketCap,10,2018,AAPL,SELL,0.0,39.44,0.0
Top_10_MarketCap,10,2018,AMZN,SELL,0.0,75.1,0.0
Top_10_MarketCap,10,2018,META,SELL,0.0,131.09,0.0
Top_10_MarketCap,10,2018,AAPL,SELL,0.0,39.44,0.0
Top_10_MarketCap,10,2018,BRK.B,SELL,0.0,204.18,0.0
Top_10_MarketCap,10,2018,GOOGL,BUY,25.3315,52.25,0.0
Top_10_MarketCap,10,2018,V,BUY,12.7612,131.94,0.0
Top_10_MarketCap,10,2018,PG,BUY,17.1723,91.92,0.0
Top_10_MarketCap,10,2019,MSFT,SELL,1.0199,157.7,133.58
Top_10_MarketCap,10,2019,AAPL,SELL,10.3926,73.41,684.66
Top_10_MarketCap,10,2019,GOOGL,SELL,7.1464,66.97,352.1
Top_10_MarketCap,10,2019,AMZN,SELL,1.2163,92.39,71.27
Top_10_MarketCap,10,2019,V,SELL,0.6586,187.9,36.85
Top_10_MarketCap,10,2019,PG,SELL,0.1031,124.9,3.4
Top_10_MarketCap,10,2019,MSFT,SELL,0.5276,157.7,69.11
Top_10_MarketCap,10,2019,AAPL,SELL,1.1581,73.41,76.3
Top_10_MarketCap,10,2019,GOOGL,SELL,0.7293,66.97,35.93
Top_10_MarketCap,10,2019,AMZN,SELL,0.6265,92.39,36.71
Top_10_MarketCap,10,2019,V,SELL,0.154,187.9,8.62
Top_10_MarketCap,10,2019,PG,SELL,0.2172,124.9,7.16
Top_10_MarketCap,10,2019,MSFT,SELL,0.0761,157.7,9.96
Top_10_MarketCap,10,2019,AAPL,SELL,0.167,73.41,11.0
Top_10_MarketCap,10,2019,GOOGL,SELL,0.1051,66.97,5.18
Top_10_MarketCap,10,2019,AMZN,SELL,0.0903,92.39,5.29
Top_10_MarketCap,10,2019,V,SELL,0.0222,187.9,1.24
Top_10_MarketCap,10,2019,PG,SELL,0.0313,124.9,1.03
Top_10_MarketCap,10,2019,MSFT,SELL,0.011,157.7,1.44
Top_10_MarketCap,10,2019,AAPL,SELL,0.0241,73.41,1.59
Top_10_MarketCap,10,2019,GOOGL,SELL,0.0152,66.97,0.75
Top_10_MarketCap,10,2019,AMZN,SELL,0.013,92.39,0.76
Top_10_MarketCap,10,2019,V,SELL,0.0032,187.9,0.18
Top_10_MarketCap,10,2019,PG,SELL,0.0045,124.9,0.15
Top_10_MarketCap,10,2019,MSFT,SELL,0.0016,157.7,0.21
Top_10_MarketCap,10,2019,AAPL,SELL,0.0035,73.41,0.23
Top_10_MarketCap,10,2019,GOOGL,SELL,0.0022,66.97,0.11
Top_10_MarketCap,10,2019,AMZN,SELL,0.0019,92.39,0.11
Top_10_MarketCap,10,2019,V,SELL,0.0005,187.9,0.03
Top_10_MarketCap,10,2019,PG,SELL,0.0007,124.9,0.02
Top_10_MarketCap,10,2019,MSFT,SELL,0.0002,157.7,0.03
Top_10_MarketCap,10,2019,AAPL,SELL,0.0005,73.41,0.03
Top_10_MarketCap,10,2019,GOOGL,SELL,0.0003,66.97,0.02
Top_10_MarketCap,10,2019,AMZN,SELL,0.0003,92.39,0.02
Top_10_MarketCap,10,2019,V,SELL,0.0001,187.9,0.0
Top_10_MarketCap,10,2019,PG,SELL,0.0001,124.9,0.0
Top_10_MarketCap,10,2019,MSFT,SELL,0.0,157.7,0.0
Top_10_MarketCap,10,2019,AAPL,SELL,0.0001,73.41,0.0
Top_10_MarketCap,10,2019,GOOGL,SELL,0.0,66.97,0.0
Top_10_MarketCap,10,2019,AMZN,SELL,0.0,92.39,0.0
Top_10_MarketCap,10,2019,V,SELL,0.0,187.9,0.0
Top_10_MarketCap,10,2019,PG,SELL,0.0,124.9,0.0
Top_10_MarketCap,10,2019,MSFT,SELL,0.0,157.7,0.0
Top_10_MarketCap,10,2019,AAPL,SELL,0.0,73.41,0.0
Top_10_MarketCap,10,2019,GOOGL,SELL,0.0,66.97,0.0
Top_10_MarketCap,10,2019,AMZN,SELL,0.0,92.39,0.0
Top_10_MarketCap,10,2019,V,SELL,0.0,187.9,0.0
Top_10_MarketCap,10,2019,PG,SELL,0.0,124.9,0.0
Top_10_MarketCap,10,2019,MSFT,SELL,0.0,157.7,0.0
Top_10_MarketCap,10,2019,AAPL,SELL,0.0,73.41,0.0
Top_10_MarketCap,10,2019,GOOGL,SELL,0.0,66.97,0.0
Top_10_MarketCap,10,2019,AMZN,SELL,0.0,92.39,0.0
Top_10_MarketCap,10,2019,V,SELL,0.0,187.9,0.0
Top_10_MarketCap,10,2019,PG,SELL,0.0,124.9,0.0
Top_10_MarketCap,10,2019,AAPL,SELL,0.0,73.41,0.0
Top_10_MarketCap,10,2019,GOOGL,SELL,0.0,66.97,0.0
Top_10_MarketCap,10,2019,AMZN,SELL,0.0,92.39,0.0
Top_10_MarketCap,10,2019,MSFT,SELL,0.0,157.7,0.0
Top_10_MarketCap,10,2019,META,BUY,4.6515,205.25,0.0
Top_10_MarketCap,10,2019,BRK.B,BUY,2.1585,226.5,0.0
Top_10_MarketCap,10,2019,JPM,BUY,0.7584,139.4,0.0
Top_10_MarketCap,10,2019,JNJ,BUY,1.7844,145.87,0.0
Top_10_MarketCap,10,2020,JNJ,SELL,2.06,157.38,193.56
Top_10_MarketCap,10,2020,JPM,SELL,1.6863,127.07,148.5
Top_10_MarketCap,10,2020,BRK.B,SELL,1.8583,231.87,264.19
Top_10_MarketCap,10,2020,META,SELL,4.9379,273.16,832.03
Top_10_MarketCap,10,2020,V,SELL,1.8155,218.73,157.57
Top_10_MarketCap,10,2020,PG,SELL,16.8154,139.14,794.02
Top_10_MarketCap,10,2020,JNJ,SELL,0.2393,157.38,22.48
Top_10_MarketCap,10,2020,JPM,SELL,0.2736,127.07,24.09
Top_10_MarketCap,10,2020,BRK.B,SELL,0.1749,231.87,24.87
Top_10_MarketCap,10,2020,META,SELL,0.2227,273.16,37.53
Top_10_MarketCap,10,2020,V,SELL,0.1589,218.73,13.79
Top_10_MarketCap,10,2020,JNJ,SELL,0.0107,157.38,1.0
Top_10_MarketCap,10,2020,JPM,SELL,0.0122,127.07,1.07
Top_10_MarketCap,10,2020,BRK.B,SELL,0.0078,231.87,1.11
Top_10_MarketCap,10,2020,META,SELL,0.0099,273.16,1.67
Top_10_MarketCap,10,2020,V,SELL,0.0071,218.73,0.62
Top_10_MarketCap,10,2020,JNJ,SELL,0.0005,157.38,0.04
Top_10_MarketCap,10,2020,JPM,SELL,0.0005,127.07,0.05
Top_10_MarketCap,10,2020,BRK.B,SELL,0.0003,231.87,0.05
Top_10_MarketCap,10,2020,META,SELL,0.0004,273.16,0.07
Top_10_MarketCap,10,2020,V,SELL,0.0003,218.73,0.03
Top_10_MarketCap,10,2020,JNJ,SELL,0.0,157.38,0.0
Top_10_MarketCap,10,2020,JPM,SELL,0.0,127.07,0.0
Top_10_MarketCap,10,2020,BRK.B,SELL,0.0,231.87,0.0
Top_10_MarketCap,10,2020,META,SELL,0.0,273.16,0.0
Top_10_MarketCap,10,2020,V,SELL,0.0,218.73,0.0
Top_10_MarketCap,10,2020,JNJ,SELL,0.0,157.38,0.0
Top_10_MarketCap,10,2020,JPM,SELL,0.0,127.07,0.0
Top_10_MarketCap,10,2020,BRK.B,SELL,0.0,231.87,0.0
Top_10_MarketCap,10,2020,META,SELL,0.0,273.16,0.0
Top_10_MarketCap,10,2020,V,SELL,0.0,218.73,0.0
Top_10_MarketCap,10,2020,AAPL,BUY,1.8478,132.69,0.0
Top_10_MarketCap,10,2020,MSFT,BUY,2.3347,222.42,0.0
Top_10_MarketCap,10,2020,AMZN,BUY,0.4608,162.85,0.0
Top_10_MarketCap,10,2020,GOOGL,BUY,9.7174,87.63,0.0
Top_10_MarketCap,10,2020,TSLA,BUY,13.0954,235.22,0.0
Top_10_MarketCap,10,2021,MSFT,SELL,3.4029,336.32,1053.53
Top_10_MarketCap,10,2021,JPM,SELL,17.1113,158.35,1809.01
Top_10_MarketCap,10,2021,AAPL,SELL,7.6547,177.57,1301.61
Top_10_MarketCap,10,2021,GOOGL,SELL,3.6086,144.85,458.83
Top_10_MarketCap,10,2021,V,SELL,9.9407,216.71,842.68
Top_10_MarketCap,10,2021,MSFT,SELL,1.0027,336.32,310.42
Top_10_MarketCap,10,2021,AAPL,SELL,2.1135,177.57,359.37
Top_10_MarketCap,10,2021,GOOGL,SELL,1.577,144.85,200.52
Top_10_MarketCap,10,2021,AMZN,SELL,1.0203,166.72,135.63
Top_10_MarketCap,10,2021,META,SELL,0.1737,336.35,40.24
Top_10_MarketCap,10,2021,MSFT,SELL,0.1814,336.32,56.15
Top_10_MarketCap,10,2021,AAPL,SELL,0.3823,177.57,65.01
Top_10_MarketCap,10,2021,GOOGL,SELL,0.2853,144.85,36.27
Top_10_MarketCap,10,2021,AMZN,SELL,0.2242,166.72,29.81
Top_10_MarketCap,10,2021,META,SELL,0.0644,336.35,14.91
Top_10_MarketCap,10,2021,MSFT,SELL,0.035,336.32,10.85
Top_10_MarketCap,10,2021,AAPL,SELL,0.0739,177.57,12.56
Top_10_MarketCap,10,2021,GOOGL,SELL,0.0551,144.85,7.01
Top_10_MarketCap,10,2021,AMZN,SELL,0.0433,166.72,5.76
Top_10_MarketCap,10,2021,META,SELL,0.0124,336.35,2.88
Top_10_MarketCap,10,2021,MSFT,SELL,0.0068,336.32,2.1
Top_10_MarketCap,10,2021,AAPL,SELL,0.0143,177.57,2.43
Top_10_MarketCap,10,2021,GOOGL,SELL,0.0107,144.85,1.35
Top_10_MarketCap,10,2021,AMZN,SELL,0.0084,166.72,1.11
Top_10_MarketCap,10,2021,META,SELL,0.0024,336.35,0.56
Top_10_MarketCap,10,2021,MSFT,SELL,0.0013,336.32,0.41
Top_10_MarketCap,10,2021,AAPL,SELL,0.0028,177.57,0.47
Top_10_MarketCap,10,2021,GOOGL,SELL,0.0021,144.85,0.26
Top_10_MarketCap,10,2021,AMZN,SELL,0.0016,166.72,0.22
Top_10_MarketCap,10,2021,META,SELL,0.0005,336.35,0.11
Top_10_MarketCap,10,2021,MSFT,SELL,0.0003,336.32,0.08
Top_10_MarketCap,10,2021,AAPL,SELL,0.0005,177.57,0.09
Top_10_MarketCap,10,2021,GOOGL,SELL,0.0004,144.85,0.05
Top_10_MarketCap,10,2021,AMZN,SELL,0.0003,166.72,0.04
Top_10_MarketCap,10,2021,META,SELL,0.0001,336.35,0.02
Top_10_MarketCap,10,2021,MSFT,SELL,0.0,336.32,0.02
Top_10_MarketCap,10,2021,AAPL,SELL,0.0001,177.57,0.02
Top_10_MarketCap,10,2021,GOOGL,SELL,0.0001,144.85,0.01
Top_10_MarketCap,10,2021,AMZN,SELL,0.0001,166.72,0.01
Top_10_MarketCap,10,2021,META,SELL,0.0,336.35,0.0
Top_10_MarketCap,10,2021,MSFT,SELL,0.0,336.32,0.0
Top_10_MarketCap,10,2021,AAPL,SELL,0.0,177.57,0.0
Top_10_MarketCap,10,2021,GOOGL,SELL,0.0,144.85,0.0
Top_10_MarketCap,10,2021,AMZN,SELL,0.0,166.72,0.0
Top_10_MarketCap,10,2021,META,SELL,0.0,336.35,0.0
Top_10_MarketCap,10,2021,MSFT,SELL,0.0,336.32,0.0
Top_10_MarketCap,10,2021,AAPL,SELL,0.0,177.57,0.0
Top_10_MarketCap,10,2021,GOOGL,SELL,0.0,144.85,0.0
Top_10_MarketCap,10,2021,AMZN,SELL,0.0,166.72,0.0
Top_10_MarketCap,10,2021,META,SELL,0.0,336.35,0.0
Top_10_MarketCap,10,2021,MSFT,SELL,0.0,336.32,0.0
Top_10_MarketCap,10,2021,AAPL,SELL,0.0,177.57,0.0
Top_10_MarketCap,10,2021,GOOGL,SELL,0.0,144.85,0.0
Top_10_MarketCap,10,2021,AMZN,SELL,0.0,166.72,0.0
Top_10_MarketCap,10,2021,META,SELL,0.0,336.35,0.0
Top_10_MarketCap,10,2021,AAPL,SELL,0.0,177.57,0.0
Top_10_MarketCap,10,2021,GOOGL,SELL,0.0,144.85,0.0
Top_10_MarketCap,10,2021,TSLA,BUY,0.5569,352.26,0.0
Top_10_MarketCap,10,2021,NVDA,BUY,127.9733,29.41,0.0
Top_10_MarketCap,10,2021,BRK.B,BUY,0.2487,299.0,0.0
Top_10_MarketCap,10,2021,UNH,BUY,6.2461,502.14,0.0
Top_10_MarketCap,10,2021,JNJ,BUY,2.1447,171.07,0.0
Top_10_MarketCap,10,2022,MSFT,SELL,0.8306,239.82,177.01
Top_10_MarketCap,10,2022,JNJ,SELL,2.7392,176.65,310.16
Top_10_MarketCap,10,2022,AAPL,SELL,4.308,129.93,527.3
Top_10_MarketCap,10,2022,BRK.B,SELL,1.4286,308.9,313.15
Top_10_MarketCap,10,2022,META,SELL,13.6764,120.34,-264.06
Top_10_MarketCap,10,2022,TSLA,SELL,13.6523,123.18,-1594.78
Top_10_MarketCap,10,2022,UNH,SELL,0.8587,530.18,24.08
Top_10_MarketCap,10,2022,MSFT,SELL,0.0739,239.82,15.74
Top_10_MarketCap,10,2022,JNJ,SELL,0.0281,176.65,3.19
Top_10_MarketCap,10,2022,AAPL,SELL,0.1507,129.93,18.44
Top_10_MarketCap,10,2022,BRK.B,SELL,0.0191,308.9,4.19
Top_10_MarketCap,10,2022,UNH,SELL,0.0105,530.18,0.3
Top_10_MarketCap,10,2022,GOOGL,BUY,0.4019,88.23,0.0
Top_10_MarketCap,10,2022,AMZN,BUY,3.2472,84.0,0.0
Top_10_MarketCap,10,2022,XOM,BUY,24.4091,110.3,0.0
Top_10_MarketCap,10,2022,JPM,BUY,17.715,134.1,0.0
Top_10_MarketCap,10,2022,NVDA,BUY,23.7866,14.61,0.0
Top_10_MarketCap,10,2023,JNJ,SELL,14.3445,156.74,753.23
Top_10_MarketCap,10,2023,AAPL,SELL,0.0146,192.53,2.7
Top_10_MarketCap,10,2023,GOOGL,SELL,29.9067,139.69,3359.99
Top_10_MarketCap,10,2023,AMZN,SELL,3.6926,151.94,436.29
Top_10_MarketCap,10,2023,NVDA,SELL,2.5095,49.52,50.47
Top_10_MarketCap,10,2023,XOM,SELL,24.4091,99.98,-251.9
Top_10_MarketCap,10,2023,JPM,SELL,1.1017,170.1,39.66
Top_10_MarketCap,10,2023,AAPL,SELL,1.4998,192.53,277.46
Top_10_MarketCap,10,2023,GOOGL,SELL,0.608,139.69,53.16
Top_10_MarketCap,10,2023,AMZN,SELL,0.9223,151.94,108.97
Top_10_MarketCap,10,2023,NVDA,SELL,2.9155,49.52,58.63
Top_10_MarketCap,10,2023,JPM,SELL,0.3245,170.1,11.68
Top_10_MarketCap,10,2023,AAPL,SELL,0.1748,192.53,32.35
Top_10_MarketCap,10,2023,GOOGL,SELL,0.0709,139.69,6.2
Top_10_MarketCap,10,2023,AMZN,SELL,0.1075,151.94,12.7
Top_10_MarketCap,10,2023,NVDA,SELL,0.3399,49.52,6.84
Top_10_MarketCap,10,2023,JPM,SELL,0.0378,170.1,1.36
Top_10_MarketCap,10,2023,AAPL,SELL,0.0204,192.53,3.77
Top_10_MarketCap,10,2023,GOOGL,SELL,0.0083,139.69,0.72
Top_10_MarketCap,10,2023,AMZN,SELL,0.0125,151.94,1.48
Top_10_MarketCap,10,2023,NVDA,SELL,0.0396,49.52,0.8
Top_10_MarketCap,10,2023,JPM,SELL,0.0044,170.1,0.16
Top_10_MarketCap,10,2023,AAPL,SELL,0.0024,192.53,0.44
Top_10_MarketCap,10,2023,GOOGL,SELL,0.001,139.69,0.08
Top_10_MarketCap,10,2023,AMZN,SELL,0.0015,151.94,0.17
Top_10_MarketCap,10,2023,NVDA,SELL,0.0046,49.52,0.09
Top_10_MarketCap,10,2023,JPM,SELL,0.0005,170.1,0.02
Top_10_MarketCap,10,2023,AAPL,SELL,0.0003,192.53,0.05
Top_10_MarketCap,10,2023,GOOGL,SELL,0.0001,139.69,0.01
Top_10_MarketCap,10,2023,AMZN,SELL,0.0002,151.94,0.02
Top_10_MarketCap,10,2023,NVDA,SELL,0.0005,49.52,0.01
Top_10_MarketCap,10,2023,JPM,SELL,0.0001,170.1,0.0
Top_10_MarketCap,10,2023,AAPL,SELL,0.0,192.53,0.01
Top_10_MarketCap,10,2023,GOOGL,SELL,0.0,139.69,0.0
Top_10_MarketCap,10,2023,AMZN,SELL,0.0,151.94,0.0
Top_10_MarketCap,10,2023,NVDA,SELL,0.0001,49.52,0.0
Top_10_MarketCap,10,2023,JPM,SELL,0.0,170.1,0.0
Top_10_MarketCap,10,2023,AAPL,SELL,0.0,192.53,0.0
Top_10_MarketCap,10,2023,GOOGL,SELL,0.0,139.69,0.0
Top_10_MarketCap,10,2023,AMZN,SELL,0.0,151.94,0.0
Top_10_MarketCap,10,2023,NVDA,SELL,0.0,49.52,0.0
Top_10_MarketCap,10,2023,JPM,SELL,0.0,170.1,0.0
Top_10_MarketCap,10,2023,AAPL,SELL,0.0,192.53,0.0
Top_10_MarketCap,10,2023,GOOGL,SELL,0.0,139.69,0.0
Top_10_MarketCap,10,2023,AMZN,SELL,0.0,151.94,0.0
Top_10_MarketCap,10,2023,NVDA,SELL,0.0,49.52,0.0
Top_10_MarketCap,10,2023,JPM,SELL,0.0,170.1,0.0
Top_10_MarketCap,10,2023,MSFT,BUY,2.494,376.04,0.0
Top_10_MarketCap,10,2023,META,BUY,12.6116,353.96,0.0
Top_10_MarketCap,10,2023,BRK.B,BUY,0.9869,356.66,0.0
Top_10_MarketCap,10,2023,TSLA,BUY,14.5433,248.48,0.0
Top_10_MarketCap,10,2023,UNH,BUY,0.2759,526.47,0.0
Top_10_MarketCap,10,2024,NVDA,SELL,9.1463,134.29,959.27
Top_10_MarketCap,10,2024,UNH,SELL,5.6528,505.86,14.32
Top_10_MarketCap,10,2024,JPM,SELL,0.4671,239.71,49.33
Top_10_MarketCap,10,2024,META,SELL,0.1532,585.51,35.48
Top_10_MarketCap,10,2024,TSLA,SELL,3.1704,403.84,492.55
Top_10_MarketCap,10,2024,BRK.B,SELL,0.0637,453.28,23.14
Top_10_MarketCap,10,2024,NVDA,SELL,0.8163,134.29,85.61
Top_10_MarketCap,10,2024,JPM,SELL,0.0941,239.71,9.94
Top_10_MarketCap,10,2024,META,SELL,0.0743,585.51,17.21
Top_10_MarketCap,10,2024,TSLA,SELL,0.0679,403.84,10.54
Top_10_MarketCap,10,2024,BRK.B,SELL,0.0049,453.28,1.78
Top_10_MarketCap,10,2024,NVDA,SELL,0.0623,134.29,6.54
Top_10_MarketCap,10,2024,JPM,SELL,0.0072,239.71,0.76
Top_10_MarketCap,10,2024,META,SELL,0.0057,585.51,1.31
Top_10_MarketCap,10,2024,TSLA,SELL,0.0052,403.84,0.8
Top_10_MarketCap,10,2024,BRK.B,SELL,0.0004,453.28,0.14
Top_10_MarketCap,10,2024,NVDA,SELL,0.0048,134.29,0.5
Top_10_MarketCap,10,2024,JPM,SELL,0.0005,239.71,0.06
Top_10_MarketCap,10,2024,META,SELL,0.0004,585.51,0.1
Top_10_MarketCap,10,2024,TSLA,SELL,0.0004,403.84,0.06
Top_10_MarketCap,10,2024,BRK.B,SELL,0.0,453.28,0.01
Top_10_MarketCap,10,2024,NVDA,SELL,0.0004,134.29,0.04
Top_10_MarketCap,10,2024,JPM,SELL,0.0,239.71,0.0
Top_10_MarketCap,10,2024,META,SELL,0.0,585.51,0.01
Top_10_MarketCap,10,2024,TSLA,SELL,0.0,403.84,0.0
Top_10_MarketCap,10,2024,BRK.B,SELL,0.0,453.28,0.0
Top_10_MarketCap,10,2024,NVDA,SELL,0.0,134.29,0.0
Top_10_MarketCap,10,2024,JPM,SELL,0.0,239.71,0.0
Top_10_MarketCap,10,2024,META,SELL,0.0,585.51,0.0
Top_10_MarketCap,10,2024,TSLA,SELL,0.0,403.84,0.0
Top_10_MarketCap,10,2024,BRK.B,SELL,0.0,453.28,0.0
Top_10_MarketCap,10,2024,NVDA,SELL,0.0,134.29,0.0
Top_10_MarketCap,10,2024,JPM,SELL,0.0,239.71,0.0
Top_10_MarketCap,10,2024,META,SELL,0.0,585.51,0.0
Top_10_MarketCap,10,2024,TSLA,SELL,0.0,403.84,0.0
Top_10_MarketCap,10,2024,NVDA,SELL,0.0,134.29,0.0
Top_10_MarketCap,10,2024,AAPL,BUY,1.0253,250.42,0.0
Top_10_MarketCap,10,2024,MSFT,BUY,1.258,421.5,0.0
Top_10_MarketCap,10,2024,AMZN,BUY,0.324,219.39,0.0
Top_10_MarketCap,10,2024,GOOGL,BUY,2.1785,189.3,0.0
Top_10_MarketCap,10,2024,AVGO,BUY,18.5247,231.84,0.0
World_Top_3_MarketCap,3,2004,GE,BUY,20.7316,174.92,0.0
World_Top_3_MarketCap,3,2004,XOM,BUY,66.4571,51.26,0.0
World_Top_3_MarketCap,3,2004,MSFT,BUY,111.0417,26.72,0.0
World_Top_3_MarketCap,3,2005,MSFT,SELL,0.7037,26.15,-0.4
World_Top_3_MarketCap,3,2005,MSFT,SELL,0.6469,26.15,-0.37
World_Top_3_MarketCap,3,2005,XOM,BUY,2.2866,56.17,0.0
World_Top_3_MarketCap,3,2005,GE,BUY,0.2862,167.97,0.0
World_Top_3_MarketCap,3,2006,XOM,SELL,6.1535,76.63,156.11
World_Top_3_MarketCap,3,2006,XOM,SELL,0.5812,76.63,14.75
World_Top_3_MarketCap,3,2006,XOM,SELL,0.0221,76.63,0.56
World_Top_3_MarketCap,3,2006,XOM,SELL,0.0008,76.63,0.02
World_Top_3_MarketCap,3,2006,XOM,SELL,0.0,76.63,0.0
World_Top_3_MarketCap,3,2006,XOM,SELL,0.0,76.63,0.0
World_Top_3_MarketCap,3,2006,GE,BUY,1.9187,178.33,0.0
World_Top_3_MarketCap,3,2006,MSFT,BUY,9.6154,29.86,0.0
World_Top_3_MarketCap,3,2007,MSFT,SELL,6.794,35.6,60.33
World_Top_3_MarketCap,3,2007,MSFT,SELL,0.752,35.6,6.68
World_Top_3_MarketCap,3,2007,MSFT,SELL,0.0157,35.6,0.14
World_Top_3_MarketCap,3,2007,MSFT,SELL,0.0003,35.6,0.0
World_Top_3_MarketCap,3,2007,MSFT,SELL,0.0,35.6,0.0
World_Top_3_MarketCap,3,2007,MSFT,SELL,0.0,35.6,0.0
World_Top_3_MarketCap,3,2007,XOM,BUY,0.9181,93.69,0.0
World_Top_3_MarketCap,3,2007,GE,BUY,1.9431,177.66,0.0
World_Top_3_MarketCap,3,2008,GE,SELL,24.8796,77.64,-2430.17
World_Top_3_MarketCap,3,2008,XOM,SELL,5.7927,79.83,165.5
World_Top_3_MarketCap,3,2008,MSFT,SELL,111.7445,19.44,-843.69
World_Top_3_MarketCap,3,2008,XOM,SELL,0.5396,79.83,15.42
World_Top_3_MarketCap,3,2008,WMT,BUY,134.2407,18.69,0.0
World_Top_3_MarketCap,3,2008,PG,BUY,37.3381,61.82,0.0
World_Top_3_MarketCap,3,2009,XOM,SELL,3.8349,68.19,64.93
World_Top_3_MarketCap,3,2009,WMT,SELL,134.2407,17.82,-116.79
World_Top_3_MarketCap,3,2009,PG,SELL,37.3381,60.63,-44.43
World_Top_3_MarketCap,3,2009,XOM,SELL,0.3755,68.19,6.36
World_Top_3_MarketCap,3,2009,MSFT,BUY,90.7858,30.48,0.0
World_Top_3_MarketCap,3,2009,AAPL,BUY,308.2121,7.53,0.0
World_Top_3_MarketCap,3,2010,AAPL,SELL,13.911,11.52,55.5
World_Top_3_MarketCap,3,2010,AAPL,SELL,1.2385,11.52,4.94
World_Top_3_MarketCap,3,2010,XOM,BUY,0.179,73.12,0.0
World_Top_3_MarketCap,3,2010,MSFT,BUY,9.3216,27.91,0.0
World_Top_3_MarketCap,3,2011,XOM,SELL,0.5607,84.76,18.78
World_Top_3_MarketCap,3,2011,AAPL,SELL,14.4904,14.46,100.42
World_Top_3_MarketCap,3,2011,XOM,SELL,0.225,84.76,7.54
World_Top_3_MarketCap,3,2011,AAPL,SELL,1.2058,14.46,8.36
World_Top_3_MarketCap,3,2011,MSFT,BUY,15.7646,25.96,0.0
World_Top_3_MarketCap,3,2012,XOM,SELL,3.4175,86.55,120.6
World_Top_3_MarketCap,3,2012,MSFT,SELL,115.872,26.71,-341.62
World_Top_3_MarketCap,3,2012,XOM,SELL,0.2893,86.55,10.21
World_Top_3_MarketCap,3,2012,AAPL,BUY,7.0157,19.01,0.0
World_Top_3_MarketCap,3,2012,GOOGL,BUY,195.7881,17.7,0.0
World_Top_3_MarketCap,3,2013,GOOGL,SELL,22.932,28.05,237.35
World_Top_3_MarketCap,3,2013,GOOGL,SELL,0.7577,28.05,7.84
World_Top_3_MarketCap,3,2013,AAPL,BUY,33.588,20.04,0.0
World_Top_3_MarketCap,3,2013,XOM,BUY,1.5614,101.2,0.0
World_Top_3_MarketCap,3,2014,AAPL,SELL,43.0274,27.59,863.13
World_Top_3_MarketCap,3,2014,GOOGL,SELL,172.0985,26.53,1519.63
World_Top_3_MarketCap,3,2014,AAPL,SELL,1.2715,27.59,25.51
World_Top_3_MarketCap,3,2014,XOM,BUY,8.7279,92.45,0.0
World_Top_3_MarketCap,3,2014,MSFT,BUY,111.4649,46.45,0.0
World_Top_3_MarketCap,3,2015,MSFT,SELL,3.6654,55.48,33.1
World_Top_3_MarketCap,3,2015,MSFT,SELL,0.7928,55.48,7.16
World_Top_3_MarketCap,3,2015,AAPL,BUY,10.3672,26.32,0.0
World_Top_3_MarketCap,3,2015,XOM,BUY,3.7197,77.95,0.0
World_Top_3_MarketCap,3,2016,XOM,SELL,62.0569,90.26,1829.36
World_Top_3_MarketCap,3,2016,AAPL,BUY,10.697,28.95,0.0
World_Top_3_MarketCap,3,2016,MSFT,BUY,1.1787,62.14,0.0
World_Top_3_MarketCap,3,2016,AMZN,BUY,137.9372,37.49,0.0
World_Top_3_MarketCap,3,2017,AAPL,SELL,17.6793,42.31,614.89
World_Top_3_MarketCap,3,2017,AAPL,SELL,2.6696,42.31,92.85
World_Top_3_MarketCap,3,2017,AAPL,SELL,0.256,42.31,8.9
World_Top_3_MarketCap,3,2017,AAPL,SELL,0.0246,42.31,0.85
World_Top_3_MarketCap,3,2017,AAPL,SELL,0.0024,42.31,0.08
World_Top_3_MarketCap,3,2017,AAPL,SELL,0.0002,42.31,0.01
World_Top_3_MarketCap,3,2017,AAPL,SELL,0.0,42.31,0.0
World_Top_3_MarketCap,3,2017,AAPL,SELL,0.0,42.31,0.0
World_Top_3_MarketCap,3,2017,AAPL,SELL,0.0,42.31,0.0
World_Top_3_MarketCap,3,2017,MSFT,BUY,8.0239,85.54,0.0
World_Top_3_MarketCap,3,2017,AMZN,BUY,3.7387,58.47,0.0
World_Top_3_MarketCap,3,2018,AMZN,SELL,1.9237,75.1,72.35
World_Top_3_MarketCap,3,2018,AMZN,SELL,0.58,75.1,21.81
World_Top_3_MarketCap,3,2018,AMZN,SELL,0.0272,75.1,1.02
World_Top_3_MarketCap,3,2018,AMZN,SELL,0.0013,75.1,0.05
World_Top_3_MarketCap,3,2018,AMZN,SELL,0.0001,75.1,0.0
World_Top_3_MarketCap,3,2018,AMZN,SELL,0.0,75.1,0.0
World_Top_3_MarketCap,3,2018,AMZN,SELL,0.0,75.1,0.0
World_Top_3_MarketCap,3,2018,MSFT,BUY,1.802,101.57,0.0
World_Top_3_MarketCap,3,2018,AAPL,BUY,6.4339,39.44,0.0
World_Top_3_MarketCap,3,2019,AAPL,SELL,13.8852,73.41,914.76
World_Top_3_MarketCap,3,2019,AAPL,SELL,2.0587,73.41,135.63
World_Top_3_MarketCap,3,2019,AAPL,SELL,0.2067,73.41,13.62
World_Top_3_MarketCap,3,2019,AAPL,SELL,0.0207,73.41,1.37
World_Top_3_MarketCap,3,2019,AAPL,SELL,0.0021,73.41,0.14
World_Top_3_MarketCap,3,2019,AAPL,SELL,0.0002,73.41,0.01
World_Top_3_MarketCap,3,2019,AAPL,SELL,0.0,73.41,0.0
World_Top_3_MarketCap,3,2019,AAPL,SELL,0.0,73.41,0.0
World_Top_3_MarketCap,3,2019,AAPL,SELL,0.0,73.41,0.0
World_Top_3_MarketCap,3,2019,MSFT,BUY,2.254,157.7,0.0
World_Top_3_MarketCap,3,2019,AMZN,BUY,8.8491,92.39,0.0
World_Top_3_MarketCap,3,2020,AAPL,SELL,0.5226,132.69,65.41
World_Top_3_MarketCap,3,2020,AMZN,SELL,5.8305,162.85,730.91
World_Top_3_MarketCap,3,2020,AAPL,SELL,1.1554,132.69,144.62
World_Top_3_MarketCap,3,2020,AMZN,SELL,0.6226,162.85,78.05
World_Top_3_MarketCap,3,2020,AAPL,SELL,0.204,132.69,25.53
World_Top_3_MarketCap,3,2020,AMZN,SELL,0.1099,162.85,13.78
World_Top_3_MarketCap,3,2020,AAPL,SELL,0.036,132.69,4.51
World_Top_3_MarketCap,3,2020,AMZN,SELL,0.0194,162.85,2.43
World_Top_3_MarketCap,3,2020,AAPL,SELL,0.0064,132.69,0.8
World_Top_3_MarketCap,3,2020,AMZN,SELL,0.0034,162.85,0.43
World_Top_3_MarketCap,3,2020,AAPL,SELL,0.0011,132.69,0.14
World_Top_3_MarketCap,3,2020,AMZN,SELL,0.0006,162.85,0.08
World_Top_3_MarketCap,3,2020,AAPL,SELL,0.0002,132.69,0.02
World_Top_3_MarketCap,3,2020,AMZN,SELL,0.0001,162.85,0.01
World_Top_3_MarketCap,3,2020,AAPL,SELL,0.0,132.69,0.0
World_Top_3_MarketCap,3,2020,AMZN,SELL,0.0,162.85,0.0
World_Top_3_MarketCap,3,2020,AAPL,SELL,0.0,132.69,0.0
World_Top_3_MarketCap,3,2020,AMZN,SELL,0.0,162.85,0.0
World_Top_3_MarketCap,3,2020,AAPL,SELL,0.0,132.69,0.0
World_Top_3_MarketCap,3,2020,AMZN,SELL,0.0,162.85,0.0
World_Top_3_MarketCap,3,2020,AAPL,SELL,0.0,132.69,0.0
World_Top_3_MarketCap,3,2020,AMZN,SELL,0.0,162.85,0.0
World_Top_3_MarketCap,3,2020,MSFT,BUY,5.9955,222.42,0.0
World_Top_3_MarketCap,3,2021,AAPL,SELL,10.6817,177.57,1816.31
World_Top_3_MarketCap,3,2021,MSFT,SELL,5.8004,336.32,1681.35
World_Top_3_MarketCap,3,2021,AMZN,SELL,141.4063,166.72,17709.68
World_Top_3_MarketCap,3,2021,AAPL,SELL,14.5001,177.57,2465.6
World_Top_3_MarketCap,3,2021,MSFT,SELL,6.938,336.32,2011.13
World_Top_3_MarketCap,3,2021,AAPL,SELL,2.988,177.57,508.08
World_Top_3_MarketCap,3,2021,MSFT,SELL,1.4297,336.32,414.42
World_Top_3_MarketCap,3,2021,AAPL,SELL,0.6157,177.57,104.7
World_Top_3_MarketCap,3,2021,MSFT,SELL,0.2946,336.32,85.4
World_Top_3_MarketCap,3,2021,AAPL,SELL,0.1269,177.57,21.57
World_Top_3_MarketCap,3,2021,MSFT,SELL,0.0607,336.32,17.6
World_Top_3_MarketCap,3,2021,AAPL,SELL,0.0261,177.57,4.45
World_Top_3_MarketCap,3,2021,MSFT,SELL,0.0125,336.32,3.63
World_Top_3_MarketCap,3,2021,AAPL,SELL,0.0054,177.57,0.92
World_Top_3_MarketCap,3,2021,MSFT,SELL,0.0026,336.32,0.75
World_Top_3_MarketCap,3,2021,AAPL,SELL,0.0011,177.57,0.19
World_Top_3_MarketCap,3,2021,MSFT,SELL,0.0005,336.32,0.15
World_Top_3_MarketCap,3,2021,AAPL,SELL,0.0002,177.57,0.04
World_Top_3_MarketCap,3,2021,MSFT,SELL,0.0001,336.32,0.03
World_Top_3_MarketCap,3,2021,AAPL,SELL,0.0,177.57,0.01
World_Top_3_MarketCap,3,2021,MSFT,SELL,0.0,336.32,0.01
World_Top_3_MarketCap,3,2021,AAPL,SELL,0.0,177.57,0.0
World_Top_3_MarketCap,3,2021,MSFT,SELL,0.0,336.32,0.0
World_Top_3_MarketCap,3,2021,AAPL,SELL,0.0,177.57,0.0
World_Top_3_MarketCap,3,2021,MSFT,SELL,0.0,336.32,0.0
World_Top_3_MarketCap,3,2021,AAPL,SELL,0.0,177.57,0.0
World_Top_3_MarketCap,3,2021,MSFT,SELL,0.0,336.32,0.0
World_Top_3_MarketCap,3,2021,GOOGL,BUY,178.8972,144.85,0.0
World_Top_3_MarketCap,3,2022,AAPL,SELL,5.1683,129.93,632.61
World_Top_3_MarketCap,3,2022,AAPL,SELL,1.0533,129.93,128.92
World_Top_3_MarketCap,3,2022,AAPL,SELL,0.1203,129.93,14.72
World_Top_3_MarketCap,3,2022,AAPL,SELL,0.0137,129.93,1.68
World_Top_3_MarketCap,3,2022,AAPL,SELL,0.0016,129.93,0.19
World_Top_3_MarketCap,3,2022,AAPL,SELL,0.0002,129.93,0.02
World_Top_3_MarketCap,3,2022,AAPL,SELL,0.0,129.93,0.0
World_Top_3_MarketCap,3,2022,AAPL,SELL,0.0,129.93,0.0
World_Top_3_MarketCap,3,2022,AAPL,SELL,0.0,129.93,0.0
World_Top_3_MarketCap,3,2022,MSFT,BUY,0.9071,239.82,0.0
World_Top_3_MarketCap,3,2022,GOOGL,BUY,8.1877,88.23,0.0
World_Top_3_MarketCap,3,2023,GOOGL,SELL,187.0849,139.69,-501.77
World_Top_3_MarketCap,3,2023,MSFT,BUY,8.6025,376.04,0.0
World_Top_3_MarketCap,3,2023,AAPL,BUY,2.4729,192.53,0.0
World_Top_3_MarketCap,3,2023,NVDA,BUY,460.2971,49.52,0.0
World_Top_3_MarketCap,3,2024,NVDA,SELL,33.5529,134.29,2844.28
World_Top_3_MarketCap,3,2024,NVDA,SELL,2.2149,134.29,187.75
World_Top_3_MarketCap,3,2024,NVDA,SELL,0.1405,134.29,11.91
World_Top_3_MarketCap,3,2024,NVDA,SELL,0.0089,134.29,0.76
World_Top_3_MarketCap,3,2024,NVDA,SELL,0.0006,134.29,0.05
World_Top_3_MarketCap,3,2024,NVDA,SELL,0.0,134.29,0.0
World_Top_3_MarketCap,3,2024,NVDA,SELL,0.0,134.29,0.0
World_Top_3_MarketCap,3,2024,NVDA,SELL,0.0,134.29,0.0
World_Top_3_MarketCap,3,2024,AAPL,BUY,5.0813,250.42,0.0
World_Top_3_MarketCap,3,2024,MSFT,BUY,7.6382,421.5,0.0
World_Top_5_MarketCap,5,2004,GE,BUY,13.5725,174.92,0.0
World_Top_5_MarketCap,5,2004,XOM,BUY,43.5079,51.26,0.0
World_Top_5_MarketCap,5,2004,MSFT,BUY,72.6963,26.72,0.0
World_Top_5_MarketCap,5,2004,C,BUY,3.733,481.8,0.0
World_Top_5_MarketCap,5,2004,PFE,BUY,64.8638,25.51,0.0
World_Top_5_MarketCap,5,2005,MSFT,SELL,1.3617,26.15,-0.78
World_Top_5_MarketCap,5,2005,C,SELL,0.037,485.3,0.13
World_Top_5_MarketCap,5,2005,PFE,SELL,64.8638,22.13,-219.24
World_Top_5_MarketCap,5,2005,GE,SELL,0.0032,167.97,-0.02
World_Top_5_MarketCap,5,2005,MSFT,SELL,0.5173,26.15,-0.29
World_Top_5_MarketCap,5,2005,C,SELL,0.0268,485.3,0.09
World_Top_5_MarketCap,5,2005,XOM,BUY,0.8735,56.17,0.0
World_Top_5_MarketCap,5,2005,BP,BUY,25.5091,64.22,0.0
World_Top_5_MarketCap,5,2006,XOM,SELL,4.7752,76.63,121.15
World_Top_5_MarketCap,5,2006,BP,SELL,25.5091,67.1,73.47
World_Top_5_MarketCap,5,2006,XOM,SELL,0.2786,76.63,7.07
World_Top_5_MarketCap,5,2006,GE,BUY,0.983,178.33,0.0
World_Top_5_MarketCap,5,2006,MSFT,BUY,4.8777,29.86,0.0
World_Top_5_MarketCap,5,2006,C,BUY,0.0882,557.0,0.0
World_Top_5_MarketCap,5,2006,TM,BUY,14.3355,134.31,0.0
World_Top_5_MarketCap,5,2007,GE,SELL,0.4352,177.66,1.19
World_Top_5_MarketCap,5,2007,XOM,SELL,3.6349,93.69,154.23
World_Top_5_MarketCap,5,2007,MSFT,SELL,12.2896,35.6,109.13
World_Top_5_MarketCap,5,2007,C,SELL,3.7573,294.4,-710.75
World_Top_5_MarketCap,5,2007,GE,SELL,0.0994,177.66,0.27
World_Top_5_MarketCap,5,2007,XOM,SELL,0.2512,93.69,10.66
World_Top_5_MarketCap,5,2007,MSFT,SELL,0.4463,35.6,3.96
World_Top_5_MarketCap,5,2007,TM,BUY,3.6479,106.17,0.0
World_Top_5_MarketCap,5,2007,SHEL,BUY,21.6898,84.2,0.0
World_Top_5_MarketCap,5,2008,XOM,SELL,3.3183,79.83,94.8
World_Top_5_MarketCap,5,2008,MSFT,SELL,62.9592,19.44,-473.66
World_Top_5_MarketCap,5,2008,TM,SELL,17.9834,65.44,-1135.86
World_Top_5_MarketCap,5,2008,SHEL,SELL,21.6898,52.94,-678.02
World_Top_5_MarketCap,5,2008,XOM,SELL,0.3526,79.83,10.07
World_Top_5_MarketCap,5,2008,WMT,BUY,75.3894,18.69,0.0
World_Top_5_MarketCap,5,2008,PG,BUY,20.969,61.82,0.0
World_Top_5_MarketCap,5,2008,JNJ,BUY,20.7245,59.83,0.0
World_Top_5_MarketCap,5,2008,GE,BUY,1.2268,77.64,0.0
World_Top_5_MarketCap,5,2009,GE,SELL,15.2445,72.51,-1445.2
World_Top_5_MarketCap,5,2009,XOM,SELL,1.5353,68.19,25.99
World_Top_5_MarketCap,5,2009,WMT,SELL,75.3894,17.82,-65.59
World_Top_5_MarketCap,5,2009,PG,SELL,20.969,60.63,-24.95
World_Top_5_MarketCap,5,2009,JNJ,SELL,20.7245,64.41,94.92
World_Top_5_MarketCap,5,2009,XOM,SELL,0.2454,68.19,4.15
World_Top_5_MarketCap,5,2009,MSFT,BUY,51.9975,30.48,0.0
World_Top_5_MarketCap,5,2009,AAPL,BUY,176.5283,7.53,0.0
World_Top_5_MarketCap,5,2009,BHP,BUY,18.9499,64.75,0.0
World_Top_5_MarketCap,5,2009,SHEL,BUY,19.5622,60.11,0.0
World_Top_5_MarketCap,5,2010,AAPL,SELL,5.1224,11.52,20.44
World_Top_5_MarketCap,5,2010,BHP,SELL,0.7511,78.57,10.38
World_Top_5_MarketCap,5,2010,SHEL,SELL,19.5622,66.78,130.48
World_Top_5_MarketCap,5,2010,AAPL,SELL,1.037,11.52,4.14
World_Top_5_MarketCap,5,2010,BHP,SELL,0.1101,78.57,1.52
World_Top_5_MarketCap,5,2010,XOM,BUY,0.5538,73.12,0.0
World_Top_5_MarketCap,5,2010,MSFT,BUY,6.1989,27.91,0.0
World_Top_5_MarketCap,5,2010,GE,BUY,15.4427,87.65,0.0
World_Top_5_MarketCap,5,2011,XOM,SELL,2.7893,84.76,93.44
World_Top_5_MarketCap,5,2011,AAPL,SELL,21.6255,14.46,149.86
World_Top_5_MarketCap,5,2011,BHP,SELL,18.0887,59.72,-90.99
World_Top_5_MarketCap,5,2011,GE,SELL,15.4427,85.83,-28.11
World_Top_5_MarketCap,5,2011,XOM,SELL,0.1568,84.76,5.25
World_Top_5_MarketCap,5,2011,AAPL,SELL,0.8402,14.46,5.82
World_Top_5_MarketCap,5,2011,MSFT,BUY,3.5913,25.96,0.0
World_Top_5_MarketCap,5,2011,IBM,BUY,8.7444,175.79,0.0
World_Top_5_MarketCap,5,2011,SHEL,BUY,20.1169,73.09,0.0
World_Top_5_MarketCap,5,2012,XOM,SELL,2.6538,86.55,93.65
World_Top_5_MarketCap,5,2012,AAPL,SELL,0.2673,19.01,3.07
World_Top_5_MarketCap,5,2012,IBM,SELL,8.7444,183.13,64.18
World_Top_5_MarketCap,5,2012,SHEL,SELL,20.1169,68.95,-83.28
World_Top_5_MarketCap,5,2012,XOM,SELL,0.1752,86.55,6.18
World_Top_5_MarketCap,5,2012,AAPL,SELL,1.0368,19.01,11.9
World_Top_5_MarketCap,5,2012,GOOGL,BUY,100.9289,17.7,0.0
World_Top_5_MarketCap,5,2012,MSFT,BUY,2.4198,26.71,0.0
World_Top_5_MarketCap,5,2012,BRK.B,BUY,17.5258,89.7,0.0
World_Top_5_MarketCap,5,2013,MSFT,SELL,2.5344,37.41,17.56
World_Top_5_MarketCap,5,2013,GOOGL,SELL,11.5236,28.05,119.27
World_Top_5_MarketCap,5,2013,MSFT,SELL,0.2645,37.41,1.83
World_Top_5_MarketCap,5,2013,GOOGL,SELL,0.3834,28.05,3.97
World_Top_5_MarketCap,5,2013,AAPL,BUY,17.8782,20.04,0.0
World_Top_5_MarketCap,5,2013,XOM,BUY,0.8928,101.2,0.0
World_Top_5_MarketCap,5,2013,BRK.B,BUY,1.0084,118.56,0.0
World_Top_5_MarketCap,5,2014,MSFT,SELL,0.3623,46.45,5.79
World_Top_5_MarketCap,5,2014,AAPL,SELL,14.5948,27.59,292.77
World_Top_5_MarketCap,5,2014,GOOGL,SELL,89.0219,26.53,786.06
World_Top_5_MarketCap,5,2014,BRK.B,SELL,0.4359,150.15,26.35
World_Top_5_MarketCap,5,2014,MSFT,SELL,0.2613,46.45,4.17
World_Top_5_MarketCap,5,2014,AAPL,SELL,0.6416,27.59,12.87
World_Top_5_MarketCap,5,2014,BRK.B,SELL,0.0775,150.15,4.68
World_Top_5_MarketCap,5,2014,XOM,BUY,6.1515,92.45,0.0
World_Top_5_MarketCap,5,2014,JNJ,BUY,23.6256,104.57,0.0
World_Top_5_MarketCap,5,2015,MSFT,SELL,1.3407,55.48,33.52
World_Top_5_MarketCap,5,2015,BRK.B,SELL,18.0208,132.04,733.9
World_Top_5_MarketCap,5,2015,JNJ,SELL,23.6256,102.72,-43.71
World_Top_5_MarketCap,5,2015,MSFT,SELL,0.3775,55.48,9.44
World_Top_5_MarketCap,5,2015,AAPL,BUY,7.546,26.32,0.0
World_Top_5_MarketCap,5,2015,XOM,BUY,2.4419,77.95,0.0
World_Top_5_MarketCap,5,2015,AMZN,BUY,75.4306,33.79,0.0
World_Top_5_MarketCap,5,2015,META,BUY,20.8741,104.66,0.0
World_Top_5_MarketCap,5,2016,XOM,SELL,3.7556,90.26,146.47
World_Top_5_MarketCap,5,2016,XOM,SELL,0.1504,90.26,5.87
World_Top_5_MarketCap,5,2016,AAPL,BUY,7.556,28.95,0.0
World_Top_5_MarketCap,5,2016,MSFT,BUY,1.2568,62.14,0.0
World_Top_5_MarketCap,5,2016,AMZN,BUY,1.4824,37.49,0.0
World_Top_5_MarketCap,5,2016,META,BUY,1.6824,115.05,0.0
World_Top_5_MarketCap,5,2017,XOM,SELL,30.349,83.64,603.16
World_Top_5_MarketCap,5,2017,AAPL,SELL,18.6818,42.31,649.75
World_Top_5_MarketCap,5,2017,AMZN,SELL,1.6251,58.47,40.11
World_Top_5_MarketCap,5,2017,META,SELL,0.6034,176.46,43.33
World_Top_5_MarketCap,5,2017,AAPL,SELL,0.5408,42.31,18.81
World_Top_5_MarketCap,5,2017,AMZN,SELL,0.2795,58.47,6.9
World_Top_5_MarketCap,5,2017,META,SELL,0.0815,176.46,5.85
World_Top_5_MarketCap,5,2017,MSFT,BUY,1.2018,85.54,0.0
World_Top_5_MarketCap,5,2017,GOOGL,BUY,69.9454,52.67,0.0
World_Top_5_MarketCap,5,2018,MSFT,SELL,3.124,101.57,222.09
World_Top_5_MarketCap,5,2018,AAPL,SELL,6.2881,39.44,200.65
World_Top_5_MarketCap,5,2018,AMZN,SELL,6.149,75.1,254.01
World_Top_5_MarketCap,5,2018,META,SELL,21.8715,131.09,560.59
World_Top_5_MarketCap,5,2018,MSFT,SELL,0.9569,101.57,68.02
World_Top_5_MarketCap,5,2018,AAPL,SELL,2.2747,39.44,72.58
World_Top_5_MarketCap,5,2018,AMZN,SELL,1.1282,75.1,46.61
World_Top_5_MarketCap,5,2018,MSFT,SELL,0.1348,101.57,9.58
World_Top_5_MarketCap,5,2018,AAPL,SELL,0.3204,39.44,10.22
World_Top_5_MarketCap,5,2018,AMZN,SELL,0.1589,75.1,6.56
World_Top_5_MarketCap,5,2018,MSFT,SELL,0.019,101.57,1.35
World_Top_5_MarketCap,5,2018,AAPL,SELL,0.0451,39.44,1.44
World_Top_5_MarketCap,5,2018,AMZN,SELL,0.0224,75.1,0.92
World_Top_5_MarketCap,5,2018,MSFT,SELL,0.0027,101.57,0.19
World_Top_5_MarketCap,5,2018,AAPL,SELL,0.0064,39.44,0.2
World_Top_5_MarketCap,5,2018,AMZN,SELL,0.0032,75.1,0.13
World_Top_5_MarketCap,5,2018,MSFT,SELL,0.0004,101.57,0.03
World_Top_5_MarketCap,5,2018,AAPL,SELL,0.0009,39.44,0.03
World_Top_5_MarketCap,5,2018,AMZN,SELL,0.0004,75.1,0.02
World_Top_5_MarketCap,5,2018,MSFT,SELL,0.0001,101.57,0.0
World_Top_5_MarketCap,5,2018,AAPL,SELL,0.0001,39.44,0.0
World_Top_5_MarketCap,5,2018,AMZN,SELL,0.0001,75.1,0.0
World_Top_5_MarketCap,5,2018,MSFT,SELL,0.0,101.57,0.0
World_Top_5_MarketCap,5,2018,AAPL,SELL,0.0,39.44,0.0
World_Top_5_MarketCap,5,2018,AMZN,SELL,0.0,75.1,0.0
World_Top_5_MarketCap,5,2018,MSFT,SELL,0.0,101.57,0.0
World_Top_5_MarketCap,5,2018,AAPL,SELL,0.0,39.44,0.0
World_Top_5_MarketCap,5,2018,AMZN,SELL,0.0,75.1,0.0
World_Top_5_MarketCap,5,2018,MSFT,SELL,0.0,101.57,0.0
World_Top_5_MarketCap,5,2018,AAPL,SELL,0.0,39.44,0.0
World_Top_5_MarketCap,5,2018,AMZN,SELL,0.0,75.1,0.0
World_Top_5_MarketCap,5,2018,GOOGL,BUY,15.7184,52.25,0.0
World_Top_5_MarketCap,5,2018,BRK.B,BUY,15.3451,204.18,0.0
World_Top_5_MarketCap,5,2019,MSFT,SELL,1.9621,157.7,249.61
World_Top_5_MarketCap,5,2019,AAPL,SELL,14.5696,73.41,959.84
World_Top_5_MarketCap,5,2019,GOOGL,SELL,6.8898,66.97,98.52
World_Top_5_MarketCap,5,2019,BRK.B,SELL,15.3451,226.5,342.5
World_Top_5_MarketCap,5,2019,MSFT,SELL,0.8908,157.7,113.33
World_Top_5_MarketCap,5,2019,AAPL,SELL,1.9582,73.41,129.01
World_Top_5_MarketCap,5,2019,AMZN,SELL,0.5614,92.39,32.9
World_Top_5_MarketCap,5,2019,GOOGL,SELL,1.2684,66.97,18.14
World_Top_5_MarketCap,5,2019,MSFT,SELL,0.1403,157.7,17.85
World_Top_5_MarketCap,5,2019,AAPL,SELL,0.3085,73.41,20.32
World_Top_5_MarketCap,5,2019,AMZN,SELL,0.1727,92.39,10.12
World_Top_5_MarketCap,5,2019,GOOGL,SELL,0.1998,66.97,2.86
World_Top_5_MarketCap,5,2019,MSFT,SELL,0.0245,157.7,3.11
World_Top_5_MarketCap,5,2019,AAPL,SELL,0.0538,73.41,3.54
World_Top_5_MarketCap,5,2019,AMZN,SELL,0.0301,92.39,1.76
World_Top_5_MarketCap,5,2019,GOOGL,SELL,0.0348,66.97,0.5
World_Top_5_MarketCap,5,2019,MSFT,SELL,0.0043,157.7,0.54
World_Top_5_MarketCap,5,2019,AAPL,SELL,0.0094,73.41,0.62
World_Top_5_MarketCap,5,2019,AMZN,SELL,0.0053,92.39,0.31
World_Top_5_MarketCap,5,2019,GOOGL,SELL,0.0061,66.97,0.09
World_Top_5_MarketCap,5,2019,MSFT,SELL,0.0007,157.7,0.09
World_Top_5_MarketCap,5,2019,AAPL,SELL,0.0016,73.41,0.11
World_Top_5_MarketCap,5,2019,AMZN,SELL,0.0009,92.39,0.05
World_Top_5_MarketCap,5,2019,GOOGL,SELL,0.0011,66.97,0.02
World_Top_5_MarketCap,5,2019,MSFT,SELL,0.0001,157.7,0.02
World_Top_5_MarketCap,5,2019,AAPL,SELL,0.0003,73.41,0.02
World_Top_5_MarketCap,5,2019,AMZN,SELL,0.0002,92.39,0.01
World_Top_5_MarketCap,5,2019,GOOGL,SELL,0.0002,66.97,0.0
World_Top_5_MarketCap,5,2019,MSFT,SELL,0.0,157.7,0.0
World_Top_5_MarketCap,5,2019,AAPL,SELL,0.0,73.41,0.0
World_Top_5_MarketCap,5,2019,AMZN,SELL,0.0,92.39,0.0
World_Top_5_MarketCap,5,2019,GOOGL,SELL,0.0,66.97,0.0
World_Top_5_MarketCap,5,2019,MSFT,SELL,0.0,157.7,0.0
World_Top_5_MarketCap,5,2019,AAPL,SELL,0.0,73.41,0.0
World_Top_5_MarketCap,5,2019,AMZN,SELL,0.0,92.39,0.0
World_Top_5_MarketCap,5,2019,GOOGL,SELL,0.0,66.97,0.0
World_Top_5_MarketCap,5,2019,MSFT,SELL,0.0,157.7,0.0
World_Top_5_MarketCap,5,2019,AAPL,SELL,0.0,73.41,0.0
World_Top_5_MarketCap,5,2019,AMZN,SELL,0.0,92.39,0.0
World_Top_5_MarketCap,5,2019,GOOGL,SELL,0.0,66.97,0.0
World_Top_5_MarketCap,5,2019,MSFT,SELL,0.0,157.7,0.0
World_Top_5_MarketCap,5,2019,AAPL,SELL,0.0,73.41,0.0
World_Top_5_MarketCap,5,2019,AMZN,SELL,0.0,92.39,0.0
World_Top_5_MarketCap,5,2019,GOOGL,SELL,0.0,66.97,0.0
World_Top_5_MarketCap,5,2019,META,BUY,26.1796,205.25,0.0
World_Top_5_MarketCap,5,2020,AMZN,SELL,1.4855,162.85,191.71
World_Top_5_MarketCap,5,2020,META,SELL,6.2428,273.16,423.95
World_Top_5_MarketCap,5,2020,AMZN,SELL,0.3056,162.85,39.44
World_Top_5_MarketCap,5,2020,META,SELL,0.0933,273.16,6.34
World_Top_5_MarketCap,5,2020,AMZN,SELL,0.0169,162.85,2.19
World_Top_5_MarketCap,5,2020,META,SELL,0.0052,273.16,0.35
World_Top_5_MarketCap,5,2020,AMZN,SELL,0.0009,162.85,0.12
World_Top_5_MarketCap,5,2020,META,SELL,0.0003,273.16,0.02
World_Top_5_MarketCap,5,2020,AMZN,SELL,0.0001,162.85,0.01
World_Top_5_MarketCap,5,2020,META,SELL,0.0,273.16,0.0
World_Top_5_MarketCap,5,2020,AMZN,SELL,0.0,162.85,0.0
World_Top_5_MarketCap,5,2020,META,SELL,0.0,273.16,0.0
World_Top_5_MarketCap,5,2020,AMZN,SELL,0.0,162.85,0.0
World_Top_5_MarketCap,5,2020,AAPL,BUY,1.2893,132.69,0.0
World_Top_5_MarketCap,5,2020,MSFT,BUY,3.7436,222.42,0.0
World_Top_5_MarketCap,5,2020,GOOGL,BUY,11.0776,87.63,0.0
World_Top_5_MarketCap,5,2021,MSFT,SELL,2.2477,336.32,687.42
World_Top_5_MarketCap,5,2021,AAPL,SELL,4.0355,177.57,686.2
World_Top_5_MarketCap,5,2021,META,SELL,19.8379,336.35,2600.75
World_Top_5_MarketCap,5,2021,MSFT,SELL,0.9861,336.32,301.58
World_Top_5_MarketCap,5,2021,AAPL,SELL,2.0608,177.57,350.42
World_Top_5_MarketCap,5,2021,GOOGL,SELL,0.6318,144.85,58.24
World_Top_5_MarketCap,5,2021,MSFT,SELL,0.1663,336.32,50.85
World_Top_5_MarketCap,5,2021,AAPL,SELL,0.3475,177.57,59.09
World_Top_5_MarketCap,5,2021,GOOGL,SELL,0.2662,144.85,24.54
World_Top_5_MarketCap,5,2021,MSFT,SELL,0.0315,336.32,9.63
World_Top_5_MarketCap,5,2021,AAPL,SELL,0.0658,177.57,11.19
World_Top_5_MarketCap,5,2021,GOOGL,SELL,0.0504,144.85,4.65
World_Top_5_MarketCap,5,2021,MSFT,SELL,0.006,336.32,1.82
World_Top_5_MarketCap,5,2021,AAPL,SELL,0.0125,177.57,2.12
World_Top_5_MarketCap,5,2021,GOOGL,SELL,0.0095,144.85,0.88
World_Top_5_MarketCap,5,2021,MSFT,SELL,0.0011,336.32,0.35
World_Top_5_MarketCap,5,2021,AAPL,SELL,0.0024,177.57,0.4
World_Top_5_MarketCap,5,2021,GOOGL,SELL,0.0018,144.85,0.17
World_Top_5_MarketCap,5,2021,MSFT,SELL,0.0002,336.32,0.07
World_Top_5_MarketCap,5,2021,AAPL,SELL,0.0004,177.57,0.08
World_Top_5_MarketCap,5,2021,GOOGL,SELL,0.0003,144.85,0.03
World_Top_5_MarketCap,5,2021,MSFT,SELL,0.0,336.32,0.01
World_Top_5_MarketCap,5,2021,AAPL,SELL,0.0001,177.57,0.01
World_Top_5_MarketCap,5,2021,GOOGL,SELL,0.0001,144.85,0.01
World_Top_5_MarketCap,5,2021,MSFT,SELL,0.0,336.32,0.0
World_Top_5_MarketCap,5,2021,AAPL,SELL,0.0,177.57,0.0
World_Top_5_MarketCap,5,2021,GOOGL,SELL,0.0,144.85,0.0
World_Top_5_MarketCap,5,2021,MSFT,SELL,0.0,336.32,0.0
World_Top_5_MarketCap,5,2021,AAPL,SELL,0.0,177.57,0.0
World_Top_5_MarketCap,5,2021,GOOGL,SELL,0.0,144.85,0.0
World_Top_5_MarketCap,5,2021,MSFT,SELL,0.0,336.32,0.0
World_Top_5_MarketCap,5,2021,AAPL,SELL,0.0,177.57,0.0
World_Top_5_MarketCap,5,2021,GOOGL,SELL,0.0,144.85,0.0
World_Top_5_MarketCap,5,2021,AAPL,SELL,0.0,177.57,0.0
World_Top_5_MarketCap,5,2021,AMZN,BUY,3.3599,166.72,0.0
World_Top_5_MarketCap,5,2021,TSLA,BUY,20.6604,352.26,0.0
World_Top_5_MarketCap,5,2022,MSFT,SELL,2.5314,239.82,529.93
World_Top_5_MarketCap,5,2022,AAPL,SELL,9.1039,129.93,1114.31
World_Top_5_MarketCap,5,2022,GOOGL,SELL,0.9417,88.23,33.49
World_Top_5_MarketCap,5,2022,TSLA,SELL,20.6604,123.18,-4732.89
World_Top_5_MarketCap,5,2022,MSFT,SELL,0.0857,239.82,17.95
World_Top_5_MarketCap,5,2022,AAPL,SELL,0.1729,129.93,21.16
World_Top_5_MarketCap,5,2022,GOOGL,SELL,0.1424,88.23,5.06
World_Top_5_MarketCap,5,2022,AMZN,BUY,3.0887,84.0,0.0
World_Top_5_MarketCap,5,2022,BRK.B,BUY,14.1917,308.9,0.0
World_Top_5_MarketCap,5,2023,AMZN,SELL,6.962,151.94,822.56
World_Top_5_MarketCap,5,2023,GOOGL,SELL,86.2968,139.69,7128.88
World_Top_5_MarketCap,5,2023,BRK.B,SELL,14.1917,356.66,677.79
World_Top_5_MarketCap,5,2023,AAPL,SELL,2.4785,192.53,458.52
World_Top_5_MarketCap,5,2023,AMZN,SELL,1.6691,151.94,197.2
World_Top_5_MarketCap,5,2023,AAPL,SELL,0.3041,192.53,56.27
World_Top_5_MarketCap,5,2023,AMZN,SELL,0.1867,151.94,22.06
World_Top_5_MarketCap,5,2023,AAPL,SELL,0.0363,192.53,6.72
World_Top_5_MarketCap,5,2023,AMZN,SELL,0.0223,151.94,2.63
World_Top_5_MarketCap,5,2023,AAPL,SELL,0.0043,192.53,0.8
World_Top_5_MarketCap,5,2023,AMZN,SELL,0.0027,151.94,0.31
World_Top_5_MarketCap,5,2023,AAPL,SELL,0.0005,192.53,0.1
World_Top_5_MarketCap,5,2023,AMZN,SELL,0.0003,151.94,0.04
World_Top_5_MarketCap,5,2023,AAPL,SELL,0.0001,192.53,0.01
World_Top_5_MarketCap,5,2023,AMZN,SELL,0.0,151.94,0.0
World_Top_5_MarketCap,5,2023,AAPL,SELL,0.0,192.53,0.0
World_Top_5_MarketCap,5,2023,AMZN,SELL,0.0,151.94,0.0
World_Top_5_MarketCap,5,2023,AAPL,SELL,0.0,192.53,0.0
World_Top_5_MarketCap,5,2023,AMZN,SELL,0.0,151.94,0.0
World_Top_5_MarketCap,5,2023,AAPL,SELL,0.0,192.53,0.0
World_Top_5_MarketCap,5,2023,MSFT,BUY,1.8748,376.04,0.0
World_Top_5_MarketCap,5,2023,NVDA,BUY,204.3738,49.52,0.0
World_Top_5_MarketCap,5,2023,META,BUY,18.1952,353.96,0.0
World_Top_5_MarketCap,5,2024,NVDA,SELL,15.3347,134.29,1299.92
World_Top_5_MarketCap,5,2024,META,SELL,0.5814,585.51,134.61
World_Top_5_MarketCap,5,2024,NVDA,SELL,0.9859,134.29,83.57
World_Top_5_MarketCap,5,2024,META,SELL,0.0919,585.51,21.27
World_Top_5_MarketCap,5,2024,NVDA,SELL,0.0592,134.29,5.02
World_Top_5_MarketCap,5,2024,META,SELL,0.0055,585.51,1.28
World_Top_5_MarketCap,5,2024,NVDA,SELL,0.0036,134.29,0.3
World_Top_5_MarketCap,5,2024,META,SELL,0.0003,585.51,0.08
World_Top_5_MarketCap,5,2024,NVDA,SELL,0.0002,134.29,0.02
World_Top_5_MarketCap,5,2024,META,SELL,0.0,585.51,0.0
World_Top_5_MarketCap,5,2024,NVDA,SELL,0.0,134.29,0.0
World_Top_5_MarketCap,5,2024,META,SELL,0.0,585.51,0.0
World_Top_5_MarketCap,5,2024,NVDA,SELL,0.0,134.29,0.0
World_Top_5_MarketCap,5,2024,AAPL,BUY,2.015,250.42,0.0
World_Top_5_MarketCap,5,2024,MSFT,BUY,3.259,421.5,0.0
World_Top_5_MarketCap,5,2024,AMZN,BUY,2.1547,219.39,0.0
World_Top_10_MarketCap,10,2004,GE,BUY,8.1318,174.92,0.0
World_Top_10_MarketCap,10,2004,XOM,BUY,26.0672,51.26,0.0
World_Top_10_MarketCap,10,2004,MSFT,BUY,43.5551,26.72,0.0
World_Top_10_MarketCap,10,2004,C,BUY,2.2366,481.8,0.0
World_Top_10_MarketCap,10,2004,PFE,BUY,38.8624,25.51,0.0
World_Top_10_MarketCap,10,2004,WMT,BUY,53.8487,17.61,0.0
World_Top_10_MarketCap,10,2004,BP,BUY,14.7615,58.4,0.0
World_Top_10_MarketCap,10,2004,SHEL,BUY,13.5215,57.38,0.0
World_Top_10_MarketCap,10,2004,JNJ,BUY,11.5541,63.42,0.0
World_Top_10_MarketCap,10,2004,TM,BUY,8.4238,81.87,0.0
World_Top_10_MarketCap,10,2005,PFE,SELL,6.5654,22.13,-22.19
World_Top_10_MarketCap,10,2005,WMT,SELL,53.8487,15.6,-108.24
World_Top_10_MarketCap,10,2005,TM,SELL,1.1651,104.62,26.51
World_Top_10_MarketCap,10,2005,PFE,SELL,0.2374,22.13,-0.8
World_Top_10_MarketCap,10,2005,TM,SELL,0.0534,104.62,1.21
World_Top_10_MarketCap,10,2005,XOM,BUY,1.5629,56.17,0.0
World_Top_10_MarketCap,10,2005,GE,BUY,0.3159,167.97,0.0
World_Top_10_MarketCap,10,2005,MSFT,BUY,0.5329,26.15,0.0
World_Top_10_MarketCap,10,2005,C,BUY,0.0477,485.3,0.0
World_Top_10_MarketCap,10,2005,BP,BUY,1.1195,64.22,0.0
World_Top_10_MarketCap,10,2005,SHEL,BUY,1.6223,61.49,0.0
World_Top_10_MarketCap,10,2005,PG,BUY,14.5561,57.88,0.0
World_Top_10_MarketCap,10,2005,JNJ,BUY,1.7265,60.1,0.0
World_Top_10_MarketCap,10,2006,XOM,SELL,2.9076,76.63,73.76
World_Top_10_MarketCap,10,2006,PFE,SELL,32.0595,24.57,-30.14
World_Top_10_MarketCap,10,2006,BP,SELL,2.5483,67.1,22.17
World_Top_10_MarketCap,10,2006,SHEL,SELL,0.2759,70.79,3.7
World_Top_10_MarketCap,10,2006,JNJ,SELL,0.5269,66.02,1.37
World_Top_10_MarketCap,10,2006,XOM,SELL,0.1768,76.63,4.48
World_Top_10_MarketCap,10,2006,BP,SELL,0.0953,67.1,0.83
World_Top_10_MarketCap,10,2006,SHEL,SELL,0.1063,70.79,1.43
World_Top_10_MarketCap,10,2006,JNJ,SELL,0.0912,66.02,0.24
World_Top_10_MarketCap,10,2006,GE,BUY,0.6349,178.33,0.0
World_Top_10_MarketCap,10,2006,MSFT,BUY,3.1561,29.86,0.0
World_Top_10_MarketCap,10,2006,C,BUY,0.0608,557.0,0.0
World_Top_10_MarketCap,10,2006,TM,BUY,1.742,134.31,0.0
World_Top_10_MarketCap,10,2006,PG,BUY,0.89,64.27,0.0
World_Top_10_MarketCap,10,2006,BAC,BUY,17.6151,53.39,0.0
World_Top_10_MarketCap,10,2007,XOM,SELL,1.2688,93.69,53.84
World_Top_10_MarketCap,10,2007,MSFT,SELL,5.8943,35.6,52.34
World_Top_10_MarketCap,10,2007,C,SELL,2.3451,294.4,-444.21
World_Top_10_MarketCap,10,2007,BP,SELL,13.2373,73.17,189.0
World_Top_10_MarketCap,10,2007,SHEL,SELL,0.5163,84.2,13.85
World_Top_10_MarketCap,10,2007,PG,SELL,1.337,73.42,20.78
World_Top_10_MarketCap,10,2007,BAC,SELL,17.6151,41.26,-213.67
World_Top_10_MarketCap,10,2007,XOM,SELL,0.1861,93.69,7.9
World_Top_10_MarketCap,10,2007,MSFT,SELL,0.3306,35.6,2.94
World_Top_10_MarketCap,10,2007,SHEL,SELL,0.1139,84.2,3.05
World_Top_10_MarketCap,10,2007,PG,SELL,0.1128,73.42,1.75
World_Top_10_MarketCap,10,2007,GE,BUY,0.0502,177.66,0.0
World_Top_10_MarketCap,10,2007,TM,BUY,2.7692,106.17,0.0
World_Top_10_MarketCap,10,2007,T,BUY,34.4598,31.39,0.0
World_Top_10_MarketCap,10,2007,JNJ,BUY,1.1222,66.7,0.0
World_Top_10_MarketCap,10,2007,GOOGL,BUY,50.0204,17.3,0.0
World_Top_10_MarketCap,10,2007,BHP,BUY,13.6992,59.22,0.0
World_Top_10_MarketCap,10,2008,XOM,SELL,1.5558,79.83,44.45
World_Top_10_MarketCap,10,2008,MSFT,SELL,1.7154,19.44,-12.49
World_Top_10_MarketCap,10,2008,SHEL,SELL,1.142,52.94,-5.07
World_Top_10_MarketCap,10,2008,TM,SELL,1.7921,65.44,-29.44
World_Top_10_MarketCap,10,2008,T,SELL,6.069,21.53,-59.84
World_Top_10_MarketCap,10,2008,GOOGL,SELL,50.0204,7.7,-480.2
World_Top_10_MarketCap,10,2008,XOM,SELL,0.2304,79.83,6.58
World_Top_10_MarketCap,10,2008,MSFT,SELL,0.4206,19.44,-3.06
World_Top_10_MarketCap,10,2008,SHEL,SELL,0.139,52.94,-0.62
World_Top_10_MarketCap,10,2008,TM,SELL,0.1062,65.44,-1.74
World_Top_10_MarketCap,10,2008,T,SELL,0.3038,21.53,-3.0
World_Top_10_MarketCap,10,2008,WMT,BUY,50.5544,18.69,0.0
World_Top_10_MarketCap,10,2008,PG,BUY,0.0651,61.82,0.0
World_Top_10_MarketCap,10,2008,JNJ,BUY,0.1127,59.83,0.0
World_Top_10_MarketCap,10,2008,GE,BUY,1.0898,77.64,0.0
World_Top_10_MarketCap,10,2008,BHP,BUY,1.9312,36.27,0.0
World_Top_10_MarketCap,10,2009,GE,SELL,1.4044,72.51,-143.83
World_Top_10_MarketCap,10,2009,JNJ,SELL,1.4884,64.41,1.47
World_Top_10_MarketCap,10,2009,TM,SELL,1.271,84.16,2.91
World_Top_10_MarketCap,10,2009,PG,SELL,0.2196,60.63,0.6
World_Top_10_MarketCap,10,2009,T,SELL,28.0869,21.17,-287.05
World_Top_10_MarketCap,10,2009,BHP,SELL,0.8179,64.75,4.52
World_Top_10_MarketCap,10,2009,WMT,SELL,50.5544,17.82,-43.98
World_Top_10_MarketCap,10,2009,GE,SELL,0.0773,72.51,-7.92
World_Top_10_MarketCap,10,2009,JNJ,SELL,0.1088,64.41,0.11
World_Top_10_MarketCap,10,2009,TM,SELL,0.075,84.16,0.17
World_Top_10_MarketCap,10,2009,PG,SELL,0.1214,60.63,0.33
World_Top_10_MarketCap,10,2009,BHP,SELL,0.1299,64.75,0.72
World_Top_10_MarketCap,10,2009,XOM,BUY,1.9319,68.19,0.0
World_Top_10_MarketCap,10,2009,MSFT,BUY,1.4051,30.48,0.0
World_Top_10_MarketCap,10,2009,AAPL,BUY,136.7762,7.53,0.0
World_Top_10_MarketCap,10,2009,SHEL,BUY,2.3066,60.11,0.0
World_Top_10_MarketCap,10,2009,JPM,BUY,18.0619,41.67,0.0
World_Top_10_MarketCap,10,2010,XOM,SELL,0.612,73.12,13.38
World_Top_10_MarketCap,10,2010,SHEL,SELL,1.6447,66.78,15.46
World_Top_10_MarketCap,10,2010,JNJ,SELL,0.1423,61.85,-0.22
World_Top_10_MarketCap,10,2010,TM,SELL,8.4723,78.63,-186.09
World_Top_10_MarketCap,10,2010,PG,SELL,1.252,64.33,8.08
World_Top_10_MarketCap,10,2010,BHP,SELL,1.2839,78.57,24.84
World_Top_10_MarketCap,10,2010,AAPL,SELL,10.5796,11.52,42.21
World_Top_10_MarketCap,10,2010,JPM,SELL,18.0619,42.42,13.55
World_Top_10_MarketCap,10,2010,XOM,SELL,0.141,73.12,3.08
World_Top_10_MarketCap,10,2010,SHEL,SELL,0.0842,66.78,0.79
World_Top_10_MarketCap,10,2010,JNJ,SELL,0.0758,61.85,-0.12
World_Top_10_MarketCap,10,2010,PG,SELL,0.0777,64.33,0.5
World_Top_10_MarketCap,10,2010,BHP,SELL,0.0835,78.57,1.62
World_Top_10_MarketCap,10,2010,AAPL,SELL,0.7866,11.52,3.14
World_Top_10_MarketCap,10,2010,MSFT,BUY,2.5506,27.91,0.0
World_Top_10_MarketCap,10,2010,GE,BUY,2.6266,87.65,0.0
World_Top_10_MarketCap,10,2010,CVX,BUY,10.3731,91.25,0.0
World_Top_10_MarketCap,10,2010,IBM,BUY,6.036,140.31,0.0
World_Top_10_MarketCap,10,2011,GE,SELL,1.7659,85.83,-157.32
World_Top_10_MarketCap,10,2011,XOM,SELL,1.2149,84.76,40.7
World_Top_10_MarketCap,10,2011,AAPL,SELL,11.4258,14.46,79.18
World_Top_10_MarketCap,10,2011,CVX,SELL,0.6914,106.4,10.47
World_Top_10_MarketCap,10,2011,GE,SELL,0.0676,85.83,-6.02
World_Top_10_MarketCap,10,2011,XOM,SELL,0.1498,84.76,5.02
World_Top_10_MarketCap,10,2011,AAPL,SELL,0.8028,14.46,5.56
World_Top_10_MarketCap,10,2011,CVX,SELL,0.0682,106.4,1.03
World_Top_10_MarketCap,10,2011,MSFT,BUY,4.4436,25.96,0.0
World_Top_10_MarketCap,10,2011,IBM,BUY,0.6556,175.79,0.0
World_Top_10_MarketCap,10,2011,SHEL,BUY,1.9662,73.09,0.0
World_Top_10_MarketCap,10,2011,BHP,BUY,2.9562,59.72,0.0
World_Top_10_MarketCap,10,2011,JNJ,BUY,1.9557,65.58,0.0
World_Top_10_MarketCap,10,2011,PG,BUY,0.6426,66.71,0.0
World_Top_10_MarketCap,10,2012,XOM,SELL,1.802,86.55,63.59
World_Top_10_MarketCap,10,2012,PG,SELL,13.0332,67.89,118.84
World_Top_10_MarketCap,10,2012,BHP,SELL,2.8246,66.31,20.03
World_Top_10_MarketCap,10,2012,CVX,SELL,9.6135,108.14,162.37
World_Top_10_MarketCap,10,2012,IBM,SELL,6.6916,183.13,263.27
World_Top_10_MarketCap,10,2012,XOM,SELL,0.1546,86.55,5.46
World_Top_10_MarketCap,10,2012,BHP,SELL,0.1076,66.31,0.76
World_Top_10_MarketCap,10,2012,AAPL,BUY,0.2343,19.01,0.0
World_Top_10_MarketCap,10,2012,GOOGL,BUY,78.0831,17.7,0.0
World_Top_10_MarketCap,10,2012,MSFT,BUY,2.3914,26.71,0.0
World_Top_10_MarketCap,10,2012,BRK.B,BUY,13.5588,89.7,0.0
World_Top_10_MarketCap,10,2012,SHEL,BUY,0.6414,68.95,0.0
World_Top_10_MarketCap,10,2012,JNJ,BUY,0.9463,70.1,0.0
World_Top_10_MarketCap,10,2012,GE,BUY,0.3586,100.59,0.0
World_Top_10_MarketCap,10,2012,WMT,BUY,41.3284,22.74,0.0
World_Top_10_MarketCap,10,2013,XOM,SELL,0.1693,101.2,8.46
World_Top_10_MarketCap,10,2013,MSFT,SELL,4.2235,37.41,45.15
World_Top_10_MarketCap,10,2013,BHP,SELL,13.3393,57.67,22.17
World_Top_10_MarketCap,10,2013,GOOGL,SELL,12.1955,28.05,126.22
World_Top_10_MarketCap,10,2013,WMT,SELL,41.3284,26.23,144.24
World_Top_10_MarketCap,10,2013,GE,SELL,0.048,134.33,-1.95
World_Top_10_MarketCap,10,2013,XOM,SELL,0.1178,101.2,5.88
World_Top_10_MarketCap,10,2013,MSFT,SELL,0.2818,37.41,3.01
World_Top_10_MarketCap,10,2013,GOOGL,SELL,0.4086,28.05,4.23
World_Top_10_MarketCap,10,2013,AAPL,BUY,7.5638,20.04,0.0
World_Top_10_MarketCap,10,2013,BRK.B,BUY,0.0739,118.56,0.0
World_Top_10_MarketCap,10,2013,JNJ,BUY,1.0588,91.59,0.0
World_Top_10_MarketCap,10,2013,SHEL,BUY,1.4885,71.27,0.0
World_Top_10_MarketCap,10,2013,JPM,BUY,20.1006,58.48,0.0
World_Top_10_MarketCap,10,2013,WFC,BUY,24.2734,45.4,0.0
World_Top_10_MarketCap,10,2014,MSFT,SELL,1.7794,46.45,35.11
World_Top_10_MarketCap,10,2014,SHEL,SELL,17.5242,66.95,95.76
World_Top_10_MarketCap,10,2014,AAPL,SELL,14.4495,27.59,289.86
World_Top_10_MarketCap,10,2014,GOOGL,SELL,2.1726,26.53,19.18
World_Top_10_MarketCap,10,2014,BRK.B,SELL,0.7692,150.15,46.5
World_Top_10_MarketCap,10,2014,MSFT,SELL,0.3019,46.45,5.96
World_Top_10_MarketCap,10,2014,AAPL,SELL,0.7413,27.59,14.87
World_Top_10_MarketCap,10,2014,GOOGL,SELL,0.4405,26.53,3.89
World_Top_10_MarketCap,10,2014,BRK.B,SELL,0.0895,150.15,5.41
World_Top_10_MarketCap,10,2014,MSFT,SELL,0.0218,46.45,0.43
World_Top_10_MarketCap,10,2014,AAPL,SELL,0.0536,27.59,1.07
World_Top_10_MarketCap,10,2014,GOOGL,SELL,0.0318,26.53,0.28
World_Top_10_MarketCap,10,2014,BRK.B,SELL,0.0065,150.15,0.39
World_Top_10_MarketCap,10,2014,MSFT,SELL,0.0016,46.45,0.03
World_Top_10_MarketCap,10,2014,AAPL,SELL,0.0039,27.59,0.08
World_Top_10_MarketCap,10,2014,GOOGL,SELL,0.0023,26.53,0.02
World_Top_10_MarketCap,10,2014,BRK.B,SELL,0.0005,150.15,0.03
World_Top_10_MarketCap,10,2014,MSFT,SELL,0.0001,46.45,0.0
World_Top_10_MarketCap,10,2014,AAPL,SELL,0.0003,27.59,0.01
World_Top_10_MarketCap,10,2014,GOOGL,SELL,0.0002,26.53,0.0
World_Top_10_MarketCap,10,2014,BRK.B,SELL,0.0,150.15,0.0
World_Top_10_MarketCap,10,2014,MSFT,SELL,0.0,46.45,0.0
World_Top_10_MarketCap,10,2014,AAPL,SELL,0.0,27.59,0.0
World_Top_10_MarketCap,10,2014,GOOGL,SELL,0.0,26.53,0.0
World_Top_10_MarketCap,10,2014,BRK.B,SELL,0.0,150.15,0.0
World_Top_10_MarketCap,10,2014,MSFT,SELL,0.0,46.45,0.0
World_Top_10_MarketCap,10,2014,AAPL,SELL,0.0,27.59,0.0
World_Top_10_MarketCap,10,2014,GOOGL,SELL,0.0,26.53,0.0
World_Top_10_MarketCap,10,2014,BRK.B,SELL,0.0,150.15,0.0
World_Top_10_MarketCap,10,2014,AAPL,SELL,0.0,27.59,0.0
World_Top_10_MarketCap,10,2014,XOM,BUY,3.6631,92.45,0.0
World_Top_10_MarketCap,10,2014,JNJ,BUY,0.6951,104.57,0.0
World_Top_10_MarketCap,10,2014,WFC,BUY,3.0931,54.82,0.0
World_Top_10_MarketCap,10,2014,JPM,BUY,2.5406,62.58,0.0
World_Top_10_MarketCap,10,2014,PG,BUY,14.6398,91.09,0.0
World_Top_10_MarketCap,10,2014,GE,BUY,0.4791,121.1,0.0
World_Top_10_MarketCap,10,2015,GE,SELL,0.7088,149.28,-18.17
World_Top_10_MarketCap,10,2015,JNJ,SELL,1.8333,102.72,72.05
World_Top_10_MarketCap,10,2015,GOOGL,SELL,28.3942,38.9,601.96
World_Top_10_MarketCap,10,2015,BRK.B,SELL,0.4474,132.04,18.94
World_Top_10_MarketCap,10,2015,JPM,SELL,22.6412,66.03,160.52
World_Top_10_MarketCap,10,2015,WFC,SELL,27.3665,54.36,216.07
World_Top_10_MarketCap,10,2015,PG,SELL,14.6398,79.41,-170.99
World_Top_10_MarketCap,10,2015,GE,SELL,0.1938,149.28,-4.97
World_Top_10_MarketCap,10,2015,JNJ,SELL,0.3004,102.72,11.8
World_Top_10_MarketCap,10,2015,GOOGL,SELL,0.694,38.9,14.71
World_Top_10_MarketCap,10,2015,BRK.B,SELL,0.2483,132.04,10.51
World_Top_10_MarketCap,10,2015,GE,SELL,0.0049,149.28,-0.13
World_Top_10_MarketCap,10,2015,JNJ,SELL,0.0076,102.72,0.3
World_Top_10_MarketCap,10,2015,GOOGL,SELL,0.0176,38.9,0.37
World_Top_10_MarketCap,10,2015,BRK.B,SELL,0.0063,132.04,0.27
World_Top_10_MarketCap,10,2015,GE,SELL,0.0001,149.28,-0.0
World_Top_10_MarketCap,10,2015,JNJ,SELL,0.0002,102.72,0.01
World_Top_10_MarketCap,10,2015,GOOGL,SELL,0.0004,38.9,0.01
World_Top_10_MarketCap,10,2015,BRK.B,SELL,0.0002,132.04,0.01
World_Top_10_MarketCap,10,2015,GE,SELL,0.0,149.28,-0.0
World_Top_10_MarketCap,10,2015,JNJ,SELL,0.0,102.72,0.0
World_Top_10_MarketCap,10,2015,GOOGL,SELL,0.0,38.9,0.0
World_Top_10_MarketCap,10,2015,BRK.B,SELL,0.0,132.04,0.0
World_Top_10_MarketCap,10,2015,JNJ,SELL,0.0,102.72,0.0
World_Top_10_MarketCap,10,2015,GOOGL,SELL,0.0,38.9,0.0
World_Top_10_MarketCap,10,2015,BRK.B,SELL,0.0,132.04,0.0
World_Top_10_MarketCap,10,2015,AAPL,BUY,15.321,26.32,0.0
World_Top_10_MarketCap,10,2015,MSFT,BUY,2.5406,55.48,0.0
World_Top_10_MarketCap,10,2015,XOM,BUY,3.9094,77.95,0.0
World_Top_10_MarketCap,10,2015,AMZN,BUY,58.2385,33.79,0.0
World_Top_10_MarketCap,10,2015,META,BUY,16.1165,104.66,0.0
World_Top_10_MarketCap,10,2015,BABA,BUY,14.9897,81.27,0.0
World_Top_10_MarketCap,10,2016,GE,SELL,9.416,151.44,166.48
World_Top_10_MarketCap,10,2016,XOM,SELL,3.5339,90.26,137.82
World_Top_10_MarketCap,10,2016,MSFT,SELL,0.0596,62.14,2.11
World_Top_10_MarketCap,10,2016,BRK.B,SELL,0.7108,162.98,52.09
World_Top_10_MarketCap,10,2016,AMZN,SELL,0.1687,37.49,0.62
World_Top_10_MarketCap,10,2016,XOM,SELL,0.2184,90.26,8.52
World_Top_10_MarketCap,10,2016,MSFT,SELL,0.434,62.14,15.37
World_Top_10_MarketCap,10,2016,BRK.B,SELL,0.1082,162.98,7.93
World_Top_10_MarketCap,10,2016,AMZN,SELL,0.5534,37.49,2.05
World_Top_10_MarketCap,10,2016,XOM,SELL,0.0112,90.26,0.44
World_Top_10_MarketCap,10,2016,MSFT,SELL,0.0223,62.14,0.79
World_Top_10_MarketCap,10,2016,BRK.B,SELL,0.0055,162.98,0.41
World_Top_10_MarketCap,10,2016,AMZN,SELL,0.0284,37.49,0.1
World_Top_10_MarketCap,10,2016,XOM,SELL,0.0006,90.26,0.02
World_Top_10_MarketCap,10,2016,MSFT,SELL,0.0011,62.14,0.04
World_Top_10_MarketCap,10,2016,BRK.B,SELL,0.0003,162.98,0.02
World_Top_10_MarketCap,10,2016,AMZN,SELL,0.0015,37.49,0.01
World_Top_10_MarketCap,10,2016,XOM,SELL,0.0,90.26,0.0
World_Top_10_MarketCap,10,2016,MSFT,SELL,0.0001,62.14,0.0
World_Top_10_MarketCap,10,2016,BRK.B,SELL,0.0,162.98,0.0
World_Top_10_MarketCap,10,2016,AMZN,SELL,0.0001,37.49,0.0
World_Top_10_MarketCap,10,2016,XOM,SELL,0.0,90.26,0.0
World_Top_10_MarketCap,10,2016,MSFT,SELL,0.0,62.14,0.0
World_Top_10_MarketCap,10,2016,BRK.B,SELL,0.0,162.98,0.0
World_Top_10_MarketCap,10,2016,AMZN,SELL,0.0,37.49,0.0
World_Top_10_MarketCap,10,2016,MSFT,SELL,0.0,62.14,0.0
World_Top_10_MarketCap,10,2016,AMZN,SELL,0.0,37.49,0.0
World_Top_10_MarketCap,10,2016,AAPL,BUY,1.7815,28.95,0.0
World_Top_10_MarketCap,10,2016,META,BUY,0.7427,115.05,0.0
World_Top_10_MarketCap,10,2016,JNJ,BUY,0.3688,115.21,0.0
World_Top_10_MarketCap,10,2016,JPM,BUY,18.7319,86.29,0.0
World_Top_10_MarketCap,10,2016,GOOGL,BUY,4.3518,39.62,0.0
World_Top_10_MarketCap,10,2016,BABA,BUY,0.9636,87.81,0.0
World_Top_10_MarketCap,10,2017,XOM,SELL,22.6835,83.64,438.89
World_Top_10_MarketCap,10,2017,AAPL,SELL,14.0405,42.31,488.33
World_Top_10_MarketCap,10,2017,AMZN,SELL,1.2546,58.47,30.96
World_Top_10_MarketCap,10,2017,META,SELL,0.4627,176.46,33.22
World_Top_10_MarketCap,10,2017,BABA,SELL,2.2244,172.43,202.78
World_Top_10_MarketCap,10,2017,JPM,SELL,0.2849,106.94,5.88
World_Top_10_MarketCap,10,2017,JNJ,SELL,0.1418,139.72,10.82
World_Top_10_MarketCap,10,2017,AAPL,SELL,1.7128,42.31,59.57
World_Top_10_MarketCap,10,2017,AMZN,SELL,0.8853,58.47,21.85
World_Top_10_MarketCap,10,2017,META,SELL,0.2581,176.46,18.53
World_Top_10_MarketCap,10,2017,BABA,SELL,0.2161,172.43,19.7
World_Top_10_MarketCap,10,2017,JPM,SELL,0.2904,106.94,6.0
World_Top_10_MarketCap,10,2017,JNJ,SELL,0.0215,139.72,1.64
World_Top_10_MarketCap,10,2017,AAPL,SELL,0.1554,42.31,5.4
World_Top_10_MarketCap,10,2017,AMZN,SELL,0.0803,58.47,1.98
World_Top_10_MarketCap,10,2017,META,SELL,0.0234,176.46,1.68
World_Top_10_MarketCap,10,2017,BABA,SELL,0.0196,172.43,1.79
World_Top_10_MarketCap,10,2017,JPM,SELL,0.0263,106.94,0.54
World_Top_10_MarketCap,10,2017,JNJ,SELL,0.0021,139.72,0.16
World_Top_10_MarketCap,10,2017,AAPL,SELL,0.0148,42.31,0.52
World_Top_10_MarketCap,10,2017,AMZN,SELL,0.0077,58.47,0.19
World_Top_10_MarketCap,10,2017,META,SELL,0.0022,176.46,0.16
World_Top_10_MarketCap,10,2017,BABA,SELL,0.0019,172.43,0.17
World_Top_10_MarketCap,10,2017,JPM,SELL,0.0025,106.94,0.05
World_Top_10_MarketCap,10,2017,JNJ,SELL,0.0002,139.72,0.01
World_Top_10_MarketCap,10,2017,AAPL,SELL,0.0014,42.31,0.05
World_Top_10_MarketCap,10,2017,AMZN,SELL,0.0007,58.47,0.02
World_Top_10_MarketCap,10,2017,META,SELL,0.0002,176.46,0.02
World_Top_10_MarketCap,10,2017,BABA,SELL,0.0002,172.43,0.02
World_Top_10_MarketCap,10,2017,JPM,SELL,0.0002,106.94,0.0
World_Top_10_MarketCap,10,2017,JNJ,SELL,0.0,139.72,0.0
World_Top_10_MarketCap,10,2017,AAPL,SELL,0.0001,42.31,0.0
World_Top_10_MarketCap,10,2017,AMZN,SELL,0.0001,58.47,0.0
World_Top_10_MarketCap,10,2017,META,SELL,0.0,176.46,0.0
World_Top_10_MarketCap,10,2017,BABA,SELL,0.0,172.43,0.0
World_Top_10_MarketCap,10,2017,JPM,SELL,0.0,106.94,0.0
World_Top_10_MarketCap,10,2017,JNJ,SELL,0.0,139.72,0.0
World_Top_10_MarketCap,10,2017,AAPL,SELL,0.0,42.31,0.0
World_Top_10_MarketCap,10,2017,AMZN,SELL,0.0,58.47,0.0
World_Top_10_MarketCap,10,2017,META,SELL,0.0,176.46,0.0
World_Top_10_MarketCap,10,2017,BABA,SELL,0.0,172.43,0.0
World_Top_10_MarketCap,10,2017,JPM,SELL,0.0,106.94,0.0
World_Top_10_MarketCap,10,2017,JNJ,SELL,0.0,139.72,0.0
World_Top_10_MarketCap,10,2017,AAPL,SELL,0.0,42.31,0.0
World_Top_10_MarketCap,10,2017,AMZN,SELL,0.0,58.47,0.0
World_Top_10_MarketCap,10,2017,META,SELL,0.0,176.46,0.0
World_Top_10_MarketCap,10,2017,BABA,SELL,0.0,172.43,0.0
World_Top_10_MarketCap,10,2017,JPM,SELL,0.0,106.94,0.0
World_Top_10_MarketCap,10,2017,AAPL,SELL,0.0,42.31,0.0
World_Top_10_MarketCap,10,2017,MSFT,BUY,0.2379,85.54,0.0
World_Top_10_MarketCap,10,2017,GOOGL,BUY,13.4507,52.67,0.0
World_Top_10_MarketCap,10,2017,BRK.B,BUY,1.1478,198.22,0.0
World_Top_10_MarketCap,10,2017,TSM,BUY,55.4105,39.65,0.0
World_Top_10_MarketCap,10,2018,MSFT,SELL,1.1245,101.57,84.17
World_Top_10_MarketCap,10,2018,AAPL,SELL,1.8346,39.44,58.54
World_Top_10_MarketCap,10,2018,BRK.B,SELL,0.5482,204.18,62.76
World_Top_10_MarketCap,10,2018,AMZN,SELL,3.1422,75.1,129.8
World_Top_10_MarketCap,10,2018,META,SELL,0.3062,131.09,8.09
World_Top_10_MarketCap,10,2018,TSM,SELL,8.6289,36.91,-23.64
World_Top_10_MarketCap,10,2018,MSFT,SELL,0.3032,101.57,22.7
World_Top_10_MarketCap,10,2018,AAPL,SELL,0.7208,39.44,23.0
World_Top_10_MarketCap,10,2018,BRK.B,SELL,0.0812,204.18,9.3
World_Top_10_MarketCap,10,2018,AMZN,SELL,0.3575,75.1,14.77
World_Top_10_MarketCap,10,2018,META,SELL,0.1084,131.09,2.87
World_Top_10_MarketCap,10,2018,TSM,SELL,0.3209,36.91,-0.88
World_Top_10_MarketCap,10,2018,MSFT,SELL,0.0337,101.57,2.53
World_Top_10_MarketCap,10,2018,AAPL,SELL,0.0802,39.44,2.56
World_Top_10_MarketCap,10,2018,BRK.B,SELL,0.009,204.18,1.03
World_Top_10_MarketCap,10,2018,AMZN,SELL,0.0398,75.1,1.64
World_Top_10_MarketCap,10,2018,META,SELL,0.0121,131.09,0.32
World_Top_10_MarketCap,10,2018,TSM,SELL,0.0357,36.91,-0.1
World_Top_10_MarketCap,10,2018,MSFT,SELL,0.0038,101.57,0.28
World_Top_10_MarketCap,10,2018,AAPL,SELL,0.0089,39.44,0.28
World_Top_10_MarketCap,10,2018,BRK.B,SELL,0.001,204.18,0.12
World_Top_10_MarketCap,10,2018,AMZN,SELL,0.0044,75.1,0.18
World_Top_10_MarketCap,10,2018,META,SELL,0.0013,131.09,0.04
World_Top_10_MarketCap,10,2018,TSM,SELL,0.004,36.91,-0.01
World_Top_10_MarketCap,10,2018,MSFT,SELL,0.0004,101.57,0.03
World_Top_10_MarketCap,10,2018,AAPL,SELL,0.001,39.44,0.03
World_Top_10_MarketCap,10,2018,BRK.B,SELL,0.0001,204.18,0.01
World_Top_10_MarketCap,10,2018,AMZN,SELL,0.0005,75.1,0.02
World_Top_10_MarketCap,10,2018,META,SELL,0.0001,131.09,0.0
World_Top_10_MarketCap,10,2018,TSM,SELL,0.0004,36.91,-0.0
World_Top_10_MarketCap,10,2018,MSFT,SELL,0.0,101.57,0.0
World_Top_10_MarketCap,10,2018,AAPL,SELL,0.0001,39.44,0.0
World_Top_10_MarketCap,10,2018,BRK.B,SELL,0.0,204.18,0.0
World_Top_10_MarketCap,10,2018,AMZN,SELL,0.0001,75.1,0.0
World_Top_10_MarketCap,10,2018,META,SELL,0.0,131.09,0.0
World_Top_10_MarketCap,10,2018,TSM,SELL,0.0,36.91,-0.0
World_Top_10_MarketCap,10,2018,MSFT,SELL,0.0,101.57,0.0
World_Top_10_MarketCap,10,2018,AAPL,SELL,0.0,39.44,0.0
World_Top_10_MarketCap,10,2018,BRK.B,SELL,0.0,204.18,0.0
World_Top_10_MarketCap,10,2018,AMZN,SELL,0.0,75.1,0.0
World_Top_10_MarketCap,10,2018,META,SELL,0.0,131.09,0.0
World_Top_10_MarketCap,10,2018,TSM,SELL,0.0,36.91,-0.0
World_Top_10_MarketCap,10,2018,MSFT,SELL,0.0,101.57,0.0
World_Top_10_MarketCap,10,2018,AAPL,SELL,0.0,39.44,0.0
World_Top_10_MarketCap,10,2018,BRK.B,SELL,0.0,204.18,0.0
World_Top_10_MarketCap,10,2018,AMZN,SELL,0.0,75.1,0.0
World_Top_10_MarketCap,10,2018,META,SELL,0.0,131.09,0.0
World_Top_10_MarketCap,10,2018,TSM,SELL,0.0,36.91,-0.0
World_Top_10_MarketCap,10,2018,AAPL,SELL,0.0,39.44,0.0
World_Top_10_MarketCap,10,2018,GOOGL,BUY,14.0561,52.25,0.0
World_Top_10_MarketCap,10,2018,JNJ,BUY,2.0179,129.05,0.0
World_Top_10_MarketCap,10,2018,BABA,BUY,0.6757,137.07,0.0
World_Top_10_MarketCap,10,2018,JPM,BUY,0.5942,97.62,0.0
World_Top_10_MarketCap,10,2019,MSFT,SELL,1.1073,157.7,145.03
World_Top_10_MarketCap,10,2019,JNJ,SELL,0.6944,145.87,57.25
World_Top_10_MarketCap,10,2019,AAPL,SELL,10.2864,73.41,677.67
World_Top_10_MarketCap,10,2019,GOOGL,SELL,4.7126,66.97,232.19
World_Top_10_MarketCap,10,2019,JPM,SELL,0.7256,139.4,38.54
World_Top_10_MarketCap,10,2019,MSFT,SELL,0.4816,157.7,63.09
World_Top_10_MarketCap,10,2019,JNJ,SELL,0.1816,145.87,14.98
World_Top_10_MarketCap,10,2019,AAPL,SELL,1.0587,73.41,69.75
World_Top_10_MarketCap,10,2019,GOOGL,SELL,0.6858,66.97,33.79
World_Top_10_MarketCap,10,2019,JPM,SELL,0.2027,139.4,10.77
World_Top_10_MarketCap,10,2019,MSFT,SELL,0.0605,157.7,7.93
World_Top_10_MarketCap,10,2019,JNJ,SELL,0.0228,145.87,1.88
World_Top_10_MarketCap,10,2019,AAPL,SELL,0.133,73.41,8.76
World_Top_10_MarketCap,10,2019,GOOGL,SELL,0.0862,66.97,4.25
World_Top_10_MarketCap,10,2019,JPM,SELL,0.0255,139.4,1.35
World_Top_10_MarketCap,10,2019,MSFT,SELL,0.0076,157.7,1.0
World_Top_10_MarketCap,10,2019,JNJ,SELL,0.0029,145.87,0.24
World_Top_10_MarketCap,10,2019,AAPL,SELL,0.0167,73.41,1.1
World_Top_10_MarketCap,10,2019,GOOGL,SELL,0.0108,66.97,0.53
World_Top_10_MarketCap,10,2019,JPM,SELL,0.0032,139.4,0.17
World_Top_10_MarketCap,10,2019,MSFT,SELL,0.001,157.7,0.13
World_Top_10_MarketCap,10,2019,JNJ,SELL,0.0004,145.87,0.03
World_Top_10_MarketCap,10,2019,AAPL,SELL,0.0021,73.41,0.14
World_Top_10_MarketCap,10,2019,GOOGL,SELL,0.0014,66.97,0.07
World_Top_10_MarketCap,10,2019,JPM,SELL,0.0004,139.4,0.02
World_Top_10_MarketCap,10,2019,MSFT,SELL,0.0001,157.7,0.02
World_Top_10_MarketCap,10,2019,JNJ,SELL,0.0,145.87,0.0
World_Top_10_MarketCap,10,2019,AAPL,SELL,0.0003,73.41,0.02
World_Top_10_MarketCap,10,2019,GOOGL,SELL,0.0002,66.97,0.01
World_Top_10_MarketCap,10,2019,JPM,SELL,0.0001,139.4,0.0
World_Top_10_MarketCap,10,2019,MSFT,SELL,0.0,157.7,0.0
World_Top_10_MarketCap,10,2019,JNJ,SELL,0.0,145.87,0.0
World_Top_10_MarketCap,10,2019,AAPL,SELL,0.0,73.41,0.0
World_Top_10_MarketCap,10,2019,GOOGL,SELL,0.0,66.97,0.0
World_Top_10_MarketCap,10,2019,JPM,SELL,0.0,139.4,0.0
World_Top_10_MarketCap,10,2019,MSFT,SELL,0.0,157.7,0.0
World_Top_10_MarketCap,10,2019,JNJ,SELL,0.0,145.87,0.0
World_Top_10_MarketCap,10,2019,AAPL,SELL,0.0,73.41,0.0
World_Top_10_MarketCap,10,2019,GOOGL,SELL,0.0,66.97,0.0
World_Top_10_MarketCap,10,2019,JPM,SELL,0.0,139.4,0.0
World_Top_10_MarketCap,10,2019,MSFT,SELL,0.0,157.7,0.0
World_Top_10_MarketCap,10,2019,AAPL,SELL,0.0,73.41,0.0
World_Top_10_MarketCap,10,2019,GOOGL,SELL,0.0,66.97,0.0
World_Top_10_MarketCap,10,2019,JPM,SELL,0.0,139.4,0.0
World_Top_10_MarketCap,10,2019,JNJ,SELL,0.0,145.87,0.0
World_Top_10_MarketCap,10,2019,AMZN,BUY,0.2175,92.39,0.0
World_Top_10_MarketCap,10,2019,META,BUY,4.6753,205.25,0.0
World_Top_10_MarketCap,10,2019,BABA,BUY,1.1571,212.1,0.0
World_Top_10_MarketCap,10,2019,BRK.B,BUY,1.2348,226.5,0.0
World_Top_10_MarketCap,10,2019,TSM,BUY,1.529,58.1,0.0
World_Top_10_MarketCap,10,2020,JNJ,SELL,0.0866,157.38,8.13
World_Top_10_MarketCap,10,2020,BRK.B,SELL,1.3441,231.87,191.08
World_Top_10_MarketCap,10,2020,META,SELL,4.4002,273.16,741.44
World_Top_10_MarketCap,10,2020,BABA,SELL,2.8359,232.73,429.53
World_Top_10_MarketCap,10,2020,JPM,SELL,17.7642,127.07,717.69
World_Top_10_MarketCap,10,2020,TSM,SELL,11.7768,109.04,817.2
World_Top_10_MarketCap,10,2020,JNJ,SELL,0.2687,157.38,25.25
World_Top_10_MarketCap,10,2020,BRK.B,SELL,0.1976,231.87,28.09
World_Top_10_MarketCap,10,2020,AMZN,SELL,0.5532,162.85,71.39
World_Top_10_MarketCap,10,2020,META,SELL,0.2709,273.16,45.65
World_Top_10_MarketCap,10,2020,BABA,SELL,0.212,232.73,32.11
World_Top_10_MarketCap,10,2020,TSM,SELL,0.614,109.04,42.61
World_Top_10_MarketCap,10,2020,JNJ,SELL,0.0201,157.38,1.89
World_Top_10_MarketCap,10,2020,BRK.B,SELL,0.0148,231.87,2.1
World_Top_10_MarketCap,10,2020,AMZN,SELL,0.0664,162.85,8.56
World_Top_10_MarketCap,10,2020,META,SELL,0.0203,273.16,3.41
World_Top_10_MarketCap,10,2020,BABA,SELL,0.0159,232.73,2.4
World_Top_10_MarketCap,10,2020,TSM,SELL,0.0459,109.04,3.19
World_Top_10_MarketCap,10,2020,JNJ,SELL,0.0018,157.38,0.17
World_Top_10_MarketCap,10,2020,BRK.B,SELL,0.0013,231.87,0.18
World_Top_10_MarketCap,10,2020,AMZN,SELL,0.0058,162.85,0.75
World_Top_10_MarketCap,10,2020,META,SELL,0.0018,273.16,0.3
World_Top_10_MarketCap,10,2020,BABA,SELL,0.0014,232.73,0.21
World_Top_10_MarketCap,10,2020,TSM,SELL,0.004,109.04,0.28
World_Top_10_MarketCap,10,2020,JNJ,SELL,0.0002,157.38,0.01
World_Top_10_MarketCap,10,2020,BRK.B,SELL,0.0001,231.87,0.02
World_Top_10_MarketCap,10,2020,AMZN,SELL,0.0005,162.85,0.07
World_Top_10_MarketCap,10,2020,META,SELL,0.0002,273.16,0.03
World_Top_10_MarketCap,10,2020,BABA,SELL,0.0001,232.73,0.02
World_Top_10_MarketCap,10,2020,TSM,SELL,0.0004,109.04,0.02
World_Top_10_MarketCap,10,2020,JNJ,SELL,0.0,157.38,0.0
World_Top_10_MarketCap,10,2020,BRK.B,SELL,0.0,231.87,0.0
World_Top_10_MarketCap,10,2020,AMZN,SELL,0.0,162.85,0.01
World_Top_10_MarketCap,10,2020,META,SELL,0.0,273.16,0.0
World_Top_10_MarketCap,10,2020,BABA,SELL,0.0,232.73,0.0
World_Top_10_MarketCap,10,2020,TSM,SELL,0.0,109.04,0.0
World_Top_10_MarketCap,10,2020,JNJ,SELL,0.0,157.38,0.0
World_Top_10_MarketCap,10,2020,BRK.B,SELL,0.0,231.87,0.0
World_Top_10_MarketCap,10,2020,AMZN,SELL,0.0,162.85,0.0
World_Top_10_MarketCap,10,2020,META,SELL,0.0,273.16,0.0
World_Top_10_MarketCap,10,2020,BABA,SELL,0.0,232.73,0.0
World_Top_10_MarketCap,10,2020,TSM,SELL,0.0,109.04,0.0
World_Top_10_MarketCap,10,2020,JNJ,SELL,0.0,157.38,0.0
World_Top_10_MarketCap,10,2020,AMZN,SELL,0.0,162.85,0.0
World_Top_10_MarketCap,10,2020,META,SELL,0.0,273.16,0.0
World_Top_10_MarketCap,10,2020,TSM,SELL,0.0,109.04,0.0
World_Top_10_MarketCap,10,2020,AAPL,BUY,2.452,132.69,0.0
World_Top_10_MarketCap,10,2020,MSFT,BUY,3.6086,222.42,0.0
World_Top_10_MarketCap,10,2020,GOOGL,BUY,9.6768,87.63,0.0
World_Top_10_MarketCap,10,2020,TSLA,BUY,14.7278,235.22,0.0
World_Top_10_MarketCap,10,2021,MSFT,SELL,5.0234,336.32,1555.24
World_Top_10_MarketCap,10,2021,JNJ,SELL,15.538,171.07,1454.61
World_Top_10_MarketCap,10,2021,AAPL,SELL,9.9759,177.57,1696.29
World_Top_10_MarketCap,10,2021,GOOGL,SELL,4.4536,144.85,566.27
World_Top_10_MarketCap,10,2021,AMZN,SELL,0.2361,166.72,31.38
World_Top_10_MarketCap,10,2021,META,SELL,0.1969,336.35,45.62
World_Top_10_MarketCap,10,2021,BABA,SELL,12.2585,118.79,264.55
World_Top_10_MarketCap,10,2021,TSM,SELL,0.124,120.31,10.0
World_Top_10_MarketCap,10,2021,MSFT,SELL,0.9888,336.32,306.14
World_Top_10_MarketCap,10,2021,AAPL,SELL,2.0666,177.57,351.4
World_Top_10_MarketCap,10,2021,GOOGL,SELL,1.5834,144.85,201.32
World_Top_10_MarketCap,10,2021,AMZN,SELL,1.2381,166.72,164.58
World_Top_10_MarketCap,10,2021,META,SELL,0.375,336.35,86.89
World_Top_10_MarketCap,10,2021,TSM,SELL,0.8578,120.31,69.19
World_Top_10_MarketCap,10,2021,MSFT,SELL,0.1962,336.32,60.75
World_Top_10_MarketCap,10,2021,AAPL,SELL,0.4101,177.57,69.73
World_Top_10_MarketCap,10,2021,GOOGL,SELL,0.3142,144.85,39.95
World_Top_10_MarketCap,10,2021,AMZN,SELL,0.2457,166.72,32.66
World_Top_10_MarketCap,10,2021,META,SELL,0.0744,336.35,17.24
World_Top_10_MarketCap,10,2021,TSM,SELL,0.1702,120.31,13.73
World_Top_10_MarketCap,10,2021,MSFT,SELL,0.0389,336.32,12.06
World_Top_10_MarketCap,10,2021,AAPL,SELL,0.0814,177.57,13.84
World_Top_10_MarketCap,10,2021,GOOGL,SELL,0.0624,144.85,7.93
World_Top_10_MarketCap,10,2021,AMZN,SELL,0.0488,166.72,6.48
World_Top_10_MarketCap,10,2021,META,SELL,0.0148,336.35,3.42
World_Top_10_MarketCap,10,2021,TSM,SELL,0.0338,120.31,2.72
World_Top_10_MarketCap,10,2021,MSFT,SELL,0.0077,336.32,2.39
World_Top_10_MarketCap,10,2021,AAPL,SELL,0.0161,177.57,2.75
World_Top_10_MarketCap,10,2021,GOOGL,SELL,0.0124,144.85,1.57
World_Top_10_MarketCap,10,2021,AMZN,SELL,0.0097,166.72,1.29
World_Top_10_MarketCap,10,2021,META,SELL,0.0029,336.35,0.68
World_Top_10_MarketCap,10,2021,TSM,SELL,0.0067,120.31,0.54
World_Top_10_MarketCap,10,2021,MSFT,SELL,0.0015,336.32,0.47
World_Top_10_MarketCap,10,2021,AAPL,SELL,0.0032,177.57,0.54
World_Top_10_MarketCap,10,2021,GOOGL,SELL,0.0025,144.85,0.31
World_Top_10_MarketCap,10,2021,AMZN,SELL,0.0019,166.72,0.26
World_Top_10_MarketCap,10,2021,META,SELL,0.0006,336.35,0.13
World_Top_10_MarketCap,10,2021,TSM,SELL,0.0013,120.31,0.11
World_Top_10_MarketCap,10,2021,MSFT,SELL,0.0003,336.32,0.09
World_Top_10_MarketCap,10,2021,AAPL,SELL,0.0006,177.57,0.11
World_Top_10_MarketCap,10,2021,GOOGL,SELL,0.0005,144.85,0.06
World_Top_10_MarketCap,10,2021,AMZN,SELL,0.0004,166.72,0.05
World_Top_10_MarketCap,10,2021,META,SELL,0.0001,336.35,0.03
World_Top_10_MarketCap,10,2021,TSM,SELL,0.0003,120.31,0.02
World_Top_10_MarketCap,10,2021,MSFT,SELL,0.0001,336.32,0.02
World_Top_10_MarketCap,10,2021,AAPL,SELL,0.0001,177.57,0.02
World_Top_10_MarketCap,10,2021,GOOGL,SELL,0.0001,144.85,0.01
World_Top_10_MarketCap,10,2021,AMZN,SELL,0.0001,166.72,0.01
World_Top_10_MarketCap,10,2021,META,SELL,0.0,336.35,0.01
World_Top_10_MarketCap,10,2021,TSM,SELL,0.0001,120.31,0.0
World_Top_10_MarketCap,10,2021,MSFT,SELL,0.0,336.32,0.0
World_Top_10_MarketCap,10,2021,AAPL,SELL,0.0,177.57,0.0
World_Top_10_MarketCap,10,2021,GOOGL,SELL,0.0,144.85,0.0
World_Top_10_MarketCap,10,2021,AMZN,SELL,0.0,166.72,0.0
World_Top_10_MarketCap,10,2021,META,SELL,0.0,336.35,0.0
World_Top_10_MarketCap,10,2021,TSM,SELL,0.0,120.31,0.0
World_Top_10_MarketCap,10,2021,MSFT,SELL,0.0,336.32,0.0
World_Top_10_MarketCap,10,2021,AAPL,SELL,0.0,177.57,0.0
World_Top_10_MarketCap,10,2021,GOOGL,SELL,0.0,144.85,0.0
World_Top_10_MarketCap,10,2021,AMZN,SELL,0.0,166.72,0.0
World_Top_10_MarketCap,10,2021,META,SELL,0.0,336.35,0.0
World_Top_10_MarketCap,10,2021,TSM,SELL,0.0,120.31,0.0
World_Top_10_MarketCap,10,2021,MSFT,SELL,0.0,336.32,0.0
World_Top_10_MarketCap,10,2021,AAPL,SELL,0.0,177.57,0.0
World_Top_10_MarketCap,10,2021,GOOGL,SELL,0.0,144.85,0.0
World_Top_10_MarketCap,10,2021,AMZN,SELL,0.0,166.72,0.0
World_Top_10_MarketCap,10,2021,META,SELL,0.0,336.35,0.0
World_Top_10_MarketCap,10,2021,TSM,SELL,0.0,120.31,0.0
World_Top_10_MarketCap,10,2021,AAPL,SELL,0.0,177.57,0.0
World_Top_10_MarketCap,10,2021,GOOGL,SELL,0.0,144.85,0.0
World_Top_10_MarketCap,10,2021,AMZN,SELL,0.0,166.72,0.0
World_Top_10_MarketCap,10,2021,MSFT,SELL,0.0,336.32,0.0
World_Top_10_MarketCap,10,2021,TSLA,BUY,0.2472,352.26,0.0
World_Top_10_MarketCap,10,2021,NVDA,BUY,148.1703,29.41,0.0
World_Top_10_MarketCap,10,2021,BRK.B,BUY,0.8479,299.0,0.0
World_Top_10_MarketCap,10,2021,ASML,BUY,4.3212,796.14,0.0
World_Top_10_MarketCap,10,2022,MSFT,SELL,2.3564,239.82,502.15
World_Top_10_MarketCap,10,2022,AAPL,SELL,7.6505,129.93,936.42
World_Top_10_MarketCap,10,2022,GOOGL,SELL,1.5489,88.23,109.24
World_Top_10_MarketCap,10,2022,BRK.B,SELL,2.1122,308.9,462.99
World_Top_10_MarketCap,10,2022,META,SELL,15.0015,120.34,-242.78
World_Top_10_MarketCap,10,2022,TSM,SELL,3.2669,74.49,113.82
World_Top_10_MarketCap,10,2022,TSLA,SELL,14.975,123.18,-1706.74
World_Top_10_MarketCap,10,2022,NVDA,SELL,148.1703,14.61,-2192.92
World_Top_10_MarketCap,10,2022,ASML,SELL,4.3212,546.4,-1079.18
World_Top_10_MarketCap,10,2022,MSFT,SELL,0.0674,239.82,14.36
World_Top_10_MarketCap,10,2022,AAPL,SELL,0.1359,129.93,16.64
World_Top_10_MarketCap,10,2022,GOOGL,SELL,0.112,88.23,7.9
World_Top_10_MarketCap,10,2022,BRK.B,SELL,0.0184,308.9,4.04
World_Top_10_MarketCap,10,2022,TSM,SELL,0.0563,74.49,1.96
World_Top_10_MarketCap,10,2022,AMZN,BUY,1.5145,84.0,0.0
World_Top_10_MarketCap,10,2022,UNH,BUY,5.5983,530.18,0.0
World_Top_10_MarketCap,10,2022,XOM,BUY,25.4144,110.3,0.0
World_Top_10_MarketCap,10,2022,JNJ,BUY,14.9352,176.65,0.0
World_Top_10_MarketCap,10,2022,JPM,BUY,18.4446,134.1,0.0
World_Top_10_MarketCap,10,2023,MSFT,SELL,0.2324,376.04,81.19
World_Top_10_MarketCap,10,2023,AAPL,SELL,4.996,192.53,924.27
World_Top_10_MarketCap,10,2023,GOOGL,SELL,31.5759,139.69,3508.77
World_Top_10_MarketCap,10,2023,AMZN,SELL,8.1477,151.94,962.65
World_Top_10_MarketCap,10,2023,TSM,SELL,0.6706,104.0,43.15
World_Top_10_MarketCap,10,2023,UNH,SELL,5.5983,526.47,-20.77
World_Top_10_MarketCap,10,2023,XOM,SELL,25.4144,99.98,-262.28
World_Top_10_MarketCap,10,2023,JNJ,SELL,14.9352,156.74,-297.36
World_Top_10_MarketCap,10,2023,JPM,SELL,18.4446,170.1,664.0
World_Top_10_MarketCap,10,2023,MSFT,SELL,0.5375,376.04,187.78
World_Top_10_MarketCap,10,2023,AAPL,SELL,1.0181,192.53,188.35
World_Top_10_MarketCap,10,2023,GOOGL,SELL,0.4385,139.69,38.16
World_Top_10_MarketCap,10,2023,AMZN,SELL,0.6249,151.94,73.83
World_Top_10_MarketCap,10,2023,TSM,SELL,0.4417,104.0,28.43
World_Top_10_MarketCap,10,2023,MSFT,SELL,0.0907,376.04,31.67
World_Top_10_MarketCap,10,2023,AAPL,SELL,0.1717,192.53,31.77
World_Top_10_MarketCap,10,2023,GOOGL,SELL,0.074,139.69,6.44
World_Top_10_MarketCap,10,2023,AMZN,SELL,0.1054,151.94,12.45
World_Top_10_MarketCap,10,2023,TSM,SELL,0.0745,104.0,4.79
World_Top_10_MarketCap,10,2023,MSFT,SELL,0.0153,376.04,5.34
World_Top_10_MarketCap,10,2023,AAPL,SELL,0.029,192.53,5.36
World_Top_10_MarketCap,10,2023,GOOGL,SELL,0.0125,139.69,1.09
World_Top_10_MarketCap,10,2023,AMZN,SELL,0.0178,151.94,2.1
World_Top_10_MarketCap,10,2023,TSM,SELL,0.0126,104.0,0.81
World_Top_10_MarketCap,10,2023,MSFT,SELL,0.0026,376.04,0.9
World_Top_10_MarketCap,10,2023,AAPL,SELL,0.0049,192.53,0.9
World_Top_10_MarketCap,10,2023,GOOGL,SELL,0.0021,139.69,0.18
World_Top_10_MarketCap,10,2023,AMZN,SELL,0.003,151.94,0.35
World_Top_10_MarketCap,10,2023,TSM,SELL,0.0021,104.0,0.14
World_Top_10_MarketCap,10,2023,MSFT,SELL,0.0004,376.04,0.15
World_Top_10_MarketCap,10,2023,AAPL,SELL,0.0008,192.53,0.15
World_Top_10_MarketCap,10,2023,GOOGL,SELL,0.0004,139.69,0.03
World_Top_10_MarketCap,10,2023,AMZN,SELL,0.0005,151.94,0.06
World_Top_10_MarketCap,10,2023,TSM,SELL,0.0004,104.0,0.02
World_Top_10_MarketCap,10,2023,MSFT,SELL,0.0001,376.04,0.03
World_Top_10_MarketCap,10,2023,AAPL,SELL,0.0001,192.53,0.03
World_Top_10_MarketCap,10,2023,GOOGL,SELL,0.0001,139.69,0.01
World_Top_10_MarketCap,10,2023,AMZN,SELL,0.0001,151.94,0.01
World_Top_10_MarketCap,10,2023,TSM,SELL,0.0001,104.0,0.0
World_Top_10_MarketCap,10,2023,MSFT,SELL,0.0,376.04,0.0
World_Top_10_MarketCap,10,2023,AAPL,SELL,0.0,192.53,0.0
World_Top_10_MarketCap,10,2023,GOOGL,SELL,0.0,139.69,0.0
World_Top_10_MarketCap,10,2023,AMZN,SELL,0.0,151.94,0.0
World_Top_10_MarketCap,10,2023,TSM,SELL,0.0,104.0,0.0
World_Top_10_MarketCap,10,2023,MSFT,SELL,0.0,376.04,0.0
World_Top_10_MarketCap,10,2023,AAPL,SELL,0.0,192.53,0.0
World_Top_10_MarketCap,10,2023,GOOGL,SELL,0.0,139.69,0.0
World_Top_10_MarketCap,10,2023,AMZN,SELL,0.0,151.94,0.0
World_Top_10_MarketCap,10,2023,TSM,SELL,0.0,104.0,0.0
World_Top_10_MarketCap,10,2023,MSFT,SELL,0.0,376.04,0.0
World_Top_10_MarketCap,10,2023,AAPL,SELL,0.0,192.53,0.0
World_Top_10_MarketCap,10,2023,GOOGL,SELL,0.0,139.69,0.0
World_Top_10_MarketCap,10,2023,AMZN,SELL,0.0,151.94,0.0
World_Top_10_MarketCap,10,2023,TSM,SELL,0.0,104.0,0.0
World_Top_10_MarketCap,10,2023,AAPL,SELL,0.0,192.53,0.0
World_Top_10_MarketCap,10,2023,NVDA,BUY,137.636,49.52,0.0
World_Top_10_MarketCap,10,2023,META,BUY,12.2536,353.96,0.0
World_Top_10_MarketCap,10,2023,BRK.B,BUY,0.8603,356.66,0.0
World_Top_10_MarketCap,10,2023,TSLA,BUY,14.1305,248.48,0.0
World_Top_10_MarketCap,10,2023,NVO,BUY,27.9509,103.45,0.0
World_Top_10_MarketCap,10,2024,BRK.B,SELL,0.8522,453.28,309.85
World_Top_10_MarketCap,10,2024,TSM,SELL,3.7509,197.49,592.03
World_Top_10_MarketCap,10,2024,NVDA,SELL,8.6511,134.29,733.36
World_Top_10_MarketCap,10,2024,META,SELL,0.2353,585.51,54.49
World_Top_10_MarketCap,10,2024,TSLA,SELL,3.4075,403.84,529.39
World_Top_10_MarketCap,10,2024,NVO,SELL,27.9509,86.02,-487.18
World_Top_10_MarketCap,10,2024,BRK.B,SELL,0.0683,453.28,24.81
World_Top_10_MarketCap,10,2024,TSM,SELL,0.1751,197.49,27.63
World_Top_10_MarketCap,10,2024,NVDA,SELL,0.8673,134.29,73.52
World_Top_10_MarketCap,10,2024,META,SELL,0.0808,585.51,18.71
World_Top_10_MarketCap,10,2024,TSLA,SELL,0.0721,403.84,11.2
World_Top_10_MarketCap,10,2024,BRK.B,SELL,0.0051,453.28,1.87
World_Top_10_MarketCap,10,2024,TSM,SELL,0.0132,197.49,2.08
World_Top_10_MarketCap,10,2024,NVDA,SELL,0.0654,134.29,5.54
World_Top_10_MarketCap,10,2024,META,SELL,0.0061,585.51,1.41
World_Top_10_MarketCap,10,2024,TSLA,SELL,0.0054,403.84,0.84
World_Top_10_MarketCap,10,2024,BRK.B,SELL,0.0004,453.28,0.14
World_Top_10_MarketCap,10,2024,TSM,SELL,0.001,197.49,0.16
World_Top_10_MarketCap,10,2024,NVDA,SELL,0.0049,134.29,0.42
World_Top_10_MarketCap,10,2024,META,SELL,0.0005,585.51,0.11
World_Top_10_MarketCap,10,2024,TSLA,SELL,0.0004,403.84,0.06
World_Top_10_MarketCap,10,2024,BRK.B,SELL,0.0,453.28,0.01
World_Top_10_MarketCap,10,2024,TSM,SELL,0.0001,197.49,0.01
World_Top_10_MarketCap,10,2024,NVDA,SELL,0.0004,134.29,0.03
World_Top_10_MarketCap,10,2024,META,SELL,0.0,585.51,0.01
World_Top_10_MarketCap,10,2024,TSLA,SELL,0.0,403.84,0.0
World_Top_10_MarketCap,10,2024,BRK.B,SELL,0.0,453.28,0.0
World_Top_10_MarketCap,10,2024,TSM,SELL,0.0,197.49,0.0
World_Top_10_MarketCap,10,2024,NVDA,SELL,0.0,134.29,0.0
World_Top_10_MarketCap,10,2024,META,SELL,0.0,585.51,0.0
World_Top_10_MarketCap,10,2024,TSLA,SELL,0.0,403.84,0.0
World_Top_10_MarketCap,10,2024,BRK.B,SELL,0.0,453.28,0.0
World_Top_10_MarketCap,10,2024,TSM,SELL,0.0,197.49,0.0
World_Top_10_MarketCap,10,2024,NVDA,SELL,0.0,134.29,0.0
World_Top_10_MarketCap,10,2024,META,SELL,0.0,585.51,0.0
World_Top_10_MarketCap,10,2024,TSLA,SELL,0.0,403.84,0.0
World_Top_10_MarketCap,10,2024,NVDA,SELL,0.0,134.29,0.0
World_Top_10_MarketCap,10,2024,AAPL,BUY,2.1558,250.42,0.0
World_Top_10_MarketCap,10,2024,MSFT,BUY,2.6334,421.5,0.0
World_Top_10_MarketCap,10,2024,AMZN,BUY,1.9484,219.39,0.0
World_Top_10_MarketCap,10,2024,GOOGL,BUY,1.6543,189.3,0.0
World_Top_10_MarketCap,10,2024,AVGO,BUY,16.2245,231.84,0.0
Top_3_MarketCap,3,1994,GE,BUY,89.5594,40.74,0.0
Top_3_MarketCap,3,1994,T,BUY,64.5422,50.25,0.0
Top_3_MarketCap,3,1994,XOM,BUY,204.6154,15.19,0.0
Top_3_MarketCap,3,1995,GE,SELL,0.0932,57.51,1.56
Top_3_MarketCap,3,1995,GE,SELL,0.7004,57.51,11.75
Top_3_MarketCap,3,1995,GE,SELL,0.0228,57.51,0.38
Top_3_MarketCap,3,1995,GE,SELL,0.0007,57.51,0.01
Top_3_MarketCap,3,1995,GE,SELL,0.0,57.51,0.0
Top_3_MarketCap,3,1995,GE,SELL,0.0,57.51,0.0
Top_3_MarketCap,3,1995,T,BUY,3.4058,64.75,0.0
Top_3_MarketCap,3,1995,XOM,BUY,3.651,20.28,0.0
Top_3_MarketCap,3,1996,GE,SELL,15.6611,78.98,598.88
Top_3_MarketCap,3,1996,T,SELL,67.9479,43.5,-508.03
Top_3_MarketCap,3,1996,XOM,SELL,18.2745,24.5,170.14
Top_3_MarketCap,3,1996,GE,SELL,0.919,78.98,35.14
Top_3_MarketCap,3,1996,XOM,SELL,2.3892,24.5,22.24
Top_3_MarketCap,3,1996,GE,SELL,0.0814,78.98,3.11
Top_3_MarketCap,3,1996,XOM,SELL,0.2117,24.5,1.97
Top_3_MarketCap,3,1996,GE,SELL,0.0072,78.98,0.28
Top_3_MarketCap,3,1996,XOM,SELL,0.0188,24.5,0.17
Top_3_MarketCap,3,1996,GE,SELL,0.0006,78.98,0.02
Top_3_MarketCap,3,1996,XOM,SELL,0.0017,24.5,0.02
Top_3_MarketCap,3,1996,GE,SELL,0.0001,78.98,0.0
Top_3_MarketCap,3,1996,XOM,SELL,0.0001,24.5,0.0
Top_3_MarketCap,3,1996,GE,SELL,0.0,78.98,0.0
Top_3_MarketCap,3,1996,XOM,SELL,0.0,24.5,0.0
Top_3_MarketCap,3,1996,GE,SELL,0.0,78.98,0.0
Top_3_MarketCap,3,1996,XOM,SELL,0.0,24.5,0.0
Top_3_MarketCap,3,1996,XOM,SELL,0.0,24.5,0.0
Top_3_MarketCap,3,1996,KO,BUY,188.4387,26.31,0.0
Top_3_MarketCap,3,1997,GE,SELL,2.3185,117.22,177.32
Top_3_MarketCap,3,1997,XOM,SELL,187.3705,30.59,2866.92
Top_3_MarketCap,3,1997,KO,SELL,6.2537,33.34,43.96
Top_3_MarketCap,3,1997,GE,SELL,3.4396,117.22,263.06
Top_3_MarketCap,3,1997,KO,SELL,8.9837,33.34,63.16
Top_3_MarketCap,3,1997,GE,SELL,0.3283,117.22,25.11
Top_3_MarketCap,3,1997,KO,SELL,0.8575,33.34,6.03
Top_3_MarketCap,3,1997,GE,SELL,0.0313,117.22,2.4
Top_3_MarketCap,3,1997,KO,SELL,0.0819,33.34,0.58
Top_3_MarketCap,3,1997,GE,SELL,0.003,117.22,0.23
Top_3_MarketCap,3,1997,KO,SELL,0.0078,33.34,0.05
Top_3_MarketCap,3,1997,GE,SELL,0.0003,117.22,0.02
Top_3_MarketCap,3,1997,KO,SELL,0.0007,33.34,0.01
Top_3_MarketCap,3,1997,GE,SELL,0.0,117.22,0.0
Top_3_MarketCap,3,1997,KO,SELL,0.0001,33.34,0.0
Top_3_MarketCap,3,1997,GE,SELL,0.0,117.22,0.0
Top_3_MarketCap,3,1997,KO,SELL,0.0,33.34,0.0
Top_3_MarketCap,3,1997,GE,SELL,0.0,117.22,0.0
Top_3_MarketCap,3,1997,KO,SELL,0.0,33.34,0.0
Top_3_MarketCap,3,1997,MSFT,BUY,382.716,16.16,0.0
Top_3_MarketCap,3,1998,KO,SELL,172.2534,33.5,1238.5
Top_3_MarketCap,3,1998,MSFT,SELL,38.6338,34.67,715.11
Top_3_MarketCap,3,1998,MSFT,SELL,7.3607,34.67,136.25
Top_3_MarketCap,3,1998,MSFT,SELL,0.4693,34.67,8.69
Top_3_MarketCap,3,1998,MSFT,SELL,0.0299,34.67,0.55
Top_3_MarketCap,3,1998,MSFT,SELL,0.0019,34.67,0.04
Top_3_MarketCap,3,1998,MSFT,SELL,0.0001,34.67,0.0
Top_3_MarketCap,3,1998,MSFT,SELL,0.0,34.67,0.0
Top_3_MarketCap,3,1998,MSFT,SELL,0.0,34.67,0.0
Top_3_MarketCap,3,1998,GE,BUY,0.3538,162.94,0.0
Top_3_MarketCap,3,1998,INTC,BUY,230.2115,29.64,0.0
Top_3_MarketCap,3,1999,GE,SELL,4.7332,247.21,977.26
Top_3_MarketCap,3,1999,MSFT,SELL,24.6186,58.38,1039.4
Top_3_MarketCap,3,1999,INTC,SELL,230.2115,41.16,2652.04
Top_3_MarketCap,3,1999,GE,SELL,1.9567,247.21,404.0
Top_3_MarketCap,3,1999,MSFT,SELL,9.9023,58.38,418.08
Top_3_MarketCap,3,1999,GE,SELL,0.3325,247.21,68.66
Top_3_MarketCap,3,1999,MSFT,SELL,1.6829,58.38,71.05
Top_3_MarketCap,3,1999,GE,SELL,0.0565,247.21,11.67
Top_3_MarketCap,3,1999,MSFT,SELL,0.286,58.38,12.08
Top_3_MarketCap,3,1999,GE,SELL,0.0096,247.21,1.98
Top_3_MarketCap,3,1999,MSFT,SELL,0.0486,58.38,2.05
Top_3_MarketCap,3,1999,GE,SELL,0.0016,247.21,0.34
Top_3_MarketCap,3,1999,MSFT,SELL,0.0083,58.38,0.35
Top_3_MarketCap,3,1999,GE,SELL,0.0003,247.21,0.06
Top_3_MarketCap,3,1999,MSFT,SELL,0.0014,58.38,0.06
Top_3_MarketCap,3,1999,GE,SELL,0.0,247.21,0.01
Top_3_MarketCap,3,1999,MSFT,SELL,0.0002,58.38,0.01
Top_3_MarketCap,3,1999,GE,SELL,0.0,247.21,0.0
Top_3_MarketCap,3,1999,MSFT,SELL,0.0,58.38,0.0
Top_3_MarketCap,3,1999,GE,SELL,0.0,247.21,0.0
Top_3_MarketCap,3,1999,MSFT,SELL,0.0,58.38,0.0
Top_3_MarketCap,3,1999,GE,SELL,0.0,247.21,0.0
Top_3_MarketCap,3,1999,MSFT,SELL,0.0,58.38,0.0
Top_3_MarketCap,3,1999,MSFT,SELL,0.0,58.38,0.0
Top_3_MarketCap,3,1999,CSCO,BUY,219.9821,53.56,0.0
Top_3_MarketCap,3,2000,GE,SELL,9.7744,229.74,1847.35
Top_3_MarketCap,3,2000,MSFT,SELL,299.6719,21.69,1657.19
Top_3_MarketCap,3,2000,CSCO,SELL,219.9821,38.25,-3367.93
Top_3_MarketCap,3,2000,GE,SELL,0.1544,229.74,29.18
Top_3_MarketCap,3,2000,GE,SELL,0.0151,229.74,2.85
Top_3_MarketCap,3,2000,GE,SELL,0.0015,229.74,0.28
Top_3_MarketCap,3,2000,GE,SELL,0.0001,229.74,0.03
Top_3_MarketCap,3,2000,GE,SELL,0.0,229.74,0.0
Top_3_MarketCap,3,2000,GE,SELL,0.0,229.74,0.0
Top_3_MarketCap,3,2000,GE,SELL,0.0,229.74,0.0
Top_3_MarketCap,3,2000,XOM,BUY,214.8223,43.47,0.0
Top_3_MarketCap,3,2000,PFE,BUY,181.5634,43.64,0.0
Top_3_MarketCap,3,2001,XOM,SELL,28.0717,39.3,-117.06
Top_3_MarketCap,3,2001,PFE,SELL,181.5634,37.81,-1058.51
Top_3_MarketCap,3,2001,XOM,SELL,0.9497,39.3,-3.96
Top_3_MarketCap,3,2001,GE,BUY,0.1503,192.08,0.0
Top_3_MarketCap,3,2001,MSFT,BUY,249.8662,33.12,0.0
Top_3_MarketCap,3,2002,XOM,SELL,24.358,34.94,-207.77
Top_3_MarketCap,3,2002,XOM,SELL,0.8736,34.94,-7.45
Top_3_MarketCap,3,2002,MSFT,BUY,19.5533,25.85,0.0
Top_3_MarketCap,3,2002,GE,BUY,5.2855,116.7,0.0
Top_3_MarketCap,3,2003,GE,SELL,3.1077,148.47,334.79
Top_3_MarketCap,3,2003,GE,SELL,0.2916,148.47,31.41
Top_3_MarketCap,3,2003,MSFT,BUY,26.2879,27.37,0.0
Top_3_MarketCap,3,2003,XOM,BUY,1.9978,41.0,0.0
Top_3_MarketCap,3,2004,MSFT,SELL,6.253,26.72,-40.02
Top_3_MarketCap,3,2004,MSFT,SELL,4.2846,26.72,-27.42
Top_3_MarketCap,3,2004,GE,BUY,3.1455,174.92,0.0
Top_3_MarketCap,3,2004,XOM,BUY,12.6263,51.26,0.0
Top_3_MarketCap,3,2005,MSFT,SELL,0.9943,26.15,-6.93
Top_3_MarketCap,3,2005,MSFT,SELL,1.6703,26.15,-11.64
Top_3_MarketCap,3,2005,XOM,BUY,5.0387,56.17,0.0
Top_3_MarketCap,3,2005,GE,BUY,0.9321,167.97,0.0
Top_3_MarketCap,3,2006,XOM,SELL,16.2781,76.63,539.78
Top_3_MarketCap,3,2006,XOM,SELL,0.9146,76.63,30.33
Top_3_MarketCap,3,2006,GE,BUY,5.4574,178.33,0.0
Top_3_MarketCap,3,2006,MSFT,BUY,25.7963,29.86,0.0
Top_3_MarketCap,3,2007,MSFT,SELL,12.6557,35.6,31.39
Top_3_MarketCap,3,2007,MSFT,SELL,1.6098,35.6,3.99
Top_3_MarketCap,3,2007,XOM,BUY,2.6246,93.69,0.0
Top_3_MarketCap,3,2007,GE,BUY,4.1738,177.66,0.0
Top_3_MarketCap,3,2008,GE,SELL,65.0149,77.64,68.57
Top_3_MarketCap,3,2008,XOM,SELL,10.5395,79.83,383.22
Top_3_MarketCap,3,2008,MSFT,SELL,294.0362,19.44,-3645.01
Top_3_MarketCap,3,2008,XOM,SELL,1.4626,79.83,53.18
Top_3_MarketCap,3,2008,WMT,BUY,348.2572,18.69,0.0
Top_3_MarketCap,3,2008,PG,BUY,93.1397,61.82,0.0
Top_3_MarketCap,3,2009,XOM,SELL,10.8533,68.19,268.29
Top_3_MarketCap,3,2009,WMT,SELL,348.2572,17.82,-302.98
Top_3_MarketCap,3,2009,PG,SELL,93.1397,60.63,-110.84
Top_3_MarketCap,3,2009,XOM,SELL,1.0153,68.19,25.1
Top_3_MarketCap,3,2009,MSFT,BUY,236.0712,30.48,0.0
Top_3_MarketCap,3,2009,AAPL,BUY,776.4014,7.53,0.0
Top_3_MarketCap,3,2010,XOM,SELL,2.9445,73.12,87.31
Top_3_MarketCap,3,2010,XOM,SELL,0.5969,73.12,17.7
Top_3_MarketCap,3,2010,AAPL,SELL,2.1232,11.52,8.47
Top_3_MarketCap,3,2010,MSFT,BUY,19.5988,27.91,0.0
Top_3_MarketCap,3,2011,XOM,SELL,0.4882,84.76,20.16
Top_3_MarketCap,3,2011,AAPL,SELL,32.2257,14.46,223.32
Top_3_MarketCap,3,2011,XOM,SELL,0.5922,84.76,24.45
Top_3_MarketCap,3,2011,AAPL,SELL,3.19,14.46,22.11
Top_3_MarketCap,3,2011,MSFT,BUY,34.839,25.96,0.0
Top_3_MarketCap,3,2012,XOM,SELL,11.6003,86.55,499.74
Top_3_MarketCap,3,2012,MSFT,SELL,290.509,26.71,-887.38
Top_3_MarketCap,3,2012,XOM,SELL,0.7456,86.55,32.12
Top_3_MarketCap,3,2012,AAPL,BUY,12.7787,19.01,0.0
Top_3_MarketCap,3,2012,GOOGL,BUY,511.928,17.7,0.0
Top_3_MarketCap,3,2013,GOOGL,SELL,69.6258,28.05,720.63
Top_3_MarketCap,3,2013,GOOGL,SELL,1.9395,28.05,20.07
Top_3_MarketCap,3,2013,AAPL,BUY,86.6302,20.04,0.0
Top_3_MarketCap,3,2013,XOM,BUY,6.9961,101.2,0.0
Top_3_MarketCap,3,2014,AAPL,SELL,122.2648,27.59,2452.63
Top_3_MarketCap,3,2014,GOOGL,SELL,440.3628,26.53,3888.4
Top_3_MarketCap,3,2014,AAPL,SELL,18.4604,27.59,370.32
Top_3_MarketCap,3,2014,AAPL,SELL,1.6662,27.59,33.42
Top_3_MarketCap,3,2014,AAPL,SELL,0.1504,27.59,3.02
Top_3_MarketCap,3,2014,AAPL,SELL,0.0136,27.59,0.27
Top_3_MarketCap,3,2014,AAPL,SELL,0.0012,27.59,0.02
Top_3_MarketCap,3,2014,AAPL,SELL,0.0001,27.59,0.0
Top_3_MarketCap,3,2014,AAPL,SELL,0.0,27.59,0.0
Top_3_MarketCap,3,2014,AAPL,SELL,0.0,27.59,0.0
Top_3_MarketCap,3,2014,XOM,BUY,18.1285,92.45,0.0
Top_3_MarketCap,3,2014,MSFT,BUY,286.9688,46.45,0.0
Top_3_MarketCap,3,2015,MSFT,SELL,7.4558,55.48,67.33
Top_3_MarketCap,3,2015,MSFT,SELL,2.1775,55.48,19.66
Top_3_MarketCap,3,2015,MSFT,SELL,0.035,55.48,0.32
Top_3_MarketCap,3,2015,MSFT,SELL,0.0006,55.48,0.01
Top_3_MarketCap,3,2015,MSFT,SELL,0.0,55.48,0.0
Top_3_MarketCap,3,2015,MSFT,SELL,0.0,55.48,0.0
Top_3_MarketCap,3,2015,AAPL,BUY,34.9368,26.32,0.0
Top_3_MarketCap,3,2015,XOM,BUY,5.1223,77.95,0.0
Top_3_MarketCap,3,2016,XOM,SELL,155.0725,90.26,5498.18
Top_3_MarketCap,3,2016,MSFT,SELL,0.3708,62.14,5.82
Top_3_MarketCap,3,2016,MSFT,SELL,0.0094,62.14,0.15
Top_3_MarketCap,3,2016,MSFT,SELL,0.0002,62.14,0.0
Top_3_MarketCap,3,2016,MSFT,SELL,0.0,62.14,0.0
Top_3_MarketCap,3,2016,MSFT,SELL,0.0,62.14,0.0
Top_3_MarketCap,3,2016,AAPL,BUY,17.8477,28.95,0.0
Top_3_MarketCap,3,2016,AMZN,BUY,339.9974,37.49,0.0
Top_3_MarketCap,3,2017,AAPL,SELL,40.1842,42.31,1397.61
Top_3_MarketCap,3,2017,AAPL,SELL,6.4143,42.31,223.09
Top_3_MarketCap,3,2017,AAPL,SELL,0.6226,42.31,21.65
Top_3_MarketCap,3,2017,AAPL,SELL,0.0604,42.31,2.1
Top_3_MarketCap,3,2017,AAPL,SELL,0.0059,42.31,0.2
Top_3_MarketCap,3,2017,AAPL,SELL,0.0006,42.31,0.02
Top_3_MarketCap,3,2017,AAPL,SELL,0.0001,42.31,0.0
Top_3_MarketCap,3,2017,AAPL,SELL,0.0,42.31,0.0
Top_3_MarketCap,3,2017,AAPL,SELL,0.0,42.31,0.0
Top_3_MarketCap,3,2017,MSFT,BUY,13.6718,85.54,0.0
Top_3_MarketCap,3,2017,AMZN,BUY,16.5608,58.47,0.0
Top_3_MarketCap,3,2018,AMZN,SELL,2.4863,75.1,93.51
Top_3_MarketCap,3,2018,AMZN,SELL,1.3602,75.1,51.16
Top_3_MarketCap,3,2018,AMZN,SELL,0.064,75.1,2.41
Top_3_MarketCap,3,2018,AMZN,SELL,0.003,75.1,0.11
Top_3_MarketCap,3,2018,AMZN,SELL,0.0001,75.1,0.01
Top_3_MarketCap,3,2018,AMZN,SELL,0.0,75.1,0.0
Top_3_MarketCap,3,2018,AMZN,SELL,0.0,75.1,0.0
Top_3_MarketCap,3,2018,MSFT,BUY,6.3653,101.57,0.0
Top_3_MarketCap,3,2018,AAPL,BUY,7.5849,39.44,0.0
Top_3_MarketCap,3,2019,AAPL,SELL,29.9189,73.41,1971.06
Top_3_MarketCap,3,2019,AAPL,SELL,4.7188,73.41,310.88
Top_3_MarketCap,3,2019,AAPL,SELL,0.4777,73.41,31.47
Top_3_MarketCap,3,2019,AAPL,SELL,0.0484,73.41,3.19
Top_3_MarketCap,3,2019,AAPL,SELL,0.0049,73.41,0.32
Top_3_MarketCap,3,2019,AAPL,SELL,0.0005,73.41,0.03
Top_3_MarketCap,3,2019,AAPL,SELL,0.0001,73.41,0.0
Top_3_MarketCap,3,2019,AAPL,SELL,0.0,73.41,0.0
Top_3_MarketCap,3,2019,AAPL,SELL,0.0,73.41,0.0
Top_3_MarketCap,3,2019,MSFT,BUY,9.9476,157.7,0.0
Top_3_MarketCap,3,2019,AMZN,BUY,11.7751,92.39,0.0
Top_3_MarketCap,3,2020,AAPL,SELL,1.8882,132.69,236.32
Top_3_MarketCap,3,2020,AMZN,SELL,4.9778,162.85,624.01
Top_3_MarketCap,3,2020,AAPL,SELL,1.8896,132.69,236.5
Top_3_MarketCap,3,2020,AMZN,SELL,1.0111,162.85,126.75
Top_3_MarketCap,3,2020,AAPL,SELL,0.3355,132.69,41.99
Top_3_MarketCap,3,2020,AMZN,SELL,0.1795,162.85,22.51
Top_3_MarketCap,3,2020,AAPL,SELL,0.0596,132.69,7.46
Top_3_MarketCap,3,2020,AMZN,SELL,0.0319,162.85,4.0
Top_3_MarketCap,3,2020,AAPL,SELL,0.0106,132.69,1.32
Top_3_MarketCap,3,2020,AMZN,SELL,0.0057,162.85,0.71
Top_3_MarketCap,3,2020,AAPL,SELL,0.0019,132.69,0.24
Top_3_MarketCap,3,2020,AMZN,SELL,0.001,162.85,0.13
Top_3_MarketCap,3,2020,AAPL,SELL,0.0003,132.69,0.04
Top_3_MarketCap,3,2020,AMZN,SELL,0.0002,162.85,0.02
Top_3_MarketCap,3,2020,AAPL,SELL,0.0001,132.69,0.01
Top_3_MarketCap,3,2020,AMZN,SELL,0.0,162.85,0.0
Top_3_MarketCap,3,2020,AAPL,SELL,0.0,132.69,0.0
Top_3_MarketCap,3,2020,AMZN,SELL,0.0,162.85,0.0
Top_3_MarketCap,3,2020,AAPL,SELL,0.0,132.69,0.0
Top_3_MarketCap,3,2020,AMZN,SELL,0.0,162.85,0.0
Top_3_MarketCap,3,2020,AAPL,SELL,0.0,132.69,0.0
Top_3_MarketCap,3,2020,AMZN,SELL,0.0,162.85,0.0
Top_3_MarketCap,3,2020,MSFT,BUY,9.0163,222.42,0.0
Top_3_MarketCap,3,2021,AAPL,SELL,26.7134,177.57,4542.35
Top_3_MarketCap,3,2021,MSFT,SELL,11.0001,336.32,3188.6
Top_3_MarketCap,3,2021,AMZN,SELL,358.2125,166.72,45297.9
Top_3_MarketCap,3,2021,AAPL,SELL,36.6126,177.57,6225.61
Top_3_MarketCap,3,2021,MSFT,SELL,17.3696,336.32,5034.93
Top_3_MarketCap,3,2021,AAPL,SELL,7.5878,177.57,1290.22
Top_3_MarketCap,3,2021,MSFT,SELL,3.5998,336.32,1043.46
Top_3_MarketCap,3,2021,AAPL,SELL,1.5725,177.57,267.39
Top_3_MarketCap,3,2021,MSFT,SELL,0.746,336.32,216.25
Top_3_MarketCap,3,2021,AAPL,SELL,0.3259,177.57,55.42
Top_3_MarketCap,3,2021,MSFT,SELL,0.1546,336.32,44.82
Top_3_MarketCap,3,2021,AAPL,SELL,0.0675,177.57,11.48
Top_3_MarketCap,3,2021,MSFT,SELL,0.032,336.32,9.29
Top_3_MarketCap,3,2021,AAPL,SELL,0.014,177.57,2.38
Top_3_MarketCap,3,2021,MSFT,SELL,0.0066,336.32,1.92
Top_3_MarketCap,3,2021,AAPL,SELL,0.0029,177.57,0.49
Top_3_MarketCap,3,2021,MSFT,SELL,0.0014,336.32,0.4
Top_3_MarketCap,3,2021,AAPL,SELL,0.0006,177.57,0.1
Top_3_MarketCap,3,2021,MSFT,SELL,0.0003,336.32,0.08
Top_3_MarketCap,3,2021,AAPL,SELL,0.0001,177.57,0.02
Top_3_MarketCap,3,2021,MSFT,SELL,0.0001,336.32,0.02
Top_3_MarketCap,3,2021,AAPL,SELL,0.0,177.57,0.0
Top_3_MarketCap,3,2021,MSFT,SELL,0.0,336.32,0.0
Top_3_MarketCap,3,2021,AAPL,SELL,0.0,177.57,0.0
Top_3_MarketCap,3,2021,MSFT,SELL,0.0,336.32,0.0
Top_3_MarketCap,3,2021,AAPL,SELL,0.0,177.57,0.0
Top_3_MarketCap,3,2021,MSFT,SELL,0.0,336.32,0.0
Top_3_MarketCap,3,2021,AAPL,SELL,0.0,177.57,0.0
Top_3_MarketCap,3,2021,MSFT,SELL,0.0,336.32,0.0
Top_3_MarketCap,3,2021,GOOGL,BUY,445.1369,144.85,0.0
Top_3_MarketCap,3,2022,AAPL,SELL,11.1766,129.93,1368.01
Top_3_MarketCap,3,2022,AAPL,SELL,2.4839,129.93,304.03
Top_3_MarketCap,3,2022,AAPL,SELL,0.2872,129.93,35.15
Top_3_MarketCap,3,2022,AAPL,SELL,0.0332,129.93,4.06
Top_3_MarketCap,3,2022,AAPL,SELL,0.0038,129.93,0.47
Top_3_MarketCap,3,2022,AAPL,SELL,0.0004,129.93,0.05
Top_3_MarketCap,3,2022,AAPL,SELL,0.0001,129.93,0.01
Top_3_MarketCap,3,2022,AAPL,SELL,0.0,129.93,0.0
Top_3_MarketCap,3,2022,AAPL,SELL,0.0,129.93,0.0
Top_3_MarketCap,3,2022,MSFT,BUY,2.5503,239.82,0.0
Top_3_MarketCap,3,2022,GOOGL,BUY,17.8525,88.23,0.0
Top_3_MarketCap,3,2023,GOOGL,SELL,462.9894,139.69,-1378.21
Top_3_MarketCap,3,2023,AAPL,SELL,0.3798,192.53,70.26
Top_3_MarketCap,3,2023,MSFT,BUY,25.6616,376.04,0.0
Top_3_MarketCap,3,2023,NVDA,BUY,1131.7334,49.52,0.0
Top_3_MarketCap,3,2024,NVDA,SELL,63.0931,134.29,5348.4
Top_3_MarketCap,3,2024,NVDA,SELL,4.1804,134.29,354.37
Top_3_MarketCap,3,2024,NVDA,SELL,0.2639,134.29,22.37
Top_3_MarketCap,3,2024,NVDA,SELL,0.0167,134.29,1.41
Top_3_MarketCap,3,2024,NVDA,SELL,0.0011,134.29,0.09
Top_3_MarketCap,3,2024,NVDA,SELL,0.0001,134.29,0.01
Top_3_MarketCap,3,2024,NVDA,SELL,0.0,134.29,0.0
Top_3_MarketCap,3,2024,NVDA,SELL,0.0,134.29,0.0
Top_3_MarketCap,3,2024,AAPL,BUY,13.6733,250.42,0.0
Top_3_MarketCap,3,2024,MSFT,BUY,12.8676,421.5,0.0
Top_5_MarketCap,5,1994,GE,BUY,59.1732,40.74,0.0
Top_5_MarketCap,5,1994,T,BUY,42.6439,50.25,0.0
Top_5_MarketCap,5,1994,XOM,BUY,135.1923,15.19,0.0
Top_5_MarketCap,5,1994,KO,BUY,138.6424,12.88,0.0
Top_5_MarketCap,5,1994,MRK,BUY,88.3531,18.19,0.0
Top_5_MarketCap,5,1995,MRK,SELL,10.8086,31.31,141.81
Top_5_MarketCap,5,1995,MRK,SELL,0.7407,31.31,9.72
Top_5_MarketCap,5,1995,MRK,SELL,0.0155,31.31,0.2
Top_5_MarketCap,5,1995,MRK,SELL,0.0003,31.31,0.0
Top_5_MarketCap,5,1995,MRK,SELL,0.0,31.31,0.0
Top_5_MarketCap,5,1995,MRK,SELL,0.0,31.31,0.0
Top_5_MarketCap,5,1995,GE,BUY,1.4447,57.51,0.0
Top_5_MarketCap,5,1995,T,BUY,3.7698,64.75,0.0
Top_5_MarketCap,5,1995,XOM,BUY,7.0698,20.28,0.0
Top_5_MarketCap,5,1995,KO,BUY,3.8496,18.56,0.0
Top_5_MarketCap,5,1996,GE,SELL,6.6883,78.98,255.76
Top_5_MarketCap,5,1996,XOM,SELL,2.0595,24.5,19.17
Top_5_MarketCap,5,1996,KO,SELL,1.4901,26.31,20.01
Top_5_MarketCap,5,1996,MRK,SELL,4.4538,37.99,88.19
Top_5_MarketCap,5,1996,GE,SELL,0.6889,78.98,26.34
Top_5_MarketCap,5,1996,XOM,SELL,1.7911,24.5,16.67
Top_5_MarketCap,5,1996,KO,SELL,1.8013,26.31,24.19
Top_5_MarketCap,5,1996,MRK,SELL,0.9241,37.99,18.3
Top_5_MarketCap,5,1996,GE,SELL,0.0799,78.98,3.06
Top_5_MarketCap,5,1996,XOM,SELL,0.2077,24.5,1.93
Top_5_MarketCap,5,1996,KO,SELL,0.2089,26.31,2.81
Top_5_MarketCap,5,1996,MRK,SELL,0.1072,37.99,2.12
Top_5_MarketCap,5,1996,GE,SELL,0.0093,78.98,0.35
Top_5_MarketCap,5,1996,XOM,SELL,0.0241,24.5,0.22
Top_5_MarketCap,5,1996,KO,SELL,0.0242,26.31,0.33
Top_5_MarketCap,5,1996,MRK,SELL,0.0124,37.99,0.25
Top_5_MarketCap,5,1996,GE,SELL,0.0011,78.98,0.04
Top_5_MarketCap,5,1996,XOM,SELL,0.0028,24.5,0.03
Top_5_MarketCap,5,1996,KO,SELL,0.0028,26.31,0.04
Top_5_MarketCap,5,1996,MRK,SELL,0.0014,37.99,0.03
Top_5_MarketCap,5,1996,GE,SELL,0.0001,78.98,0.0
Top_5_MarketCap,5,1996,XOM,SELL,0.0003,24.5,0.0
Top_5_MarketCap,5,1996,KO,SELL,0.0003,26.31,0.0
Top_5_MarketCap,5,1996,MRK,SELL,0.0002,37.99,0.0
Top_5_MarketCap,5,1996,GE,SELL,0.0,78.98,0.0
Top_5_MarketCap,5,1996,XOM,SELL,0.0,24.5,0.0
Top_5_MarketCap,5,1996,KO,SELL,0.0,26.31,0.0
Top_5_MarketCap,5,1996,MRK,SELL,0.0,37.99,0.0
Top_5_MarketCap,5,1996,GE,SELL,0.0,78.98,0.0
Top_5_MarketCap,5,1996,XOM,SELL,0.0,24.5,0.0
Top_5_MarketCap,5,1996,KO,SELL,0.0,26.31,0.0
Top_5_MarketCap,5,1996,MRK,SELL,0.0,37.99,0.0
Top_5_MarketCap,5,1996,GE,SELL,0.0,78.98,0.0
Top_5_MarketCap,5,1996,XOM,SELL,0.0,24.5,0.0
Top_5_MarketCap,5,1996,KO,SELL,0.0,26.31,0.0
Top_5_MarketCap,5,1996,MRK,SELL,0.0,37.99,0.0
Top_5_MarketCap,5,1996,T,BUY,25.184,43.5,0.0
Top_5_MarketCap,5,1997,GE,SELL,0.8375,117.22,64.05
Top_5_MarketCap,5,1997,T,SELL,71.5977,61.25,902.9
Top_5_MarketCap,5,1997,XOM,SELL,0.7177,30.59,11.05
Top_5_MarketCap,5,1997,KO,SELL,2.3335,33.34,47.74
Top_5_MarketCap,5,1997,MRK,SELL,71.2888,50.57,2308.33
Top_5_MarketCap,5,1997,GE,SELL,2.4938,117.22,190.73
Top_5_MarketCap,5,1997,XOM,SELL,6.5529,30.59,100.91
Top_5_MarketCap,5,1997,KO,SELL,6.5134,33.34,133.26
Top_5_MarketCap,5,1997,GE,SELL,0.284,117.22,21.72
Top_5_MarketCap,5,1997,XOM,SELL,0.7464,30.59,11.49
Top_5_MarketCap,5,1997,KO,SELL,0.7419,33.34,15.18
Top_5_MarketCap,5,1997,GE,SELL,0.0324,117.22,2.47
Top_5_MarketCap,5,1997,XOM,SELL,0.085,30.59,1.31
Top_5_MarketCap,5,1997,KO,SELL,0.0845,33.34,1.73
Top_5_MarketCap,5,1997,GE,SELL,0.0037,117.22,0.28
Top_5_MarketCap,5,1997,XOM,SELL,0.0097,30.59,0.15
Top_5_MarketCap,5,1997,KO,SELL,0.0096,33.34,0.2
Top_5_MarketCap,5,1997,GE,SELL,0.0004,117.22,0.03
Top_5_MarketCap,5,1997,XOM,SELL,0.0011,30.59,0.02
Top_5_MarketCap,5,1997,KO,SELL,0.0011,33.34,0.02
Top_5_MarketCap,5,1997,GE,SELL,0.0,117.22,0.0
Top_5_MarketCap,5,1997,XOM,SELL,0.0001,30.59,0.0
Top_5_MarketCap,5,1997,KO,SELL,0.0001,33.34,0.0
Top_5_MarketCap,5,1997,GE,SELL,0.0,117.22,0.0
Top_5_MarketCap,5,1997,XOM,SELL,0.0,30.59,0.0
Top_5_MarketCap,5,1997,KO,SELL,0.0,33.34,0.0
Top_5_MarketCap,5,1997,GE,SELL,0.0,117.22,0.0
Top_5_MarketCap,5,1997,XOM,SELL,0.0,30.59,0.0
Top_5_MarketCap,5,1997,KO,SELL,0.0,33.34,0.0
Top_5_MarketCap,5,1997,XOM,SELL,0.0,30.59,0.0
Top_5_MarketCap,5,1997,KO,SELL,0.0,33.34,0.0
Top_5_MarketCap,5,1997,MSFT,BUY,287.2373,16.16,0.0
Top_5_MarketCap,5,1997,INTC,BUY,198.2526,17.56,0.0
Top_5_MarketCap,5,1998,XOM,SELL,130.0636,36.56,2743.47
Top_5_MarketCap,5,1998,KO,SELL,129.2801,33.5,2643.89
Top_5_MarketCap,5,1998,MSFT,SELL,18.0248,34.67,333.64
Top_5_MarketCap,5,1998,INTC,SELL,13.9217,29.64,168.17
Top_5_MarketCap,5,1998,MSFT,SELL,14.9197,34.67,276.16
Top_5_MarketCap,5,1998,INTC,SELL,10.2156,29.64,123.4
Top_5_MarketCap,5,1998,MSFT,SELL,0.9709,34.67,17.97
Top_5_MarketCap,5,1998,INTC,SELL,0.6648,29.64,8.03
Top_5_MarketCap,5,1998,MSFT,SELL,0.0632,34.67,1.17
Top_5_MarketCap,5,1998,INTC,SELL,0.0433,29.64,0.52
Top_5_MarketCap,5,1998,MSFT,SELL,0.0041,34.67,0.08
Top_5_MarketCap,5,1998,INTC,SELL,0.0028,29.64,0.03
Top_5_MarketCap,5,1998,MSFT,SELL,0.0003,34.67,0.0
Top_5_MarketCap,5,1998,INTC,SELL,0.0002,29.64,0.0
Top_5_MarketCap,5,1998,MSFT,SELL,0.0,34.67,0.0
Top_5_MarketCap,5,1998,INTC,SELL,0.0,29.64,0.0
Top_5_MarketCap,5,1998,MSFT,SELL,0.0,34.67,0.0
Top_5_MarketCap,5,1998,INTC,SELL,0.0,29.64,0.0
Top_5_MarketCap,5,1998,GE,BUY,0.4456,162.94,0.0
Top_5_MarketCap,5,1998,CSCO,BUY,203.0774,23.2,0.0
Top_5_MarketCap,5,1998,WMT,BUY,331.4105,13.57,0.0
Top_5_MarketCap,5,1999,CSCO,SELL,14.568,53.56,442.28
Top_5_MarketCap,5,1999,CSCO,SELL,0.6317,53.56,19.18
Top_5_MarketCap,5,1999,CSCO,SELL,0.0205,53.56,0.62
Top_5_MarketCap,5,1999,CSCO,SELL,0.0007,53.56,0.02
Top_5_MarketCap,5,1999,CSCO,SELL,0.0,53.56,0.0
Top_5_MarketCap,5,1999,CSCO,SELL,0.0,53.56,0.0
Top_5_MarketCap,5,1999,MSFT,BUY,2.6542,58.38,0.0
Top_5_MarketCap,5,1999,GE,BUY,0.6235,247.21,0.0
Top_5_MarketCap,5,1999,WMT,BUY,12.657,23.04,0.0
Top_5_MarketCap,5,1999,INTC,BUY,4.378,41.16,0.0
Top_5_MarketCap,5,2000,GE,SELL,9.0931,229.74,1718.59
Top_5_MarketCap,5,2000,INTC,SELL,177.7823,30.06,2118.96
Top_5_MarketCap,5,2000,CSCO,SELL,25.9375,38.25,390.36
Top_5_MarketCap,5,2000,WMT,SELL,344.0674,17.71,1304.58
Top_5_MarketCap,5,2000,GE,SELL,1.9754,229.74,373.36
Top_5_MarketCap,5,2000,MSFT,SELL,4.8858,21.69,27.02
Top_5_MarketCap,5,2000,CSCO,SELL,7.7122,38.25,116.07
Top_5_MarketCap,5,2000,GE,SELL,0.1786,229.74,33.76
Top_5_MarketCap,5,2000,MSFT,SELL,1.1353,21.69,6.28
Top_5_MarketCap,5,2000,CSCO,SELL,0.6974,38.25,10.5
Top_5_MarketCap,5,2000,GE,SELL,0.0175,229.74,3.3
Top_5_MarketCap,5,2000,MSFT,SELL,0.1111,21.69,0.61
Top_5_MarketCap,5,2000,CSCO,SELL,0.0683,38.25,1.03
Top_5_MarketCap,5,2000,GE,SELL,0.0017,229.74,0.32
Top_5_MarketCap,5,2000,MSFT,SELL,0.0109,21.69,0.06
Top_5_MarketCap,5,2000,CSCO,SELL,0.0067,38.25,0.1
Top_5_MarketCap,5,2000,GE,SELL,0.0002,229.74,0.03
Top_5_MarketCap,5,2000,MSFT,SELL,0.0011,21.69,0.01
Top_5_MarketCap,5,2000,CSCO,SELL,0.0007,38.25,0.01
Top_5_MarketCap,5,2000,GE,SELL,0.0,229.74,0.0
Top_5_MarketCap,5,2000,MSFT,SELL,0.0001,21.69,0.0
Top_5_MarketCap,5,2000,CSCO,SELL,0.0001,38.25,0.0
Top_5_MarketCap,5,2000,GE,SELL,0.0,229.74,0.0
Top_5_MarketCap,5,2000,MSFT,SELL,0.0,21.69,0.0
Top_5_MarketCap,5,2000,CSCO,SELL,0.0,38.25,0.0
Top_5_MarketCap,5,2000,GE,SELL,0.0,229.74,0.0
Top_5_MarketCap,5,2000,MSFT,SELL,0.0,21.69,0.0
Top_5_MarketCap,5,2000,CSCO,SELL,0.0,38.25,0.0
Top_5_MarketCap,5,2000,XOM,BUY,171.3574,43.47,0.0
Top_5_MarketCap,5,2000,PFE,BUY,144.8278,43.64,0.0
Top_5_MarketCap,5,2001,MSFT,SELL,43.4516,33.12,736.94
Top_5_MarketCap,5,2001,CSCO,SELL,153.4336,18.11,-780.98
Top_5_MarketCap,5,2001,XOM,SELL,17.9431,39.3,-74.82
Top_5_MarketCap,5,2001,PFE,SELL,144.8278,37.81,-844.35
Top_5_MarketCap,5,2001,MSFT,SELL,0.677,33.12,11.48
Top_5_MarketCap,5,2001,XOM,SELL,0.5034,39.3,-2.1
Top_5_MarketCap,5,2001,GE,BUY,1.3708,192.08,0.0
Top_5_MarketCap,5,2001,WMT,BUY,281.9843,19.18,0.0
Top_5_MarketCap,5,2001,C,BUY,9.9204,504.8,0.0
Top_5_MarketCap,5,2002,XOM,SELL,16.8335,34.94,-143.59
Top_5_MarketCap,5,2002,WMT,SELL,9.3836,16.84,-21.96
Top_5_MarketCap,5,2002,C,SELL,9.9204,351.9,-1516.83
Top_5_MarketCap,5,2002,XOM,SELL,1.0434,34.94,-8.9
Top_5_MarketCap,5,2002,WMT,SELL,2.0903,16.84,-4.89
Top_5_MarketCap,5,2002,MSFT,BUY,20.9384,25.85,0.0
Top_5_MarketCap,5,2002,GE,BUY,5.334,116.7,0.0
Top_5_MarketCap,5,2002,PFE,BUY,123.4221,29.0,0.0
Top_5_MarketCap,5,2003,GE,SELL,4.4643,148.47,480.94
Top_5_MarketCap,5,2003,XOM,SELL,3.4075,41.0,-8.42
Top_5_MarketCap,5,2003,GE,SELL,0.2048,148.47,22.06
Top_5_MarketCap,5,2003,XOM,SELL,0.6488,41.0,-1.6
Top_5_MarketCap,5,2003,MSFT,BUY,11.6728,27.37,0.0
Top_5_MarketCap,5,2003,PFE,BUY,25.3401,33.52,0.0
Top_5_MarketCap,5,2003,WMT,BUY,0.684,17.68,0.0
Top_5_MarketCap,5,2004,MSFT,SELL,20.8737,26.72,220.43
Top_5_MarketCap,5,2004,WMT,SELL,271.1944,17.61,-424.75
Top_5_MarketCap,5,2004,GE,SELL,0.3259,174.92,43.74
Top_5_MarketCap,5,2004,MSFT,SELL,2.5954,26.72,27.41
Top_5_MarketCap,5,2004,XOM,BUY,0.9704,51.26,0.0
Top_5_MarketCap,5,2004,C,BUY,11.0605,481.8,0.0
Top_5_MarketCap,5,2004,PFE,BUY,36.0307,25.51,0.0
Top_5_MarketCap,5,2005,MSFT,SELL,3.3632,26.15,33.6
Top_5_MarketCap,5,2005,PFE,SELL,184.7928,22.13,-1258.32
Top_5_MarketCap,5,2005,C,SELL,0.0905,485.3,0.32
Top_5_MarketCap,5,2005,MSFT,SELL,1.5296,26.15,15.28
Top_5_MarketCap,5,2005,C,SELL,0.0794,485.3,0.28
Top_5_MarketCap,5,2005,XOM,BUY,1.9537,56.17,0.0
Top_5_MarketCap,5,2005,GE,BUY,0.1362,167.97,0.0
Top_5_MarketCap,5,2005,PG,BUY,80.7771,57.88,0.0
Top_5_MarketCap,5,2006,XOM,SELL,14.4665,76.63,479.71
Top_5_MarketCap,5,2006,XOM,SELL,0.7622,76.63,25.27
Top_5_MarketCap,5,2006,GE,BUY,3.1382,178.33,0.0
Top_5_MarketCap,5,2006,MSFT,BUY,14.5218,29.86,0.0
Top_5_MarketCap,5,2006,C,BUY,0.7099,557.0,0.0
Top_5_MarketCap,5,2006,PG,BUY,4.8649,64.27,0.0
Top_5_MarketCap,5,2007,MSFT,SELL,19.1489,35.6,372.26
Top_5_MarketCap,5,2007,XOM,SELL,3.0281,93.69,152.07
Top_5_MarketCap,5,2007,C,SELL,11.6005,294.4,-2227.31
Top_5_MarketCap,5,2007,PG,SELL,10.1398,73.42,157.57
Top_5_MarketCap,5,2007,MSFT,SELL,1.4199,35.6,27.6
Top_5_MarketCap,5,2007,XOM,SELL,0.8,93.69,40.17
Top_5_MarketCap,5,2007,PG,SELL,0.5223,73.42,8.12
Top_5_MarketCap,5,2007,GE,BUY,0.786,177.66,0.0
Top_5_MarketCap,5,2007,T,BUY,183.3468,31.39,0.0
Top_5_MarketCap,5,2008,MSFT,SELL,203.8378,19.44,23.83
Top_5_MarketCap,5,2008,XOM,SELL,0.9564,79.83,34.78
Top_5_MarketCap,5,2008,PG,SELL,5.9482,61.82,23.44
Top_5_MarketCap,5,2008,T,SELL,183.3468,21.53,-1807.8
Top_5_MarketCap,5,2008,XOM,SELL,1.2396,79.83,45.07
Top_5_MarketCap,5,2008,PG,SELL,0.7514,61.82,2.96
Top_5_MarketCap,5,2008,WMT,BUY,255.3061,18.69,0.0
Top_5_MarketCap,5,2008,JNJ,BUY,67.484,59.83,0.0
Top_5_MarketCap,5,2008,GE,BUY,4.5689,77.64,0.0
Top_5_MarketCap,5,2009,GE,SELL,49.6399,72.51,31.7
Top_5_MarketCap,5,2009,XOM,SELL,6.1741,68.19,152.62
Top_5_MarketCap,5,2009,PG,SELL,1.4425,60.63,3.97
Top_5_MarketCap,5,2009,WMT,SELL,255.3061,17.82,-222.12
Top_5_MarketCap,5,2009,JNJ,SELL,7.1901,64.41,32.93
Top_5_MarketCap,5,2009,XOM,SELL,0.8599,68.19,21.26
Top_5_MarketCap,5,2009,PG,SELL,0.5398,60.63,1.48
Top_5_MarketCap,5,2009,JNJ,SELL,0.4869,64.41,2.23
Top_5_MarketCap,5,2009,MSFT,BUY,175.8379,30.48,0.0
Top_5_MarketCap,5,2009,AAPL,BUY,578.3036,7.53,0.0
Top_5_MarketCap,5,2010,XOM,SELL,5.4513,73.12,161.63
Top_5_MarketCap,5,2010,PG,SELL,66.2981,64.33,396.54
Top_5_MarketCap,5,2010,JNJ,SELL,59.807,61.85,120.81
Top_5_MarketCap,5,2010,AAPL,SELL,17.338,11.52,69.18
Top_5_MarketCap,5,2010,XOM,SELL,0.575,73.12,17.05
Top_5_MarketCap,5,2010,AAPL,SELL,3.2202,11.52,12.85
Top_5_MarketCap,5,2010,MSFT,BUY,8.332,27.91,0.0
Top_5_MarketCap,5,2010,GE,BUY,51.3138,87.65,0.0
Top_5_MarketCap,5,2010,CVX,BUY,46.9423,91.25,0.0
Top_5_MarketCap,5,2011,XOM,SELL,2.0229,84.76,83.53
Top_5_MarketCap,5,2011,AAPL,SELL,32.2158,14.46,223.26
Top_5_MarketCap,5,2011,GE,SELL,51.3138,85.83,-93.39
Top_5_MarketCap,5,2011,CVX,SELL,0.7289,106.4,11.04
Top_5_MarketCap,5,2011,XOM,SELL,0.5655,84.76,23.35
Top_5_MarketCap,5,2011,AAPL,SELL,3.046,14.46,21.11
Top_5_MarketCap,5,2011,CVX,SELL,0.2679,106.4,4.06
Top_5_MarketCap,5,2011,MSFT,BUY,21.2624,25.96,0.0
Top_5_MarketCap,5,2011,IBM,BUY,29.0734,175.79,0.0
Top_5_MarketCap,5,2012,XOM,SELL,10.3382,86.55,445.37
Top_5_MarketCap,5,2012,AAPL,SELL,0.6451,19.01,7.41
Top_5_MarketCap,5,2012,CVX,SELL,45.9455,108.14,776.02
Top_5_MarketCap,5,2012,IBM,SELL,29.0734,183.13,213.4
Top_5_MarketCap,5,2012,XOM,SELL,0.5476,86.55,23.59
Top_5_MarketCap,5,2012,AAPL,SELL,3.2975,19.01,37.85
Top_5_MarketCap,5,2012,GOOGL,BUY,353.1681,17.7,0.0
Top_5_MarketCap,5,2012,MSFT,BUY,10.6001,26.71,0.0
Top_5_MarketCap,5,2012,BRK.B,BUY,58.9674,89.7,0.0
Top_5_MarketCap,5,2013,GOOGL,SELL,51.1806,28.05,529.72
Top_5_MarketCap,5,2013,GOOGL,SELL,1.2962,28.05,13.42
Top_5_MarketCap,5,2013,AAPL,BUY,53.8527,20.04,0.0
Top_5_MarketCap,5,2013,XOM,BUY,3.8968,101.2,0.0
Top_5_MarketCap,5,2013,MSFT,BUY,0.4075,37.41,0.0
Top_5_MarketCap,5,2013,BRK.B,BUY,3.6361,118.56,0.0
Top_5_MarketCap,5,2014,MSFT,SELL,1.5622,46.45,24.95
Top_5_MarketCap,5,2014,AAPL,SELL,51.4536,27.59,1032.16
Top_5_MarketCap,5,2014,GOOGL,SELL,300.6913,26.53,2655.1
Top_5_MarketCap,5,2014,BRK.B,SELL,1.4474,150.15,87.49
Top_5_MarketCap,5,2014,MSFT,SELL,1.8936,46.45,30.24
Top_5_MarketCap,5,2014,AAPL,SELL,4.5907,27.59,92.09
Top_5_MarketCap,5,2014,BRK.B,SELL,0.5389,150.15,32.58
Top_5_MarketCap,5,2014,MSFT,SELL,0.1909,46.45,3.05
Top_5_MarketCap,5,2014,AAPL,SELL,0.4629,27.59,9.29
Top_5_MarketCap,5,2014,BRK.B,SELL,0.0543,150.15,3.28
Top_5_MarketCap,5,2014,MSFT,SELL,0.0193,46.45,0.31
Top_5_MarketCap,5,2014,AAPL,SELL,0.0467,27.59,0.94
Top_5_MarketCap,5,2014,BRK.B,SELL,0.0055,150.15,0.33
Top_5_MarketCap,5,2014,MSFT,SELL,0.0019,46.45,0.03
Top_5_MarketCap,5,2014,AAPL,SELL,0.0047,27.59,0.09
Top_5_MarketCap,5,2014,BRK.B,SELL,0.0006,150.15,0.03
Top_5_MarketCap,5,2014,MSFT,SELL,0.0002,46.45,0.0
Top_5_MarketCap,5,2014,AAPL,SELL,0.0005,27.59,0.01
Top_5_MarketCap,5,2014,BRK.B,SELL,0.0001,150.15,0.0
Top_5_MarketCap,5,2014,MSFT,SELL,0.0,46.45,0.0
Top_5_MarketCap,5,2014,AAPL,SELL,0.0,27.59,0.0
Top_5_MarketCap,5,2014,BRK.B,SELL,0.0,150.15,0.0
Top_5_MarketCap,5,2014,MSFT,SELL,0.0,46.45,0.0
Top_5_MarketCap,5,2014,AAPL,SELL,0.0,27.59,0.0
Top_5_MarketCap,5,2014,BRK.B,SELL,0.0,150.15,0.0
Top_5_MarketCap,5,2014,MSFT,SELL,0.0,46.45,0.0
Top_5_MarketCap,5,2014,AAPL,SELL,0.0,27.59,0.0
Top_5_MarketCap,5,2014,XOM,BUY,21.1686,92.45,0.0
Top_5_MarketCap,5,2014,JNJ,BUY,79.3911,104.57,0.0
Top_5_MarketCap,5,2015,MSFT,SELL,4.0211,55.48,100.53
Top_5_MarketCap,5,2015,BRK.B,SELL,60.5567,132.04,2459.03
Top_5_MarketCap,5,2015,JNJ,SELL,79.3911,102.72,-146.87
Top_5_MarketCap,5,2015,MSFT,SELL,4.2776,55.48,106.94
Top_5_MarketCap,5,2015,MSFT,SELL,0.1306,55.48,3.26
Top_5_MarketCap,5,2015,MSFT,SELL,0.004,55.48,0.1
Top_5_MarketCap,5,2015,MSFT,SELL,0.0001,55.48,0.0
Top_5_MarketCap,5,2015,MSFT,SELL,0.0,55.48,0.0
Top_5_MarketCap,5,2015,MSFT,SELL,0.0,55.48,0.0
Top_5_MarketCap,5,2015,AAPL,BUY,22.572,26.32,0.0
Top_5_MarketCap,5,2015,XOM,BUY,3.0908,77.95,0.0
Top_5_MarketCap,5,2015,AMZN,BUY,251.6283,33.79,0.0
Top_5_MarketCap,5,2015,META,BUY,69.6338,104.66,0.0
Top_5_MarketCap,5,2016,XOM,SELL,12.6147,90.26,590.24
Top_5_MarketCap,5,2016,XOM,SELL,0.8195,90.26,38.35
Top_5_MarketCap,5,2016,XOM,SELL,0.0205,90.26,0.96
Top_5_MarketCap,5,2016,XOM,SELL,0.0005,90.26,0.02
Top_5_MarketCap,5,2016,XOM,SELL,0.0,90.26,0.0
Top_5_MarketCap,5,2016,XOM,SELL,0.0,90.26,0.0
Top_5_MarketCap,5,2016,AAPL,BUY,24.063,28.95,0.0
Top_5_MarketCap,5,2016,MSFT,BUY,3.7565,62.14,0.0
Top_5_MarketCap,5,2016,AMZN,BUY,3.8673,37.49,0.0
Top_5_MarketCap,5,2016,META,BUY,5.296,115.05,0.0
Top_5_MarketCap,5,2017,XOM,SELL,100.8155,83.64,2649.01
Top_5_MarketCap,5,2017,AAPL,SELL,57.0678,42.31,1984.82
Top_5_MarketCap,5,2017,META,SELL,2.8764,176.46,206.52
Top_5_MarketCap,5,2017,MSFT,SELL,3.2726,85.54,180.19
Top_5_MarketCap,5,2017,AAPL,SELL,11.1559,42.31,388.0
Top_5_MarketCap,5,2017,AMZN,SELL,4.1768,58.47,103.08
Top_5_MarketCap,5,2017,META,SELL,1.5905,176.46,114.19
Top_5_MarketCap,5,2017,MSFT,SELL,0.6233,85.54,34.32
Top_5_MarketCap,5,2017,AAPL,SELL,1.5041,42.31,52.31
Top_5_MarketCap,5,2017,AMZN,SELL,0.7648,58.47,18.88
Top_5_MarketCap,5,2017,META,SELL,0.2144,176.46,15.4
Top_5_MarketCap,5,2017,MSFT,SELL,0.096,85.54,5.28
Top_5_MarketCap,5,2017,AAPL,SELL,0.2315,42.31,8.05
Top_5_MarketCap,5,2017,AMZN,SELL,0.1177,58.47,2.91
Top_5_MarketCap,5,2017,META,SELL,0.033,176.46,2.37
Top_5_MarketCap,5,2017,MSFT,SELL,0.0148,85.54,0.81
Top_5_MarketCap,5,2017,AAPL,SELL,0.0356,42.31,1.24
Top_5_MarketCap,5,2017,AMZN,SELL,0.0181,58.47,0.45
Top_5_MarketCap,5,2017,META,SELL,0.0051,176.46,0.36
Top_5_MarketCap,5,2017,MSFT,SELL,0.0023,85.54,0.13
Top_5_MarketCap,5,2017,AAPL,SELL,0.0055,42.31,0.19
Top_5_MarketCap,5,2017,AMZN,SELL,0.0028,58.47,0.07
Top_5_MarketCap,5,2017,META,SELL,0.0008,176.46,0.06
Top_5_MarketCap,5,2017,MSFT,SELL,0.0003,85.54,0.02
Top_5_MarketCap,5,2017,AAPL,SELL,0.0008,42.31,0.03
Top_5_MarketCap,5,2017,AMZN,SELL,0.0004,58.47,0.01
Top_5_MarketCap,5,2017,META,SELL,0.0001,176.46,0.01
Top_5_MarketCap,5,2017,MSFT,SELL,0.0001,85.54,0.0
Top_5_MarketCap,5,2017,AAPL,SELL,0.0001,42.31,0.0
Top_5_MarketCap,5,2017,AMZN,SELL,0.0001,58.47,0.0
Top_5_MarketCap,5,2017,META,SELL,0.0,176.46,0.0
Top_5_MarketCap,5,2017,MSFT,SELL,0.0,85.54,0.0
Top_5_MarketCap,5,2017,AAPL,SELL,0.0,42.31,0.0
Top_5_MarketCap,5,2017,AMZN,SELL,0.0,58.47,0.0
Top_5_MarketCap,5,2017,META,SELL,0.0,176.46,0.0
Top_5_MarketCap,5,2017,MSFT,SELL,0.0,85.54,0.0
Top_5_MarketCap,5,2017,AAPL,SELL,0.0,42.31,0.0
Top_5_MarketCap,5,2017,AMZN,SELL,0.0,58.47,0.0
Top_5_MarketCap,5,2017,META,SELL,0.0,176.46,0.0
Top_5_MarketCap,5,2017,MSFT,SELL,0.0,85.54,0.0
Top_5_MarketCap,5,2017,AAPL,SELL,0.0,42.31,0.0
Top_5_MarketCap,5,2017,AMZN,SELL,0.0,58.47,0.0
Top_5_MarketCap,5,2017,BRK.B,BUY,59.6611,198.22,0.0
Top_5_MarketCap,5,2018,MSFT,SELL,9.3624,101.57,665.57
Top_5_MarketCap,5,2018,AAPL,SELL,27.6902,39.44,883.59
Top_5_MarketCap,5,2018,AMZN,SELL,19.1755,75.1,792.14
Top_5_MarketCap,5,2018,META,SELL,70.2095,131.09,1800.61
Top_5_MarketCap,5,2018,BRK.B,SELL,10.047,204.18,59.88
Top_5_MarketCap,5,2018,MSFT,SELL,3.5321,101.57,251.09
Top_5_MarketCap,5,2018,AAPL,SELL,8.4306,39.44,269.02
Top_5_MarketCap,5,2018,AMZN,SELL,4.1944,75.1,173.27
Top_5_MarketCap,5,2018,BRK.B,SELL,0.8999,204.18,5.36
Top_5_MarketCap,5,2018,MSFT,SELL,0.5037,101.57,35.81
Top_5_MarketCap,5,2018,AAPL,SELL,1.2022,39.44,38.36
Top_5_MarketCap,5,2018,AMZN,SELL,0.5981,75.1,24.71
Top_5_MarketCap,5,2018,BRK.B,SELL,0.1283,204.18,0.76
Top_5_MarketCap,5,2018,MSFT,SELL,0.0718,101.57,5.11
Top_5_MarketCap,5,2018,AAPL,SELL,0.1714,39.44,5.47
Top_5_MarketCap,5,2018,AMZN,SELL,0.0853,75.1,3.52
Top_5_MarketCap,5,2018,BRK.B,SELL,0.0183,204.18,0.11
Top_5_MarketCap,5,2018,MSFT,SELL,0.0102,101.57,0.73
Top_5_MarketCap,5,2018,AAPL,SELL,0.0244,39.44,0.78
Top_5_MarketCap,5,2018,AMZN,SELL,0.0122,75.1,0.5
Top_5_MarketCap,5,2018,BRK.B,SELL,0.0026,204.18,0.02
Top_5_MarketCap,5,2018,MSFT,SELL,0.0015,101.57,0.1
Top_5_MarketCap,5,2018,AAPL,SELL,0.0035,39.44,0.11
Top_5_MarketCap,5,2018,AMZN,SELL,0.0017,75.1,0.07
Top_5_MarketCap,5,2018,BRK.B,SELL,0.0004,204.18,0.0
Top_5_MarketCap,5,2018,MSFT,SELL,0.0002,101.57,0.01
Top_5_MarketCap,5,2018,AAPL,SELL,0.0005,39.44,0.02
Top_5_MarketCap,5,2018,AMZN,SELL,0.0002,75.1,0.01
Top_5_MarketCap,5,2018,BRK.B,SELL,0.0001,204.18,0.0
Top_5_MarketCap,5,2018,MSFT,SELL,0.0,101.57,0.0
Top_5_MarketCap,5,2018,AAPL,SELL,0.0001,39.44,0.0
Top_5_MarketCap,5,2018,AMZN,SELL,0.0,75.1,0.0
Top_5_MarketCap,5,2018,BRK.B,SELL,0.0,204.18,0.0
Top_5_MarketCap,5,2018,MSFT,SELL,0.0,101.57,0.0
Top_5_MarketCap,5,2018,AAPL,SELL,0.0,39.44,0.0
Top_5_MarketCap,5,2018,AMZN,SELL,0.0,75.1,0.0
Top_5_MarketCap,5,2018,BRK.B,SELL,0.0,204.18,0.0
Top_5_MarketCap,5,2018,MSFT,SELL,0.0,101.57,0.0
Top_5_MarketCap,5,2018,AAPL,SELL,0.0,39.44,0.0
Top_5_MarketCap,5,2018,AMZN,SELL,0.0,75.1,0.0
Top_5_MarketCap,5,2018,BRK.B,SELL,0.0,204.18,0.0
Top_5_MarketCap,5,2018,AAPL,SELL,0.0,39.44,0.0
Top_5_MarketCap,5,2018,AMZN,SELL,0.0,75.1,0.0
Top_5_MarketCap,5,2018,GOOGL,BUY,289.1854,52.25,0.0
Top_5_MarketCap,5,2019,MSFT,SELL,3.5302,157.7,449.11
Top_5_MarketCap,5,2019,AAPL,SELL,44.3364,73.41,2920.88
Top_5_MarketCap,5,2019,AMZN,SELL,4.2154,92.39,247.02
Top_5_MarketCap,5,2019,BRK.B,SELL,48.5645,226.5,1373.4
Top_5_MarketCap,5,2019,GOOGL,SELL,30.6206,66.97,450.74
Top_5_MarketCap,5,2019,MSFT,SELL,2.9885,157.7,380.19
Top_5_MarketCap,5,2019,AAPL,SELL,6.5594,73.41,432.13
Top_5_MarketCap,5,2019,AMZN,SELL,3.5485,92.39,207.94
Top_5_MarketCap,5,2019,GOOGL,SELL,4.1305,66.97,60.8
Top_5_MarketCap,5,2019,MSFT,SELL,0.5256,157.7,66.86
Top_5_MarketCap,5,2019,AAPL,SELL,1.1536,73.41,76.0
Top_5_MarketCap,5,2019,AMZN,SELL,0.6241,92.39,36.57
Top_5_MarketCap,5,2019,GOOGL,SELL,0.7264,66.97,10.69
Top_5_MarketCap,5,2019,MSFT,SELL,0.0924,157.7,11.76
Top_5_MarketCap,5,2019,AAPL,SELL,0.2029,73.41,13.37
Top_5_MarketCap,5,2019,AMZN,SELL,0.1098,92.39,6.43
Top_5_MarketCap,5,2019,GOOGL,SELL,0.1278,66.97,1.88
Top_5_MarketCap,5,2019,MSFT,SELL,0.0163,157.7,2.07
Top_5_MarketCap,5,2019,AAPL,SELL,0.0357,73.41,2.35
Top_5_MarketCap,5,2019,AMZN,SELL,0.0193,92.39,1.13
Top_5_MarketCap,5,2019,GOOGL,SELL,0.0225,66.97,0.33
Top_5_MarketCap,5,2019,MSFT,SELL,0.0029,157.7,0.36
Top_5_MarketCap,5,2019,AAPL,SELL,0.0063,73.41,0.41
Top_5_MarketCap,5,2019,AMZN,SELL,0.0034,92.39,0.2
Top_5_MarketCap,5,2019,GOOGL,SELL,0.004,66.97,0.06
Top_5_MarketCap,5,2019,MSFT,SELL,0.0005,157.7,0.06
Top_5_MarketCap,5,2019,AAPL,SELL,0.0011,73.41,0.07
Top_5_MarketCap,5,2019,AMZN,SELL,0.0006,92.39,0.03
Top_5_MarketCap,5,2019,GOOGL,SELL,0.0007,66.97,0.01
Top_5_MarketCap,5,2019,MSFT,SELL,0.0001,157.7,0.01
Top_5_MarketCap,5,2019,AAPL,SELL,0.0002,73.41,0.01
Top_5_MarketCap,5,2019,AMZN,SELL,0.0001,92.39,0.01
Top_5_MarketCap,5,2019,GOOGL,SELL,0.0001,66.97,0.0
Top_5_MarketCap,5,2019,MSFT,SELL,0.0,157.7,0.0
Top_5_MarketCap,5,2019,AAPL,SELL,0.0,73.41,0.0
Top_5_MarketCap,5,2019,AMZN,SELL,0.0,92.39,0.0
Top_5_MarketCap,5,2019,GOOGL,SELL,0.0,66.97,0.0
Top_5_MarketCap,5,2019,MSFT,SELL,0.0,157.7,0.0
Top_5_MarketCap,5,2019,AAPL,SELL,0.0,73.41,0.0
Top_5_MarketCap,5,2019,AMZN,SELL,0.0,92.39,0.0
Top_5_MarketCap,5,2019,GOOGL,SELL,0.0,66.97,0.0
Top_5_MarketCap,5,2019,MSFT,SELL,0.0,157.7,0.0
Top_5_MarketCap,5,2019,AAPL,SELL,0.0,73.41,0.0
Top_5_MarketCap,5,2019,AMZN,SELL,0.0,92.39,0.0
Top_5_MarketCap,5,2019,GOOGL,SELL,0.0,66.97,0.0
Top_5_MarketCap,5,2019,AAPL,SELL,0.0,73.41,0.0
Top_5_MarketCap,5,2019,AMZN,SELL,0.0,92.39,0.0
Top_5_MarketCap,5,2019,GOOGL,SELL,0.0,66.97,0.0
Top_5_MarketCap,5,2019,META,BUY,85.7946,205.25,0.0
Top_5_MarketCap,5,2020,META,SELL,23.4185,273.16,1590.35
Top_5_MarketCap,5,2020,META,SELL,0.2443,273.16,16.59
Top_5_MarketCap,5,2020,META,SELL,0.0018,273.16,0.12
Top_5_MarketCap,5,2020,META,SELL,0.0,273.16,0.0
Top_5_MarketCap,5,2020,AAPL,BUY,5.4207,132.69,0.0
Top_5_MarketCap,5,2020,MSFT,BUY,9.1282,222.42,0.0
Top_5_MarketCap,5,2020,AMZN,BUY,0.5291,162.85,0.0
Top_5_MarketCap,5,2020,GOOGL,BUY,41.5653,87.63,0.0
Top_5_MarketCap,5,2021,MSFT,SELL,5.0181,336.32,1534.72
Top_5_MarketCap,5,2021,AAPL,SELL,12.7272,177.57,2164.13
Top_5_MarketCap,5,2021,GOOGL,SELL,0.1155,144.85,10.7
Top_5_MarketCap,5,2021,META,SELL,62.1299,336.35,8145.23
Top_5_MarketCap,5,2021,MSFT,SELL,2.9899,336.32,914.44
Top_5_MarketCap,5,2021,AAPL,SELL,6.3023,177.57,1071.64
Top_5_MarketCap,5,2021,GOOGL,SELL,4.7027,144.85,435.47
Top_5_MarketCap,5,2021,MSFT,SELL,0.5723,336.32,175.04
Top_5_MarketCap,5,2021,AAPL,SELL,1.2064,177.57,205.13
Top_5_MarketCap,5,2021,GOOGL,SELL,0.9002,144.85,83.36
Top_5_MarketCap,5,2021,MSFT,SELL,0.1096,336.32,33.51
Top_5_MarketCap,5,2021,AAPL,SELL,0.2309,177.57,39.27
Top_5_MarketCap,5,2021,GOOGL,SELL,0.1723,144.85,15.96
Top_5_MarketCap,5,2021,MSFT,SELL,0.021,336.32,6.41
Top_5_MarketCap,5,2021,AAPL,SELL,0.0442,177.57,7.52
Top_5_MarketCap,5,2021,GOOGL,SELL,0.033,144.85,3.05
Top_5_MarketCap,5,2021,MSFT,SELL,0.004,336.32,1.23
Top_5_MarketCap,5,2021,AAPL,SELL,0.0085,177.57,1.44
Top_5_MarketCap,5,2021,GOOGL,SELL,0.0063,144.85,0.58
Top_5_MarketCap,5,2021,MSFT,SELL,0.0008,336.32,0.23
Top_5_MarketCap,5,2021,AAPL,SELL,0.0016,177.57,0.28
Top_5_MarketCap,5,2021,GOOGL,SELL,0.0012,144.85,0.11
Top_5_MarketCap,5,2021,MSFT,SELL,0.0001,336.32,0.04
Top_5_MarketCap,5,2021,AAPL,SELL,0.0003,177.57,0.05
Top_5_MarketCap,5,2021,GOOGL,SELL,0.0002,144.85,0.02
Top_5_MarketCap,5,2021,MSFT,SELL,0.0,336.32,0.01
Top_5_MarketCap,5,2021,AAPL,SELL,0.0001,177.57,0.01
Top_5_MarketCap,5,2021,GOOGL,SELL,0.0,144.85,0.0
Top_5_MarketCap,5,2021,MSFT,SELL,0.0,336.32,0.0
Top_5_MarketCap,5,2021,AAPL,SELL,0.0,177.57,0.0
Top_5_MarketCap,5,2021,GOOGL,SELL,0.0,144.85,0.0
Top_5_MarketCap,5,2021,MSFT,SELL,0.0,336.32,0.0
Top_5_MarketCap,5,2021,AAPL,SELL,0.0,177.57,0.0
Top_5_MarketCap,5,2021,GOOGL,SELL,0.0,144.85,0.0
Top_5_MarketCap,5,2021,MSFT,SELL,0.0,336.32,0.0
Top_5_MarketCap,5,2021,AAPL,SELL,0.0,177.57,0.0
Top_5_MarketCap,5,2021,GOOGL,SELL,0.0,144.85,0.0
Top_5_MarketCap,5,2021,AMZN,BUY,8.9677,166.72,0.0
Top_5_MarketCap,5,2021,TSLA,BUY,65.1196,352.26,0.0
Top_5_MarketCap,5,2022,MSFT,SELL,8.0981,239.82,1695.27
Top_5_MarketCap,5,2022,AAPL,SELL,28.9863,129.93,3547.93
Top_5_MarketCap,5,2022,GOOGL,SELL,4.2181,88.23,151.77
Top_5_MarketCap,5,2022,TSLA,SELL,65.1196,123.18,-14917.6
Top_5_MarketCap,5,2022,MSFT,SELL,0.2922,239.82,61.17
Top_5_MarketCap,5,2022,AAPL,SELL,0.5962,129.93,72.97
Top_5_MarketCap,5,2022,GOOGL,SELL,0.4738,88.23,17.05
Top_5_MarketCap,5,2022,AMZN,BUY,9.9761,84.0,0.0
Top_5_MarketCap,5,2022,BRK.B,BUY,45.4095,308.9,0.0
Top_5_MarketCap,5,2023,AAPL,SELL,3.6478,192.53,674.84
Top_5_MarketCap,5,2023,AMZN,SELL,19.4149,151.94,2293.87
Top_5_MarketCap,5,2023,GOOGL,SELL,284.4947,139.69,23405.63
Top_5_MarketCap,5,2023,BRK.B,SELL,45.4095,356.66,2168.76
Top_5_MarketCap,5,2023,AAPL,SELL,9.3361,192.53,1727.17
Top_5_MarketCap,5,2023,AMZN,SELL,5.7411,151.94,678.31
Top_5_MarketCap,5,2023,AAPL,SELL,1.1228,192.53,207.72
Top_5_MarketCap,5,2023,AMZN,SELL,0.6905,151.94,81.58
Top_5_MarketCap,5,2023,AAPL,SELL,0.135,192.53,24.98
Top_5_MarketCap,5,2023,AMZN,SELL,0.083,151.94,9.81
Top_5_MarketCap,5,2023,AAPL,SELL,0.0162,192.53,3.0
Top_5_MarketCap,5,2023,AMZN,SELL,0.01,151.94,1.18
Top_5_MarketCap,5,2023,AAPL,SELL,0.002,192.53,0.36
Top_5_MarketCap,5,2023,AMZN,SELL,0.0012,151.94,0.14
Top_5_MarketCap,5,2023,AAPL,SELL,0.0002,192.53,0.04
Top_5_MarketCap,5,2023,AMZN,SELL,0.0001,151.94,0.02
Top_5_MarketCap,5,2023,AAPL,SELL,0.0,192.53,0.01
Top_5_MarketCap,5,2023,AMZN,SELL,0.0,151.94,0.0
Top_5_MarketCap,5,2023,AAPL,SELL,0.0,192.53,0.0
Top_5_MarketCap,5,2023,AMZN,SELL,0.0,151.94,0.0
Top_5_MarketCap,5,2023,AAPL,SELL,0.0,192.53,0.0
Top_5_MarketCap,5,2023,AMZN,SELL,0.0,151.94,0.0
Top_5_MarketCap,5,2023,MSFT,BUY,8.2699,376.04,0.0
Top_5_MarketCap,5,2023,NVDA,BUY,668.1524,49.52,0.0
Top_5_MarketCap,5,2023,META,BUY,57.7354,353.96,0.0
Top_5_MarketCap,5,2024,NVDA,SELL,38.5594,134.29,3268.68
Top_5_MarketCap,5,2024,META,SELL,0.3999,585.51,92.59
Top_5_MarketCap,5,2024,NVDA,SELL,2.488,134.29,210.9
Top_5_MarketCap,5,2024,META,SELL,0.2266,585.51,52.46
Top_5_MarketCap,5,2024,NVDA,SELL,0.1487,134.29,12.61
Top_5_MarketCap,5,2024,META,SELL,0.0135,585.51,3.14
Top_5_MarketCap,5,2024,NVDA,SELL,0.0089,134.29,0.75
Top_5_MarketCap,5,2024,META,SELL,0.0008,585.51,0.19
Top_5_MarketCap,5,2024,NVDA,SELL,0.0005,134.29,0.05
Top_5_MarketCap,5,2024,META,SELL,0.0,585.51,0.01
Top_5_MarketCap,5,2024,NVDA,SELL,0.0,134.29,0.0
Top_5_MarketCap,5,2024,META,SELL,0.0,585.51,0.0
Top_5_MarketCap,5,2024,NVDA,SELL,0.0,134.29,0.0
Top_5_MarketCap,5,2024,META,SELL,0.0,585.51,0.0
Top_5_MarketCap,5,2024,NVDA,SELL,0.0,134.29,0.0
Top_5_MarketCap,5,2024,AAPL,BUY,7.332,250.42,0.0
Top_5_MarketCap,5,2024,MSFT,BUY,7.194,421.5,0.0
Top_5_MarketCap,5,2024,AMZN,BUY,3.0949,219.39,0.0
Top_10_MarketCap,10,1994,GE,BUY,35.4406,40.74,0.0
Top_10_MarketCap,10,1994,T,BUY,25.5407,50.25,0.0
Top_10_MarketCap,10,1994,XOM,BUY,80.9708,15.19,0.0
Top_10_MarketCap,10,1994,KO,BUY,83.0372,12.88,0.0
Top_10_MarketCap,10,1994,MRK,BUY,52.9174,18.19,0.0
Top_10_MarketCap,10,1994,PG,BUY,58.651,15.5,0.0
Top_10_MarketCap,10,1994,MO,BUY,44.633,19.17,0.0
Top_10_MarketCap,10,1994,WMT,BUY,226.5929,3.54,0.0
Top_10_MarketCap,10,1994,IBM,BUY,42.6103,17.57,0.0
Top_10_MarketCap,10,1994,MSFT,BUY,181.9862,3.82,0.0
Top_10_MarketCap,10,1995,MRK,SELL,7.0719,31.31,92.78
Top_10_MarketCap,10,1995,MO,SELL,1.6849,30.08,18.38
Top_10_MarketCap,10,1995,IBM,SELL,42.6103,21.84,181.95
Top_10_MarketCap,10,1995,MRK,SELL,0.5562,31.31,7.3
Top_10_MarketCap,10,1995,PG,SELL,0.5641,20.75,2.96
Top_10_MarketCap,10,1995,MO,SELL,0.5211,30.08,5.69
Top_10_MarketCap,10,1995,MRK,SELL,0.0155,31.31,0.2
Top_10_MarketCap,10,1995,PG,SELL,0.0199,20.75,0.1
Top_10_MarketCap,10,1995,MO,SELL,0.0145,30.08,0.16
Top_10_MarketCap,10,1995,MRK,SELL,0.0005,31.31,0.01
Top_10_MarketCap,10,1995,PG,SELL,0.0006,20.75,0.0
Top_10_MarketCap,10,1995,MO,SELL,0.0004,30.08,0.0
Top_10_MarketCap,10,1995,MRK,SELL,0.0,31.31,0.0
Top_10_MarketCap,10,1995,PG,SELL,0.0,20.75,0.0
Top_10_MarketCap,10,1995,MO,SELL,0.0,30.08,0.0
Top_10_MarketCap,10,1995,MRK,SELL,0.0,31.31,0.0
Top_10_MarketCap,10,1995,PG,SELL,0.0,20.75,0.0
Top_10_MarketCap,10,1995,MO,SELL,0.0,30.08,0.0
Top_10_MarketCap,10,1995,GE,BUY,0.2989,57.51,0.0
Top_10_MarketCap,10,1995,T,BUY,1.8242,64.75,0.0
Top_10_MarketCap,10,1995,XOM,BUY,2.9052,20.28,0.0
Top_10_MarketCap,10,1995,KO,BUY,0.9744,18.56,0.0
Top_10_MarketCap,10,1995,MSFT,BUY,12.0153,5.48,0.0
Top_10_MarketCap,10,1995,WMT,BUY,40.8606,3.71,0.0
Top_10_MarketCap,10,1995,INTC,BUY,129.9545,7.09,0.0
Top_10_MarketCap,10,1996,PG,SELL,10.6025,26.91,120.97
Top_10_MarketCap,10,1996,WMT,SELL,267.4535,3.79,59.92
Top_10_MarketCap,10,1996,MSFT,SELL,43.8609,10.33,285.53
Top_10_MarketCap,10,1996,INTC,SELL,40.7841,16.37,378.48
Top_10_MarketCap,10,1996,GE,SELL,0.5958,78.98,22.78
Top_10_MarketCap,10,1996,PG,SELL,0.8819,26.91,10.06
Top_10_MarketCap,10,1996,MSFT,SELL,2.7898,10.33,18.16
Top_10_MarketCap,10,1996,INTC,SELL,1.6569,16.37,15.38
Top_10_MarketCap,10,1996,GE,SELL,0.0383,78.98,1.47
Top_10_MarketCap,10,1996,PG,SELL,0.0508,26.91,0.58
Top_10_MarketCap,10,1996,MSFT,SELL,0.1607,10.33,1.05
Top_10_MarketCap,10,1996,INTC,SELL,0.0954,16.37,0.89
Top_10_MarketCap,10,1996,GE,SELL,0.0023,78.98,0.09
Top_10_MarketCap,10,1996,PG,SELL,0.003,26.91,0.03
Top_10_MarketCap,10,1996,MSFT,SELL,0.0096,10.33,0.06
Top_10_MarketCap,10,1996,INTC,SELL,0.0057,16.37,0.05
Top_10_MarketCap,10,1996,GE,SELL,0.0001,78.98,0.01
Top_10_MarketCap,10,1996,PG,SELL,0.0002,26.91,0.0
Top_10_MarketCap,10,1996,MSFT,SELL,0.0006,10.33,0.0
Top_10_MarketCap,10,1996,INTC,SELL,0.0003,16.37,0.0
Top_10_MarketCap,10,1996,GE,SELL,0.0,78.98,0.0
Top_10_MarketCap,10,1996,PG,SELL,0.0,26.91,0.0
Top_10_MarketCap,10,1996,MSFT,SELL,0.0,10.33,0.0
Top_10_MarketCap,10,1996,INTC,SELL,0.0,16.37,0.0
Top_10_MarketCap,10,1996,GE,SELL,0.0,78.98,0.0
Top_10_MarketCap,10,1996,PG,SELL,0.0,26.91,0.0
Top_10_MarketCap,10,1996,MSFT,SELL,0.0,10.33,0.0
Top_10_MarketCap,10,1996,INTC,SELL,0.0,16.37,0.0
Top_10_MarketCap,10,1996,MSFT,SELL,0.0,10.33,0.0
Top_10_MarketCap,10,1996,KO,BUY,7.7673,26.31,0.0
Top_10_MarketCap,10,1996,XOM,BUY,7.3826,24.5,0.0
Top_10_MarketCap,10,1996,T,BUY,19.9217,43.5,0.0
Top_10_MarketCap,10,1996,MRK,BUY,1.8094,37.99,0.0
Top_10_MarketCap,10,1996,MO,BUY,0.3223,37.67,0.0
Top_10_MarketCap,10,1996,JNJ,BUY,46.7297,24.88,0.0
Top_10_MarketCap,10,1997,GE,SELL,0.8943,117.22,68.4
Top_10_MarketCap,10,1997,T,SELL,47.2866,61.25,628.17
Top_10_MarketCap,10,1997,XOM,SELL,1.3706,30.59,21.11
Top_10_MarketCap,10,1997,KO,SELL,2.4323,33.34,49.77
Top_10_MarketCap,10,1997,MRK,SELL,4.0368,50.57,130.71
Top_10_MarketCap,10,1997,MO,SELL,4.7554,45.25,124.02
Top_10_MarketCap,10,1997,GE,SELL,0.5766,117.22,44.1
Top_10_MarketCap,10,1997,XOM,SELL,1.5152,30.59,23.33
Top_10_MarketCap,10,1997,KO,SELL,1.5061,33.34,30.81
Top_10_MarketCap,10,1997,MRK,SELL,0.7256,50.57,23.5
Top_10_MarketCap,10,1997,MO,SELL,0.6402,45.25,16.7
Top_10_MarketCap,10,1997,GE,SELL,0.0571,117.22,4.37
Top_10_MarketCap,10,1997,XOM,SELL,0.1502,30.59,2.31
Top_10_MarketCap,10,1997,KO,SELL,0.1493,33.34,3.05
Top_10_MarketCap,10,1997,MRK,SELL,0.0719,50.57,2.33
Top_10_MarketCap,10,1997,MO,SELL,0.0634,45.25,1.65
Top_10_MarketCap,10,1997,GE,SELL,0.0057,117.22,0.43
Top_10_MarketCap,10,1997,XOM,SELL,0.0149,30.59,0.23
Top_10_MarketCap,10,1997,KO,SELL,0.0148,33.34,0.3
Top_10_MarketCap,10,1997,MRK,SELL,0.0071,50.57,0.23
Top_10_MarketCap,10,1997,MO,SELL,0.0063,45.25,0.16
Top_10_MarketCap,10,1997,GE,SELL,0.0006,117.22,0.04
Top_10_MarketCap,10,1997,XOM,SELL,0.0015,30.59,0.02
Top_10_MarketCap,10,1997,KO,SELL,0.0015,33.34,0.03
Top_10_MarketCap,10,1997,MRK,SELL,0.0007,50.57,0.02
Top_10_MarketCap,10,1997,MO,SELL,0.0006,45.25,0.02
Top_10_MarketCap,10,1997,GE,SELL,0.0001,117.22,0.0
Top_10_MarketCap,10,1997,XOM,SELL,0.0001,30.59,0.0
Top_10_MarketCap,10,1997,KO,SELL,0.0001,33.34,0.0
Top_10_MarketCap,10,1997,MRK,SELL,0.0001,50.57,0.0
Top_10_MarketCap,10,1997,MO,SELL,0.0001,45.25,0.0
Top_10_MarketCap,10,1997,GE,SELL,0.0,117.22,0.0
Top_10_MarketCap,10,1997,XOM,SELL,0.0,30.59,0.0
Top_10_MarketCap,10,1997,KO,SELL,0.0,33.34,0.0
Top_10_MarketCap,10,1997,MRK,SELL,0.0,50.57,0.0
Top_10_MarketCap,10,1997,MO,SELL,0.0,45.25,0.0
Top_10_MarketCap,10,1997,GE,SELL,0.0,117.22,0.0
Top_10_MarketCap,10,1997,XOM,SELL,0.0,30.59,0.0
Top_10_MarketCap,10,1997,KO,SELL,0.0,33.34,0.0
Top_10_MarketCap,10,1997,MRK,SELL,0.0,50.57,0.0
Top_10_MarketCap,10,1997,MO,SELL,0.0,45.25,0.0
Top_10_MarketCap,10,1997,XOM,SELL,0.0,30.59,0.0
Top_10_MarketCap,10,1997,KO,SELL,0.0,33.34,0.0
Top_10_MarketCap,10,1997,MSFT,BUY,47.6177,16.16,0.0
Top_10_MarketCap,10,1997,INTC,BUY,47.0383,17.56,0.0
Top_10_MarketCap,10,1997,PG,BUY,4.1778,39.91,0.0
Top_10_MarketCap,10,1997,JNJ,BUY,11.2923,32.94,0.0
Top_10_MarketCap,10,1997,PFE,BUY,66.75,23.58,0.0
Top_10_MarketCap,10,1998,XOM,SELL,5.5175,36.56,117.91
Top_10_MarketCap,10,1998,KO,SELL,6.4573,33.5,133.15
Top_10_MarketCap,10,1998,MRK,SELL,5.7244,70.37,298.7
Top_10_MarketCap,10,1998,PG,SELL,1.0492,45.66,31.64
Top_10_MarketCap,10,1998,MO,SELL,37.2683,53.5,1273.46
Top_10_MarketCap,10,1998,MSFT,SELL,16.0453,34.67,495.0
Top_10_MarketCap,10,1998,INTC,SELL,12.0578,29.64,271.9
Top_10_MarketCap,10,1998,JNJ,SELL,58.0219,41.94,898.84
Top_10_MarketCap,10,1998,PFE,SELL,5.5692,39.53,88.83
Top_10_MarketCap,10,1998,XOM,SELL,2.7966,36.56,59.76
Top_10_MarketCap,10,1998,KO,SELL,2.7468,33.5,56.64
Top_10_MarketCap,10,1998,MRK,SELL,1.235,70.37,64.44
Top_10_MarketCap,10,1998,PG,SELL,1.6794,45.66,50.65
Top_10_MarketCap,10,1998,MSFT,SELL,6.0455,34.67,186.5
Top_10_MarketCap,10,1998,INTC,SELL,4.1394,29.64,93.34
Top_10_MarketCap,10,1998,PFE,SELL,2.0692,39.53,33.0
Top_10_MarketCap,10,1998,XOM,SELL,0.3851,36.56,8.23
Top_10_MarketCap,10,1998,KO,SELL,0.3782,33.5,7.8
Top_10_MarketCap,10,1998,MRK,SELL,0.17,70.37,8.87
Top_10_MarketCap,10,1998,PG,SELL,0.2312,45.66,6.97
Top_10_MarketCap,10,1998,MSFT,SELL,0.8324,34.67,25.68
Top_10_MarketCap,10,1998,INTC,SELL,0.57,29.64,12.85
Top_10_MarketCap,10,1998,PFE,SELL,0.2849,39.53,4.54
Top_10_MarketCap,10,1998,XOM,SELL,0.053,36.56,1.13
Top_10_MarketCap,10,1998,KO,SELL,0.0521,33.5,1.07
Top_10_MarketCap,10,1998,MRK,SELL,0.0234,70.37,1.22
Top_10_MarketCap,10,1998,PG,SELL,0.0318,45.66,0.96
Top_10_MarketCap,10,1998,MSFT,SELL,0.1146,34.67,3.54
Top_10_MarketCap,10,1998,INTC,SELL,0.0785,29.64,1.77
Top_10_MarketCap,10,1998,PFE,SELL,0.0392,39.53,0.63
Top_10_MarketCap,10,1998,XOM,SELL,0.0073,36.56,0.16
Top_10_MarketCap,10,1998,KO,SELL,0.0072,33.5,0.15
Top_10_MarketCap,10,1998,MRK,SELL,0.0032,70.37,0.17
Top_10_MarketCap,10,1998,PG,SELL,0.0044,45.66,0.13
Top_10_MarketCap,10,1998,MSFT,SELL,0.0158,34.67,0.49
Top_10_MarketCap,10,1998,INTC,SELL,0.0108,29.64,0.24
Top_10_MarketCap,10,1998,PFE,SELL,0.0054,39.53,0.09
Top_10_MarketCap,10,1998,XOM,SELL,0.001,36.56,0.02
Top_10_MarketCap,10,1998,KO,SELL,0.001,33.5,0.02
Top_10_MarketCap,10,1998,MRK,SELL,0.0004,70.37,0.02
Top_10_MarketCap,10,1998,PG,SELL,0.0006,45.66,0.02
Top_10_MarketCap,10,1998,MSFT,SELL,0.0022,34.67,0.07
Top_10_MarketCap,10,1998,INTC,SELL,0.0015,29.64,0.03
Top_10_MarketCap,10,1998,PFE,SELL,0.0007,39.53,0.01
Top_10_MarketCap,10,1998,XOM,SELL,0.0001,36.56,0.0
Top_10_MarketCap,10,1998,KO,SELL,0.0001,33.5,0.0
Top_10_MarketCap,10,1998,MRK,SELL,0.0001,70.37,0.0
Top_10_MarketCap,10,1998,PG,SELL,0.0001,45.66,0.0
Top_10_MarketCap,10,1998,MSFT,SELL,0.0003,34.67,0.01
Top_10_MarketCap,10,1998,INTC,SELL,0.0002,29.64,0.0
Top_10_MarketCap,10,1998,PFE,SELL,0.0001,39.53,0.0
Top_10_MarketCap,10,1998,XOM,SELL,0.0,36.56,0.0
Top_10_MarketCap,10,1998,KO,SELL,0.0,33.5,0.0
Top_10_MarketCap,10,1998,MRK,SELL,0.0,70.37,0.0
Top_10_MarketCap,10,1998,PG,SELL,0.0,45.66,0.0
Top_10_MarketCap,10,1998,MSFT,SELL,0.0,34.67,0.0
Top_10_MarketCap,10,1998,INTC,SELL,0.0,29.64,0.0
Top_10_MarketCap,10,1998,PFE,SELL,0.0,39.53,0.0
Top_10_MarketCap,10,1998,XOM,SELL,0.0,36.56,0.0
Top_10_MarketCap,10,1998,KO,SELL,0.0,33.5,0.0
Top_10_MarketCap,10,1998,MRK,SELL,0.0,70.37,0.0
Top_10_MarketCap,10,1998,PG,SELL,0.0,45.66,0.0
Top_10_MarketCap,10,1998,MSFT,SELL,0.0,34.67,0.0
Top_10_MarketCap,10,1998,INTC,SELL,0.0,29.64,0.0
Top_10_MarketCap,10,1998,PFE,SELL,0.0,39.53,0.0
Top_10_MarketCap,10,1998,XOM,SELL,0.0,36.56,0.0
Top_10_MarketCap,10,1998,KO,SELL,0.0,33.5,0.0
Top_10_MarketCap,10,1998,MRK,SELL,0.0,70.37,0.0
Top_10_MarketCap,10,1998,PG,SELL,0.0,45.66,0.0
Top_10_MarketCap,10,1998,MSFT,SELL,0.0,34.67,0.0
Top_10_MarketCap,10,1998,INTC,SELL,0.0,29.64,0.0
Top_10_MarketCap,10,1998,PFE,SELL,0.0,39.53,0.0
Top_10_MarketCap,10,1998,MSFT,SELL,0.0,34.67,0.0
Top_10_MarketCap,10,1998,GE,BUY,0.3003,162.94,0.0
Top_10_MarketCap,10,1998,CSCO,BUY,137.7146,23.2,0.0
Top_10_MarketCap,10,1998,WMT,BUY,224.7423,13.57,0.0
Top_10_MarketCap,10,1999,GE,SELL,3.349,247.21,691.46
Top_10_MarketCap,10,1999,MRK,SELL,35.0838,64.11,1575.22
Top_10_MarketCap,10,1999,PG,SELL,47.709,54.78,1772.03
Top_10_MarketCap,10,1999,MSFT,SELL,17.288,58.38,943.23
Top_10_MarketCap,10,1999,INTC,SELL,10.2917,41.16,350.64
Top_10_MarketCap,10,1999,CSCO,SELL,24.3339,53.56,738.78
Top_10_MarketCap,10,1999,WMT,SELL,17.0804,23.04,161.75
Top_10_MarketCap,10,1999,GE,SELL,1.2361,247.21,255.21
Top_10_MarketCap,10,1999,MSFT,SELL,6.2555,58.38,341.3
Top_10_MarketCap,10,1999,INTC,SELL,4.3458,41.16,148.06
Top_10_MarketCap,10,1999,CSCO,SELL,4.592,53.56,139.41
Top_10_MarketCap,10,1999,WMT,SELL,8.4105,23.04,79.65
Top_10_MarketCap,10,1999,GE,SELL,0.183,247.21,37.78
Top_10_MarketCap,10,1999,MSFT,SELL,0.9261,58.38,50.53
Top_10_MarketCap,10,1999,INTC,SELL,0.6434,41.16,21.92
Top_10_MarketCap,10,1999,CSCO,SELL,0.6798,53.56,20.64
Top_10_MarketCap,10,1999,WMT,SELL,1.2452,23.04,11.79
Top_10_MarketCap,10,1999,GE,SELL,0.0271,247.21,5.59
Top_10_MarketCap,10,1999,MSFT,SELL,0.1371,58.38,7.48
Top_10_MarketCap,10,1999,INTC,SELL,0.0953,41.16,3.25
Top_10_MarketCap,10,1999,CSCO,SELL,0.1006,53.56,3.06
Top_10_MarketCap,10,1999,WMT,SELL,0.1843,23.04,1.75
Top_10_MarketCap,10,1999,GE,SELL,0.004,247.21,0.83
Top_10_MarketCap,10,1999,MSFT,SELL,0.0203,58.38,1.11
Top_10_MarketCap,10,1999,INTC,SELL,0.0141,41.16,0.48
Top_10_MarketCap,10,1999,CSCO,SELL,0.0149,53.56,0.45
Top_10_MarketCap,10,1999,WMT,SELL,0.0273,23.04,0.26
Top_10_MarketCap,10,1999,GE,SELL,0.0006,247.21,0.12
Top_10_MarketCap,10,1999,MSFT,SELL,0.003,58.38,0.16
Top_10_MarketCap,10,1999,INTC,SELL,0.0021,41.16,0.07
Top_10_MarketCap,10,1999,CSCO,SELL,0.0022,53.56,0.07
Top_10_MarketCap,10,1999,WMT,SELL,0.004,23.04,0.04
Top_10_MarketCap,10,1999,GE,SELL,0.0001,247.21,0.02
Top_10_MarketCap,10,1999,MSFT,SELL,0.0004,58.38,0.02
Top_10_MarketCap,10,1999,INTC,SELL,0.0003,41.16,0.01
Top_10_MarketCap,10,1999,CSCO,SELL,0.0003,53.56,0.01
Top_10_MarketCap,10,1999,WMT,SELL,0.0006,23.04,0.01
Top_10_MarketCap,10,1999,GE,SELL,0.0,247.21,0.0
Top_10_MarketCap,10,1999,MSFT,SELL,0.0001,58.38,0.0
Top_10_MarketCap,10,1999,INTC,SELL,0.0,41.16,0.0
Top_10_MarketCap,10,1999,CSCO,SELL,0.0,53.56,0.0
Top_10_MarketCap,10,1999,WMT,SELL,0.0001,23.04,0.0
Top_10_MarketCap,10,1999,GE,SELL,0.0,247.21,0.0
Top_10_MarketCap,10,1999,MSFT,SELL,0.0,58.38,0.0
Top_10_MarketCap,10,1999,INTC,SELL,0.0,41.16,0.0
Top_10_MarketCap,10,1999,CSCO,SELL,0.0,53.56,0.0
Top_10_MarketCap,10,1999,WMT,SELL,0.0,23.04,0.0
Top_10_MarketCap,10,1999,GE,SELL,0.0,247.21,0.0
Top_10_MarketCap,10,1999,MSFT,SELL,0.0,58.38,0.0
Top_10_MarketCap,10,1999,INTC,SELL,0.0,41.16,0.0
Top_10_MarketCap,10,1999,CSCO,SELL,0.0,53.56,0.0
Top_10_MarketCap,10,1999,WMT,SELL,0.0,23.04,0.0
Top_10_MarketCap,10,1999,MSFT,SELL,0.0,58.38,0.0
Top_10_MarketCap,10,1999,INTC,SELL,0.0,41.16,0.0
Top_10_MarketCap,10,1999,CSCO,SELL,0.0,53.56,0.0
Top_10_MarketCap,10,1999,WMT,SELL,0.0,23.04,0.0
Top_10_MarketCap,10,1999,XOM,BUY,16.2842,40.28,0.0
Top_10_MarketCap,10,1999,IBM,BUY,32.291,103.13,0.0
Top_10_MarketCap,10,1999,PFE,BUY,38.0228,30.78,0.0
Top_10_MarketCap,10,1999,KO,BUY,18.2714,29.12,0.0
Top_10_MarketCap,10,1999,JNJ,BUY,56.3939,46.62,0.0
Top_10_MarketCap,10,2000,GE,SELL,2.3265,229.74,439.7
Top_10_MarketCap,10,2000,KO,SELL,96.3034,30.47,1287.4
Top_10_MarketCap,10,2000,INTC,SELL,15.3355,30.06,352.26
Top_10_MarketCap,10,2000,CSCO,SELL,3.5856,38.25,53.96
Top_10_MarketCap,10,2000,WMT,SELL,6.9873,17.71,28.93
Top_10_MarketCap,10,2000,IBM,SELL,2.0481,81.26,-44.79
Top_10_MarketCap,10,2000,JNJ,SELL,56.3939,52.53,333.29
Top_10_MarketCap,10,2000,GE,SELL,0.5848,229.74,110.52
Top_10_MarketCap,10,2000,INTC,SELL,1.8994,30.06,43.63
Top_10_MarketCap,10,2000,PFE,SELL,0.4097,43.64,8.22
Top_10_MarketCap,10,2000,CSCO,SELL,2.2829,38.25,34.36
Top_10_MarketCap,10,2000,WMT,SELL,4.1721,17.71,17.27
Top_10_MarketCap,10,2000,IBM,SELL,0.6613,81.26,-14.46
Top_10_MarketCap,10,2000,GE,SELL,0.0424,229.74,8.01
Top_10_MarketCap,10,2000,INTC,SELL,0.1376,30.06,3.16
Top_10_MarketCap,10,2000,PFE,SELL,0.1561,43.64,3.13
Top_10_MarketCap,10,2000,CSCO,SELL,0.1654,38.25,2.49
Top_10_MarketCap,10,2000,WMT,SELL,0.3023,17.71,1.25
Top_10_MarketCap,10,2000,IBM,SELL,0.0479,81.26,-1.05
Top_10_MarketCap,10,2000,GE,SELL,0.0036,229.74,0.68
Top_10_MarketCap,10,2000,INTC,SELL,0.0117,30.06,0.27
Top_10_MarketCap,10,2000,PFE,SELL,0.0133,43.64,0.27
Top_10_MarketCap,10,2000,CSCO,SELL,0.0141,38.25,0.21
Top_10_MarketCap,10,2000,WMT,SELL,0.0257,17.71,0.11
Top_10_MarketCap,10,2000,IBM,SELL,0.0041,81.26,-0.09
Top_10_MarketCap,10,2000,GE,SELL,0.0003,229.74,0.06
Top_10_MarketCap,10,2000,INTC,SELL,0.001,30.06,0.02
Top_10_MarketCap,10,2000,PFE,SELL,0.0011,43.64,0.02
Top_10_MarketCap,10,2000,CSCO,SELL,0.0012,38.25,0.02
Top_10_MarketCap,10,2000,WMT,SELL,0.0022,17.71,0.01
Top_10_MarketCap,10,2000,IBM,SELL,0.0003,81.26,-0.01
Top_10_MarketCap,10,2000,GE,SELL,0.0,229.74,0.0
Top_10_MarketCap,10,2000,INTC,SELL,0.0001,30.06,0.0
Top_10_MarketCap,10,2000,PFE,SELL,0.0001,43.64,0.0
Top_10_MarketCap,10,2000,CSCO,SELL,0.0001,38.25,0.0
Top_10_MarketCap,10,2000,WMT,SELL,0.0002,17.71,0.0
Top_10_MarketCap,10,2000,IBM,SELL,0.0,81.26,-0.0
Top_10_MarketCap,10,2000,GE,SELL,0.0,229.74,0.0
Top_10_MarketCap,10,2000,INTC,SELL,0.0,30.06,0.0
Top_10_MarketCap,10,2000,PFE,SELL,0.0,43.64,0.0
Top_10_MarketCap,10,2000,CSCO,SELL,0.0,38.25,0.0
Top_10_MarketCap,10,2000,WMT,SELL,0.0,17.71,0.0
Top_10_MarketCap,10,2000,IBM,SELL,0.0,81.26,-0.0
Top_10_MarketCap,10,2000,GE,SELL,0.0,229.74,0.0
Top_10_MarketCap,10,2000,INTC,SELL,0.0,30.06,0.0
Top_10_MarketCap,10,2000,PFE,SELL,0.0,43.64,0.0
Top_10_MarketCap,10,2000,CSCO,SELL,0.0,38.25,0.0
Top_10_MarketCap,10,2000,WMT,SELL,0.0,17.71,0.0
Top_10_MarketCap,10,2000,IBM,SELL,0.0,81.26,-0.0
Top_10_MarketCap,10,2000,WMT,SELL,0.0,17.71,0.0
Top_10_MarketCap,10,2000,XOM,BUY,18.1204,43.47,0.0
Top_10_MarketCap,10,2000,MSFT,BUY,18.8326,21.69,0.0
Top_10_MarketCap,10,2000,C,BUY,6.1678,510.62,0.0
Top_10_MarketCap,10,2000,AIG,BUY,1.4455,1971.25,0.0
Top_10_MarketCap,10,2001,XOM,SELL,1.7168,39.3,41.39
Top_10_MarketCap,10,2001,MSFT,SELL,15.1461,33.12,443.78
Top_10_MarketCap,10,2001,INTC,SELL,10.0826,31.45,245.61
Top_10_MarketCap,10,2001,PFE,SELL,14.6373,37.81,208.29
Top_10_MarketCap,10,2001,CSCO,SELL,101.9414,18.11,-518.88
Top_10_MarketCap,10,2001,IBM,SELL,10.4751,115.64,131.04
Top_10_MarketCap,10,2001,XOM,SELL,0.8061,39.3,19.44
Top_10_MarketCap,10,2001,MSFT,SELL,1.084,33.12,31.76
Top_10_MarketCap,10,2001,INTC,SELL,0.5372,31.45,13.09
Top_10_MarketCap,10,2001,PFE,SELL,0.5865,37.81,8.35
Top_10_MarketCap,10,2001,IBM,SELL,0.137,115.64,1.71
Top_10_MarketCap,10,2001,XOM,SELL,0.0698,39.3,1.68
Top_10_MarketCap,10,2001,MSFT,SELL,0.0938,33.12,2.75
Top_10_MarketCap,10,2001,INTC,SELL,0.0465,31.45,1.13
Top_10_MarketCap,10,2001,PFE,SELL,0.0508,37.81,0.72
Top_10_MarketCap,10,2001,IBM,SELL,0.0119,115.64,0.15
Top_10_MarketCap,10,2001,XOM,SELL,0.006,39.3,0.15
Top_10_MarketCap,10,2001,MSFT,SELL,0.0081,33.12,0.24
Top_10_MarketCap,10,2001,INTC,SELL,0.004,31.45,0.1
Top_10_MarketCap,10,2001,PFE,SELL,0.0044,37.81,0.06
Top_10_MarketCap,10,2001,IBM,SELL,0.001,115.64,0.01
Top_10_MarketCap,10,2001,XOM,SELL,0.0005,39.3,0.01
Top_10_MarketCap,10,2001,MSFT,SELL,0.0007,33.12,0.02
Top_10_MarketCap,10,2001,INTC,SELL,0.0003,31.45,0.01
Top_10_MarketCap,10,2001,PFE,SELL,0.0004,37.81,0.01
Top_10_MarketCap,10,2001,IBM,SELL,0.0001,115.64,0.0
Top_10_MarketCap,10,2001,XOM,SELL,0.0,39.3,0.0
Top_10_MarketCap,10,2001,MSFT,SELL,0.0001,33.12,0.0
Top_10_MarketCap,10,2001,INTC,SELL,0.0,31.45,0.0
Top_10_MarketCap,10,2001,PFE,SELL,0.0,37.81,0.0
Top_10_MarketCap,10,2001,IBM,SELL,0.0,115.64,0.0
Top_10_MarketCap,10,2001,XOM,SELL,0.0,39.3,0.0
Top_10_MarketCap,10,2001,MSFT,SELL,0.0,33.12,0.0
Top_10_MarketCap,10,2001,INTC,SELL,0.0,31.45,0.0
Top_10_MarketCap,10,2001,PFE,SELL,0.0,37.81,0.0
Top_10_MarketCap,10,2001,IBM,SELL,0.0,115.64,0.0
Top_10_MarketCap,10,2001,XOM,SELL,0.0,39.3,0.0
Top_10_MarketCap,10,2001,MSFT,SELL,0.0,33.12,0.0
Top_10_MarketCap,10,2001,INTC,SELL,0.0,31.45,0.0
Top_10_MarketCap,10,2001,PFE,SELL,0.0,37.81,0.0
Top_10_MarketCap,10,2001,GE,BUY,3.4793,192.08,0.0
Top_10_MarketCap,10,2001,WMT,BUY,18.8583,19.18,0.0
Top_10_MarketCap,10,2001,C,BUY,1.0498,504.8,0.0
Top_10_MarketCap,10,2001,JNJ,BUY,46.8533,59.1,0.0
Top_10_MarketCap,10,2001,AIG,BUY,0.2064,1588.0,0.0
Top_10_MarketCap,10,2002,XOM,SELL,15.9994,34.94,315.99
Top_10_MarketCap,10,2002,WMT,SELL,14.3437,16.84,46.9
Top_10_MarketCap,10,2002,IBM,SELL,18.9041,74.09,-548.98
Top_10_MarketCap,10,2002,C,SELL,1.0214,351.9,-162.11
Top_10_MarketCap,10,2002,JNJ,SELL,4.1196,53.71,-22.2
Top_10_MarketCap,10,2002,XOM,SELL,0.5813,34.94,11.48
Top_10_MarketCap,10,2002,WMT,SELL,1.1645,16.84,3.81
Top_10_MarketCap,10,2002,C,SELL,0.0378,351.9,-6.0
Top_10_MarketCap,10,2002,JNJ,SELL,0.2608,53.71,-1.41
Top_10_MarketCap,10,2002,MSFT,BUY,9.2364,25.85,0.0
Top_10_MarketCap,10,2002,GE,BUY,2.663,116.7,0.0
Top_10_MarketCap,10,2002,PFE,BUY,5.5847,29.0,0.0
Top_10_MarketCap,10,2002,AIG,BUY,0.1226,1157.0,0.0
Top_10_MarketCap,10,2002,PG,BUY,42.4709,42.97,0.0
Top_10_MarketCap,10,2002,INTC,BUY,35.7418,15.57,0.0
Top_10_MarketCap,10,2003,GE,SELL,2.4304,148.47,261.83
Top_10_MarketCap,10,2003,XOM,SELL,0.1727,41.0,4.46
Top_10_MarketCap,10,2003,INTC,SELL,36.4904,32.05,812.54
Top_10_MarketCap,10,2003,PG,SELL,42.4709,49.94,296.02
Top_10_MarketCap,10,2003,GE,SELL,0.4061,148.47,43.75
Top_10_MarketCap,10,2003,XOM,SELL,1.2868,41.0,33.21
Top_10_MarketCap,10,2003,INTC,SELL,0.9994,32.05,14.48
Top_10_MarketCap,10,2003,GE,SELL,0.0248,148.47,2.68
Top_10_MarketCap,10,2003,XOM,SELL,0.0787,41.0,2.03
Top_10_MarketCap,10,2003,INTC,SELL,0.0611,32.05,0.89
Top_10_MarketCap,10,2003,GE,SELL,0.0015,148.47,0.16
Top_10_MarketCap,10,2003,XOM,SELL,0.0048,41.0,0.12
Top_10_MarketCap,10,2003,INTC,SELL,0.0037,32.05,0.05
Top_10_MarketCap,10,2003,GE,SELL,0.0001,148.47,0.01
Top_10_MarketCap,10,2003,XOM,SELL,0.0003,41.0,0.01
Top_10_MarketCap,10,2003,INTC,SELL,0.0002,32.05,0.0
Top_10_MarketCap,10,2003,GE,SELL,0.0,148.47,0.0
Top_10_MarketCap,10,2003,XOM,SELL,0.0,41.0,0.0
Top_10_MarketCap,10,2003,INTC,SELL,0.0,32.05,0.0
Top_10_MarketCap,10,2003,GE,SELL,0.0,148.47,0.0
Top_10_MarketCap,10,2003,XOM,SELL,0.0,41.0,0.0
Top_10_MarketCap,10,2003,INTC,SELL,0.0,32.05,0.0
Top_10_MarketCap,10,2003,MSFT,BUY,10.5494,27.37,0.0
Top_10_MarketCap,10,2003,PFE,BUY,19.2426,33.52,0.0
Top_10_MarketCap,10,2003,WMT,BUY,3.1724,17.68,0.0
Top_10_MarketCap,10,2003,C,BUY,0.022,485.4,0.0
Top_10_MarketCap,10,2003,JNJ,BUY,10.32,51.66,0.0
Top_10_MarketCap,10,2003,AIG,BUY,0.18,1325.6,0.0
Top_10_MarketCap,10,2003,CSCO,BUY,84.4186,24.23,0.0
Top_10_MarketCap,10,2004,GE,SELL,0.9901,174.92,132.86
Top_10_MarketCap,10,2004,XOM,SELL,1.7501,51.26,63.13
Top_10_MarketCap,10,2004,MSFT,SELL,20.6586,26.72,473.08
Top_10_MarketCap,10,2004,WMT,SELL,15.5003,17.61,62.62
Top_10_MarketCap,10,2004,AIG,SELL,0.1173,1313.4,-77.2
Top_10_MarketCap,10,2004,JNJ,SELL,8.0315,63.42,34.7
Top_10_MarketCap,10,2004,CSCO,SELL,84.4186,19.32,-414.5
Top_10_MarketCap,10,2004,GE,SELL,0.3293,174.92,44.18
Top_10_MarketCap,10,2004,XOM,SELL,1.0594,51.26,38.21
Top_10_MarketCap,10,2004,MSFT,SELL,1.7244,26.72,39.49
Top_10_MarketCap,10,2004,WMT,SELL,2.0558,17.61,8.31
Top_10_MarketCap,10,2004,AIG,SELL,0.0213,1313.4,-14.01
Top_10_MarketCap,10,2004,JNJ,SELL,0.5189,63.42,2.24
Top_10_MarketCap,10,2004,GE,SELL,0.0299,174.92,4.01
Top_10_MarketCap,10,2004,XOM,SELL,0.0961,51.26,3.47
Top_10_MarketCap,10,2004,MSFT,SELL,0.1564,26.72,3.58
Top_10_MarketCap,10,2004,WMT,SELL,0.1865,17.61,0.75
Top_10_MarketCap,10,2004,AIG,SELL,0.0019,1313.4,-1.27
Top_10_MarketCap,10,2004,JNJ,SELL,0.0471,63.42,0.2
Top_10_MarketCap,10,2004,GE,SELL,0.0027,174.92,0.36
Top_10_MarketCap,10,2004,XOM,SELL,0.0087,51.26,0.31
Top_10_MarketCap,10,2004,MSFT,SELL,0.0142,26.72,0.32
Top_10_MarketCap,10,2004,WMT,SELL,0.0169,17.61,0.07
Top_10_MarketCap,10,2004,AIG,SELL,0.0002,1313.4,-0.12
Top_10_MarketCap,10,2004,JNJ,SELL,0.0043,63.42,0.02
Top_10_MarketCap,10,2004,GE,SELL,0.0002,174.92,0.03
Top_10_MarketCap,10,2004,XOM,SELL,0.0008,51.26,0.03
Top_10_MarketCap,10,2004,MSFT,SELL,0.0013,26.72,0.03
Top_10_MarketCap,10,2004,WMT,SELL,0.0015,17.61,0.01
Top_10_MarketCap,10,2004,AIG,SELL,0.0,1313.4,-0.01
Top_10_MarketCap,10,2004,JNJ,SELL,0.0004,63.42,0.0
Top_10_MarketCap,10,2004,GE,SELL,0.0,174.92,0.0
Top_10_MarketCap,10,2004,XOM,SELL,0.0001,51.26,0.0
Top_10_MarketCap,10,2004,MSFT,SELL,0.0001,26.72,0.0
Top_10_MarketCap,10,2004,WMT,SELL,0.0001,17.61,0.0
Top_10_MarketCap,10,2004,AIG,SELL,0.0,1313.4,-0.0
Top_10_MarketCap,10,2004,JNJ,SELL,0.0,63.42,0.0
Top_10_MarketCap,10,2004,GE,SELL,0.0,174.92,0.0
Top_10_MarketCap,10,2004,XOM,SELL,0.0,51.26,0.0
Top_10_MarketCap,10,2004,MSFT,SELL,0.0,26.72,0.0
Top_10_MarketCap,10,2004,WMT,SELL,0.0,17.61,0.0
Top_10_MarketCap,10,2004,AIG,SELL,0.0,1313.4,-0.0
Top_10_MarketCap,10,2004,JNJ,SELL,0.0,63.42,0.0
Top_10_MarketCap,10,2004,GE,SELL,0.0,174.92,0.0
Top_10_MarketCap,10,2004,XOM,SELL,0.0,51.26,0.0
Top_10_MarketCap,10,2004,MSFT,SELL,0.0,26.72,0.0
Top_10_MarketCap,10,2004,WMT,SELL,0.0,17.61,0.0
Top_10_MarketCap,10,2004,JNJ,SELL,0.0,63.42,0.0
Top_10_MarketCap,10,2004,WMT,SELL,0.0,17.61,0.0
Top_10_MarketCap,10,2004,C,BUY,1.3815,481.8,0.0
Top_10_MarketCap,10,2004,PFE,BUY,20.5693,25.51,0.0
Top_10_MarketCap,10,2004,JPM,BUY,64.6582,39.01,0.0
Top_10_MarketCap,10,2004,INTC,BUY,23.525,23.39,0.0
Top_10_MarketCap,10,2005,MSFT,SELL,0.9486,26.15,21.18
Top_10_MarketCap,10,2005,INTC,SELL,95.8554,24.96,643.31
Top_10_MarketCap,10,2005,PFE,SELL,5.0261,22.13,-7.29
Top_10_MarketCap,10,2005,WMT,SELL,175.0614,15.6,236.54
Top_10_MarketCap,10,2005,AIG,SELL,1.8138,1364.6,-805.18
Top_10_MarketCap,10,2005,JPM,SELL,4.1367,39.69,2.81
Top_10_MarketCap,10,2005,MSFT,SELL,1.0641,26.15,23.76
Top_10_MarketCap,10,2005,PFE,SELL,0.8848,22.13,-1.28
Top_10_MarketCap,10,2005,C,SELL,0.047,485.3,-1.19
Top_10_MarketCap,10,2005,JPM,SELL,0.4414,39.69,0.3
Top_10_MarketCap,10,2005,MSFT,SELL,0.0281,26.15,0.63
Top_10_MarketCap,10,2005,PFE,SELL,0.0234,22.13,-0.03
Top_10_MarketCap,10,2005,C,SELL,0.0015,485.3,-0.04
Top_10_MarketCap,10,2005,JPM,SELL,0.0117,39.69,0.01
Top_10_MarketCap,10,2005,MSFT,SELL,0.0007,26.15,0.02
Top_10_MarketCap,10,2005,PFE,SELL,0.0006,22.13,-0.0
Top_10_MarketCap,10,2005,C,SELL,0.0,485.3,-0.0
Top_10_MarketCap,10,2005,JPM,SELL,0.0003,39.69,0.0
Top_10_MarketCap,10,2005,MSFT,SELL,0.0,26.15,0.0
Top_10_MarketCap,10,2005,PFE,SELL,0.0,22.13,-0.0
Top_10_MarketCap,10,2005,C,SELL,0.0,485.3,-0.0
Top_10_MarketCap,10,2005,JPM,SELL,0.0,39.69,0.0
Top_10_MarketCap,10,2005,MSFT,SELL,0.0,26.15,0.0
Top_10_MarketCap,10,2005,PFE,SELL,0.0,22.13,-0.0
Top_10_MarketCap,10,2005,JPM,SELL,0.0,39.69,0.0
Top_10_MarketCap,10,2005,XOM,BUY,2.1675,56.17,0.0
Top_10_MarketCap,10,2005,GE,BUY,0.3487,167.97,0.0
Top_10_MarketCap,10,2005,PG,BUY,55.7283,57.88,0.0
Top_10_MarketCap,10,2005,JNJ,BUY,4.8121,60.1,0.0
Top_10_MarketCap,10,2005,BAC,BUY,54.6987,46.15,0.0
Top_10_MarketCap,10,2005,IBM,BUY,28.5515,78.59,0.0
Top_10_MarketCap,10,2006,XOM,SELL,9.7294,76.63,597.77
Top_10_MarketCap,10,2006,PFE,SELL,120.4061,24.57,-415.8
Top_10_MarketCap,10,2006,JNJ,SELL,1.0367,66.02,7.17
Top_10_MarketCap,10,2006,IBM,SELL,28.5515,92.88,408.0
Top_10_MarketCap,10,2006,XOM,SELL,0.9539,76.63,58.61
Top_10_MarketCap,10,2006,JNJ,SELL,0.5536,66.02,3.83
Top_10_MarketCap,10,2006,XOM,SELL,0.0389,76.63,2.39
Top_10_MarketCap,10,2006,JNJ,SELL,0.0226,66.02,0.16
Top_10_MarketCap,10,2006,XOM,SELL,0.0016,76.63,0.1
Top_10_MarketCap,10,2006,JNJ,SELL,0.0009,66.02,0.01
Top_10_MarketCap,10,2006,XOM,SELL,0.0001,76.63,0.0
Top_10_MarketCap,10,2006,JNJ,SELL,0.0,66.02,0.0
Top_10_MarketCap,10,2006,XOM,SELL,0.0,76.63,0.0
Top_10_MarketCap,10,2006,JNJ,SELL,0.0,66.02,0.0
Top_10_MarketCap,10,2006,XOM,SELL,0.0,76.63,0.0
Top_10_MarketCap,10,2006,GE,BUY,2.0839,178.33,0.0
Top_10_MarketCap,10,2006,MSFT,BUY,9.6073,29.86,0.0
Top_10_MarketCap,10,2006,C,BUY,0.4685,557.0,0.0
Top_10_MarketCap,10,2006,PG,BUY,3.1994,64.27,0.0
Top_10_MarketCap,10,2006,BAC,BUY,6.9849,53.39,0.0
Top_10_MarketCap,10,2006,JPM,BUY,1.2975,48.3,0.0
Top_10_MarketCap,10,2006,AIG,BUY,1.9532,1433.2,0.0
Top_10_MarketCap,10,2006,CSCO,BUY,96.4006,27.33,0.0
Top_10_MarketCap,10,2007,GE,SELL,0.3654,177.66,50.03
Top_10_MarketCap,10,2007,XOM,SELL,4.943,93.69,388.03
Top_10_MarketCap,10,2007,MSFT,SELL,18.251,35.6,580.02
Top_10_MarketCap,10,2007,C,SELL,7.9819,294.4,-1701.1
Top_10_MarketCap,10,2007,PG,SELL,8.8438,73.42,137.43
Top_10_MarketCap,10,2007,BAC,SELL,61.6836,41.26,-352.2
Top_10_MarketCap,10,2007,AIG,SELL,1.9532,1166.0,-521.89
Top_10_MarketCap,10,2007,CSCO,SELL,3.7832,27.07,-0.98
Top_10_MarketCap,10,2007,GE,SELL,0.2146,177.66,29.39
Top_10_MarketCap,10,2007,XOM,SELL,0.5469,93.69,42.93
Top_10_MarketCap,10,2007,MSFT,SELL,0.9706,35.6,30.85
Top_10_MarketCap,10,2007,PG,SELL,0.357,73.42,5.55
Top_10_MarketCap,10,2007,CSCO,SELL,0.6603,27.07,-0.17
Top_10_MarketCap,10,2007,T,BUY,121.5959,31.39,0.0
Top_10_MarketCap,10,2007,JNJ,BUY,2.3717,66.7,0.0
Top_10_MarketCap,10,2007,GOOGL,BUY,182.2594,17.3,0.0
Top_10_MarketCap,10,2007,JPM,BUY,3.2664,43.65,0.0
Top_10_MarketCap,10,2007,CVX,BUY,28.4499,93.33,0.0
Top_10_MarketCap,10,2008,XOM,SELL,1.4491,79.83,93.67
Top_10_MarketCap,10,2008,MSFT,SELL,9.9525,19.44,155.46
Top_10_MarketCap,10,2008,JNJ,SELL,5.0008,59.83,3.65
Top_10_MarketCap,10,2008,PG,SELL,4.4387,61.82,17.49
Top_10_MarketCap,10,2008,CSCO,SELL,91.9572,16.3,-1014.29
Top_10_MarketCap,10,2008,T,SELL,19.8273,21.53,-195.5
Top_10_MarketCap,10,2008,GOOGL,SELL,182.2594,7.7,-1749.69
Top_10_MarketCap,10,2008,CVX,SELL,2.12,73.97,-41.04
Top_10_MarketCap,10,2008,XOM,SELL,0.7212,79.83,46.62
Top_10_MarketCap,10,2008,MSFT,SELL,1.2088,19.44,18.88
Top_10_MarketCap,10,2008,JNJ,SELL,0.432,59.83,0.32
Top_10_MarketCap,10,2008,PG,SELL,0.4371,61.82,1.72
Top_10_MarketCap,10,2008,T,SELL,0.9823,21.53,-9.69
Top_10_MarketCap,10,2008,CVX,SELL,0.2541,73.97,-4.92
Top_10_MarketCap,10,2008,WMT,BUY,167.7016,18.69,0.0
Top_10_MarketCap,10,2008,GE,BUY,2.7155,77.64,0.0
Top_10_MarketCap,10,2008,JPM,BUY,0.3658,31.53,0.0
Top_10_MarketCap,10,2008,IBM,BUY,22.4742,80.46,0.0
Top_10_MarketCap,10,2009,T,SELL,100.7863,21.17,-1030.04
Top_10_MarketCap,10,2009,CVX,SELL,26.0758,76.99,-426.08
Top_10_MarketCap,10,2009,WMT,SELL,35.0299,17.82,-30.48
Top_10_MarketCap,10,2009,IBM,SELL,22.4742,125.14,1004.15
Top_10_MarketCap,10,2009,JNJ,SELL,0.257,64.41,1.36
Top_10_MarketCap,10,2009,WMT,SELL,1.0816,17.82,-0.94
Top_10_MarketCap,10,2009,XOM,BUY,3.8309,68.19,0.0
Top_10_MarketCap,10,2009,MSFT,BUY,5.548,30.48,0.0
Top_10_MarketCap,10,2009,AAPL,BUY,426.1432,7.53,0.0
Top_10_MarketCap,10,2009,PG,BUY,4.0031,60.63,0.0
Top_10_MarketCap,10,2009,JPM,BUY,0.1616,41.67,0.0
Top_10_MarketCap,10,2009,GE,BUY,1.4349,72.51,0.0
Top_10_MarketCap,10,2009,GOOGL,BUY,143.139,15.52,0.0
Top_10_MarketCap,10,2009,BAC,BUY,131.121,15.06,0.0
Top_10_MarketCap,10,2010,XOM,SELL,6.963,73.12,403.36
Top_10_MarketCap,10,2010,JNJ,SELL,2.1832,61.85,6.0
Top_10_MarketCap,10,2010,JPM,SELL,7.678,42.42,26.18
Top_10_MarketCap,10,2010,PG,SELL,6.2122,64.33,40.07
Top_10_MarketCap,10,2010,WMT,SELL,131.5901,17.98,-93.43
Top_10_MarketCap,10,2010,AAPL,SELL,29.2752,11.52,116.81
Top_10_MarketCap,10,2010,GOOGL,SELL,143.139,14.86,-94.47
Top_10_MarketCap,10,2010,BAC,SELL,131.121,13.34,-225.53
Top_10_MarketCap,10,2010,XOM,SELL,0.3509,73.12,20.33
Top_10_MarketCap,10,2010,JNJ,SELL,0.2074,61.85,0.57
Top_10_MarketCap,10,2010,JPM,SELL,0.2846,42.42,0.97
Top_10_MarketCap,10,2010,PG,SELL,0.2111,64.33,1.36
Top_10_MarketCap,10,2010,AAPL,SELL,1.9652,11.52,7.84
Top_10_MarketCap,10,2010,MSFT,BUY,0.8263,27.91,0.0
Top_10_MarketCap,10,2010,GE,BUY,2.2904,87.65,0.0
Top_10_MarketCap,10,2010,CVX,BUY,33.2368,91.25,0.0
Top_10_MarketCap,10,2010,IBM,BUY,20.5346,140.31,0.0
Top_10_MarketCap,10,2010,BRK.B,BUY,28.394,80.11,0.0
Top_10_MarketCap,10,2011,GE,SELL,3.798,85.83,171.25
Top_10_MarketCap,10,2011,XOM,SELL,2.7925,84.76,194.28
Top_10_MarketCap,10,2011,AAPL,SELL,30.1366,14.46,208.85
Top_10_MarketCap,10,2011,CVX,SELL,1.1604,106.4,17.58
Top_10_MarketCap,10,2011,IBM,SELL,0.2373,175.79,8.42
Top_10_MarketCap,10,2011,BRK.B,SELL,28.394,76.3,-108.18
Top_10_MarketCap,10,2011,GE,SELL,0.1947,85.83,8.78
Top_10_MarketCap,10,2011,XOM,SELL,0.4053,84.76,28.2
Top_10_MarketCap,10,2011,AAPL,SELL,2.183,14.46,15.13
Top_10_MarketCap,10,2011,CVX,SELL,0.192,106.4,2.91
Top_10_MarketCap,10,2011,IBM,SELL,0.1215,175.79,4.31
Top_10_MarketCap,10,2011,MSFT,BUY,12.1634,25.96,0.0
Top_10_MarketCap,10,2011,JNJ,BUY,5.3476,65.58,0.0
Top_10_MarketCap,10,2011,PG,BUY,1.489,66.71,0.0
Top_10_MarketCap,10,2011,JPM,BUY,21.6447,33.25,0.0
Top_10_MarketCap,10,2011,WMT,BUY,123.8591,19.92,0.0
Top_10_MarketCap,10,2012,XOM,SELL,5.3584,86.55,382.38
Top_10_MarketCap,10,2012,JPM,SELL,11.9638,43.97,59.34
Top_10_MarketCap,10,2012,PG,SELL,43.9197,67.89,395.04
Top_10_MarketCap,10,2012,CVX,SELL,6.2913,108.14,106.26
Top_10_MarketCap,10,2012,IBM,SELL,20.1758,183.13,863.93
Top_10_MarketCap,10,2012,XOM,SELL,0.4558,86.55,32.53
Top_10_MarketCap,10,2012,JPM,SELL,0.492,43.97,2.44
Top_10_MarketCap,10,2012,CVX,SELL,0.1883,108.14,3.18
Top_10_MarketCap,10,2012,AAPL,BUY,7.7418,19.01,0.0
Top_10_MarketCap,10,2012,GOOGL,BUY,252.2211,17.7,0.0
Top_10_MarketCap,10,2012,MSFT,BUY,11.7213,26.71,0.0
Top_10_MarketCap,10,2012,BRK.B,BUY,42.1126,89.7,0.0
Top_10_MarketCap,10,2012,JNJ,BUY,1.9605,70.1,0.0
Top_10_MarketCap,10,2012,GE,BUY,0.0932,100.59,0.0
Top_10_MarketCap,10,2012,WMT,BUY,12.0547,22.74,0.0
Top_10_MarketCap,10,2013,GE,SELL,0.5127,134.33,47.99
Top_10_MarketCap,10,2013,MSFT,SELL,1.462,37.41,49.11
Top_10_MarketCap,10,2013,CVX,SELL,25.4048,124.91,855.12
Top_10_MarketCap,10,2013,WMT,SELL,135.9138,26.23,823.62
Top_10_MarketCap,10,2013,GOOGL,SELL,39.9127,28.05,413.1
Top_10_MarketCap,10,2013,GE,SELL,0.2407,134.33,22.53
Top_10_MarketCap,10,2013,MSFT,SELL,1.1524,37.41,38.71
Top_10_MarketCap,10,2013,GOOGL,SELL,1.601,28.05,16.57
Top_10_MarketCap,10,2013,GE,SELL,0.0143,134.33,1.34
Top_10_MarketCap,10,2013,MSFT,SELL,0.0687,37.41,2.31
Top_10_MarketCap,10,2013,GOOGL,SELL,0.0954,28.05,0.99
Top_10_MarketCap,10,2013,GE,SELL,0.0009,134.33,0.08
Top_10_MarketCap,10,2013,MSFT,SELL,0.0041,37.41,0.14
Top_10_MarketCap,10,2013,GOOGL,SELL,0.0057,28.05,0.06
Top_10_MarketCap,10,2013,GE,SELL,0.0001,134.33,0.0
Top_10_MarketCap,10,2013,MSFT,SELL,0.0002,37.41,0.01
Top_10_MarketCap,10,2013,GOOGL,SELL,0.0003,28.05,0.0
Top_10_MarketCap,10,2013,GE,SELL,0.0,134.33,0.0
Top_10_MarketCap,10,2013,MSFT,SELL,0.0,37.41,0.0
Top_10_MarketCap,10,2013,GOOGL,SELL,0.0,28.05,0.0
Top_10_MarketCap,10,2013,GE,SELL,0.0,134.33,0.0
Top_10_MarketCap,10,2013,MSFT,SELL,0.0,37.41,0.0
Top_10_MarketCap,10,2013,GOOGL,SELL,0.0,28.05,0.0
Top_10_MarketCap,10,2013,AAPL,BUY,30.5829,20.04,0.0
Top_10_MarketCap,10,2013,XOM,BUY,1.5443,101.2,0.0
Top_10_MarketCap,10,2013,BRK.B,BUY,1.7353,118.56,0.0
Top_10_MarketCap,10,2013,JNJ,BUY,2.6111,91.59,0.0
Top_10_MarketCap,10,2013,JPM,BUY,2.3062,58.48,0.0
Top_10_MarketCap,10,2013,WFC,BUY,83.2775,45.4,0.0
Top_10_MarketCap,10,2013,PG,BUY,43.5389,81.41,0.0
Top_10_MarketCap,10,2014,MSFT,SELL,4.5188,46.45,192.64
Top_10_MarketCap,10,2014,AAPL,SELL,44.3409,27.59,889.48
Top_10_MarketCap,10,2014,GOOGL,SELL,4.5984,26.53,40.6
Top_10_MarketCap,10,2014,BRK.B,SELL,1.9884,150.15,120.2
Top_10_MarketCap,10,2014,MSFT,SELL,1.7708,46.45,75.49
Top_10_MarketCap,10,2014,AAPL,SELL,4.293,27.59,86.12
Top_10_MarketCap,10,2014,GOOGL,SELL,2.4803,26.53,21.9
Top_10_MarketCap,10,2014,BRK.B,SELL,0.504,150.15,30.47
Top_10_MarketCap,10,2014,MSFT,SELL,0.1592,46.45,6.79
Top_10_MarketCap,10,2014,AAPL,SELL,0.386,27.59,7.74
Top_10_MarketCap,10,2014,GOOGL,SELL,0.223,26.53,1.97
Top_10_MarketCap,10,2014,BRK.B,SELL,0.0453,150.15,2.74
Top_10_MarketCap,10,2014,MSFT,SELL,0.0143,46.45,0.61
Top_10_MarketCap,10,2014,AAPL,SELL,0.0347,27.59,0.7
Top_10_MarketCap,10,2014,GOOGL,SELL,0.0201,26.53,0.18
Top_10_MarketCap,10,2014,BRK.B,SELL,0.0041,150.15,0.25
Top_10_MarketCap,10,2014,MSFT,SELL,0.0013,46.45,0.05
Top_10_MarketCap,10,2014,AAPL,SELL,0.0031,27.59,0.06
Top_10_MarketCap,10,2014,GOOGL,SELL,0.0018,26.53,0.02
Top_10_MarketCap,10,2014,BRK.B,SELL,0.0004,150.15,0.02
Top_10_MarketCap,10,2014,MSFT,SELL,0.0001,46.45,0.0
Top_10_MarketCap,10,2014,AAPL,SELL,0.0003,27.59,0.01
Top_10_MarketCap,10,2014,GOOGL,SELL,0.0002,26.53,0.0
Top_10_MarketCap,10,2014,BRK.B,SELL,0.0,150.15,0.0
Top_10_MarketCap,10,2014,MSFT,SELL,0.0,46.45,0.0
Top_10_MarketCap,10,2014,AAPL,SELL,0.0,27.59,0.0
Top_10_MarketCap,10,2014,GOOGL,SELL,0.0,26.53,0.0
Top_10_MarketCap,10,2014,BRK.B,SELL,0.0,150.15,0.0
Top_10_MarketCap,10,2014,MSFT,SELL,0.0,46.45,0.0
Top_10_MarketCap,10,2014,AAPL,SELL,0.0,27.59,0.0
Top_10_MarketCap,10,2014,GOOGL,SELL,0.0,26.53,0.0
Top_10_MarketCap,10,2014,BRK.B,SELL,0.0,150.15,0.0
Top_10_MarketCap,10,2014,AAPL,SELL,0.0,27.59,0.0
Top_10_MarketCap,10,2014,GOOGL,SELL,0.0,26.53,0.0
Top_10_MarketCap,10,2014,XOM,BUY,12.7912,92.45,0.0
Top_10_MarketCap,10,2014,JNJ,BUY,2.5531,104.57,0.0
Top_10_MarketCap,10,2014,WFC,BUY,5.2626,54.82,0.0
Top_10_MarketCap,10,2014,JPM,BUY,4.5603,62.58,0.0
Top_10_MarketCap,10,2014,PG,BUY,3.826,91.09,0.0
Top_10_MarketCap,10,2014,GE,BUY,1.7368,121.1,0.0
Top_10_MarketCap,10,2015,GE,SELL,2.188,149.28,237.48
Top_10_MarketCap,10,2015,JNJ,SELL,5.7682,102.72,251.61
Top_10_MarketCap,10,2015,JPM,SELL,12.0957,66.03,326.82
Top_10_MarketCap,10,2015,GOOGL,SELL,91.4882,38.9,1939.55
Top_10_MarketCap,10,2015,BRK.B,SELL,1.3127,132.04,55.58
Top_10_MarketCap,10,2015,WFC,SELL,88.5401,54.36,743.75
Top_10_MarketCap,10,2015,PG,SELL,47.3648,79.41,-131.77
Top_10_MarketCap,10,2015,GE,SELL,0.7108,149.28,77.15
Top_10_MarketCap,10,2015,JNJ,SELL,1.1019,102.72,48.07
Top_10_MarketCap,10,2015,JPM,SELL,1.3928,66.03,37.63
Top_10_MarketCap,10,2015,GOOGL,SELL,2.546,38.9,53.98
Top_10_MarketCap,10,2015,BRK.B,SELL,0.9108,132.04,38.56
Top_10_MarketCap,10,2015,GE,SELL,0.0387,149.28,4.2
Top_10_MarketCap,10,2015,JNJ,SELL,0.06,102.72,2.62
Top_10_MarketCap,10,2015,JPM,SELL,0.0758,66.03,2.05
Top_10_MarketCap,10,2015,GOOGL,SELL,0.1386,38.9,2.94
Top_10_MarketCap,10,2015,BRK.B,SELL,0.0496,132.04,2.1
Top_10_MarketCap,10,2015,GE,SELL,0.0021,149.28,0.23
Top_10_MarketCap,10,2015,JNJ,SELL,0.0033,102.72,0.14
Top_10_MarketCap,10,2015,JPM,SELL,0.0041,66.03,0.11
Top_10_MarketCap,10,2015,GOOGL,SELL,0.0075,38.9,0.16
Top_10_MarketCap,10,2015,BRK.B,SELL,0.0027,132.04,0.11
Top_10_MarketCap,10,2015,GE,SELL,0.0001,149.28,0.01
Top_10_MarketCap,10,2015,JNJ,SELL,0.0002,102.72,0.01
Top_10_MarketCap,10,2015,JPM,SELL,0.0002,66.03,0.01
Top_10_MarketCap,10,2015,GOOGL,SELL,0.0004,38.9,0.01
Top_10_MarketCap,10,2015,BRK.B,SELL,0.0001,132.04,0.01
Top_10_MarketCap,10,2015,GE,SELL,0.0,149.28,0.0
Top_10_MarketCap,10,2015,JNJ,SELL,0.0,102.72,0.0
Top_10_MarketCap,10,2015,JPM,SELL,0.0,66.03,0.0
Top_10_MarketCap,10,2015,GOOGL,SELL,0.0,38.9,0.0
Top_10_MarketCap,10,2015,BRK.B,SELL,0.0,132.04,0.0
Top_10_MarketCap,10,2015,GE,SELL,0.0,149.28,0.0
Top_10_MarketCap,10,2015,JNJ,SELL,0.0,102.72,0.0
Top_10_MarketCap,10,2015,JPM,SELL,0.0,66.03,0.0
Top_10_MarketCap,10,2015,GOOGL,SELL,0.0,38.9,0.0
Top_10_MarketCap,10,2015,BRK.B,SELL,0.0,132.04,0.0
Top_10_MarketCap,10,2015,AAPL,BUY,51.2701,26.32,0.0
Top_10_MarketCap,10,2015,MSFT,BUY,7.8625,55.48,0.0
Top_10_MarketCap,10,2015,XOM,BUY,9.722,77.95,0.0
Top_10_MarketCap,10,2015,AMZN,BUY,188.401,33.79,0.0
Top_10_MarketCap,10,2015,META,BUY,52.1368,104.66,0.0
Top_10_MarketCap,10,2016,XOM,SELL,10.3578,90.26,777.56
Top_10_MarketCap,10,2016,BRK.B,SELL,1.7671,162.98,129.5
Top_10_MarketCap,10,2016,GE,SELL,0.0622,151.44,6.89
Top_10_MarketCap,10,2016,XOM,SELL,0.6564,90.26,48.23
Top_10_MarketCap,10,2016,BRK.B,SELL,0.3252,162.98,23.83
Top_10_MarketCap,10,2016,GE,SELL,0.0105,151.44,1.17
Top_10_MarketCap,10,2016,XOM,SELL,0.0258,90.26,1.81
Top_10_MarketCap,10,2016,BRK.B,SELL,0.0128,162.98,0.94
Top_10_MarketCap,10,2016,GE,SELL,0.0005,151.44,0.06
Top_10_MarketCap,10,2016,XOM,SELL,0.0013,90.26,0.09
Top_10_MarketCap,10,2016,BRK.B,SELL,0.0006,162.98,0.05
Top_10_MarketCap,10,2016,GE,SELL,0.0,151.44,0.0
Top_10_MarketCap,10,2016,XOM,SELL,0.0001,90.26,0.0
Top_10_MarketCap,10,2016,BRK.B,SELL,0.0,162.98,0.0
Top_10_MarketCap,10,2016,GE,SELL,0.0,151.44,0.0
Top_10_MarketCap,10,2016,XOM,SELL,0.0,90.26,0.0
Top_10_MarketCap,10,2016,BRK.B,SELL,0.0,162.98,0.0
Top_10_MarketCap,10,2016,XOM,SELL,0.0,90.26,0.0
Top_10_MarketCap,10,2016,AAPL,BUY,12.6212,28.95,0.0
Top_10_MarketCap,10,2016,MSFT,BUY,0.8164,62.14,0.0
Top_10_MarketCap,10,2016,AMZN,BUY,0.4447,37.49,0.0
Top_10_MarketCap,10,2016,META,BUY,3.2465,115.05,0.0
Top_10_MarketCap,10,2016,JNJ,BUY,1.9422,115.21,0.0
Top_10_MarketCap,10,2016,JPM,BUY,1.8517,86.29,0.0
Top_10_MarketCap,10,2016,GOOGL,BUY,15.9838,39.62,0.0
Top_10_MarketCap,10,2017,GE,SELL,30.3875,83.63,-196.68
Top_10_MarketCap,10,2017,MSFT,SELL,8.7973,85.54,715.96
Top_10_MarketCap,10,2017,AAPL,SELL,65.8179,42.31,2289.15
Top_10_MarketCap,10,2017,AMZN,SELL,10.9136,58.47,269.35
Top_10_MarketCap,10,2017,META,SELL,5.4959,176.46,394.61
Top_10_MarketCap,10,2017,MSFT,SELL,2.2585,85.54,180.82
Top_10_MarketCap,10,2017,AAPL,SELL,5.4499,42.31,189.55
Top_10_MarketCap,10,2017,AMZN,SELL,2.7712,58.47,68.39
Top_10_MarketCap,10,2017,META,SELL,0.777,176.46,55.79
Top_10_MarketCap,10,2017,MSFT,SELL,0.2422,85.54,19.39
Top_10_MarketCap,10,2017,AAPL,SELL,0.5844,42.31,20.33
Top_10_MarketCap,10,2017,AMZN,SELL,0.2972,58.47,7.33
Top_10_MarketCap,10,2017,META,SELL,0.0833,176.46,5.98
Top_10_MarketCap,10,2017,MSFT,SELL,0.026,85.54,2.08
Top_10_MarketCap,10,2017,AAPL,SELL,0.0627,42.31,2.18
Top_10_MarketCap,10,2017,AMZN,SELL,0.0319,58.47,0.79
Top_10_MarketCap,10,2017,META,SELL,0.0089,176.46,0.64
Top_10_MarketCap,10,2017,MSFT,SELL,0.0028,85.54,0.22
Top_10_MarketCap,10,2017,AAPL,SELL,0.0067,42.31,0.23
Top_10_MarketCap,10,2017,AMZN,SELL,0.0034,58.47,0.08
Top_10_MarketCap,10,2017,META,SELL,0.001,176.46,0.07
Top_10_MarketCap,10,2017,MSFT,SELL,0.0003,85.54,0.02
Top_10_MarketCap,10,2017,AAPL,SELL,0.0007,42.31,0.03
Top_10_MarketCap,10,2017,AMZN,SELL,0.0004,58.47,0.01
Top_10_MarketCap,10,2017,META,SELL,0.0001,176.46,0.01
Top_10_MarketCap,10,2017,MSFT,SELL,0.0,85.54,0.0
Top_10_MarketCap,10,2017,AAPL,SELL,0.0001,42.31,0.0
Top_10_MarketCap,10,2017,AMZN,SELL,0.0,58.47,0.0
Top_10_MarketCap,10,2017,META,SELL,0.0,176.46,0.0
Top_10_MarketCap,10,2017,MSFT,SELL,0.0,85.54,0.0
Top_10_MarketCap,10,2017,AAPL,SELL,0.0,42.31,0.0
Top_10_MarketCap,10,2017,AMZN,SELL,0.0,58.47,0.0
Top_10_MarketCap,10,2017,META,SELL,0.0,176.46,0.0
Top_10_MarketCap,10,2017,MSFT,SELL,0.0,85.54,0.0
Top_10_MarketCap,10,2017,AAPL,SELL,0.0,42.31,0.0
Top_10_MarketCap,10,2017,AMZN,SELL,0.0,58.47,0.0
Top_10_MarketCap,10,2017,META,SELL,0.0,176.46,0.0
Top_10_MarketCap,10,2017,BRK.B,BUY,4.7288,198.22,0.0
Top_10_MarketCap,10,2017,JNJ,BUY,4.3033,139.72,0.0
Top_10_MarketCap,10,2017,JPM,BUY,4.6412,106.94,0.0
Top_10_MarketCap,10,2017,GOOGL,BUY,1.8132,52.67,0.0
Top_10_MarketCap,10,2017,XOM,BUY,0.694,83.64,0.0
Top_10_MarketCap,10,2017,BAC,BUY,199.7771,29.52,0.0
Top_10_MarketCap,10,2018,XOM,SELL,75.2102,68.19,912.2
Top_10_MarketCap,10,2018,MSFT,SELL,3.1557,101.57,303.23
Top_10_MarketCap,10,2018,JNJ,SELL,2.647,129.05,185.16
Top_10_MarketCap,10,2018,JPM,SELL,6.069,97.62,355.7
Top_10_MarketCap,10,2018,AAPL,SELL,11.2627,39.44,359.39
Top_10_MarketCap,10,2018,BRK.B,SELL,6.153,204.18,704.39
Top_10_MarketCap,10,2018,AMZN,SELL,9.3727,75.1,387.19
Top_10_MarketCap,10,2018,META,SELL,1.6233,131.09,42.9
Top_10_MarketCap,10,2018,BAC,SELL,199.7771,24.64,-974.91
Top_10_MarketCap,10,2018,MSFT,SELL,1.6594,101.57,159.46
Top_10_MarketCap,10,2018,JNJ,SELL,0.6053,129.05,42.34
Top_10_MarketCap,10,2018,JPM,SELL,0.7159,97.62,41.96
Top_10_MarketCap,10,2018,AAPL,SELL,3.9609,39.44,126.39
Top_10_MarketCap,10,2018,BRK.B,SELL,0.4228,204.18,48.4
Top_10_MarketCap,10,2018,AMZN,SELL,1.9706,75.1,81.41
Top_10_MarketCap,10,2018,META,SELL,0.5645,131.09,14.92
Top_10_MarketCap,10,2018,MSFT,SELL,0.2464,101.57,23.68
Top_10_MarketCap,10,2018,JNJ,SELL,0.0899,129.05,6.29
Top_10_MarketCap,10,2018,JPM,SELL,0.1063,97.62,6.23
Top_10_MarketCap,10,2018,AAPL,SELL,0.5882,39.44,18.77
Top_10_MarketCap,10,2018,BRK.B,SELL,0.0628,204.18,7.19
Top_10_MarketCap,10,2018,AMZN,SELL,0.2927,75.1,12.09
Top_10_MarketCap,10,2018,META,SELL,0.0838,131.09,2.22
Top_10_MarketCap,10,2018,MSFT,SELL,0.0366,101.57,3.52
Top_10_MarketCap,10,2018,JNJ,SELL,0.0133,129.05,0.93
Top_10_MarketCap,10,2018,JPM,SELL,0.0158,97.62,0.93
Top_10_MarketCap,10,2018,AAPL,SELL,0.0874,39.44,2.79
Top_10_MarketCap,10,2018,BRK.B,SELL,0.0093,204.18,1.07
Top_10_MarketCap,10,2018,AMZN,SELL,0.0435,75.1,1.8
Top_10_MarketCap,10,2018,META,SELL,0.0124,131.09,0.33
Top_10_MarketCap,10,2018,MSFT,SELL,0.0054,101.57,0.52
Top_10_MarketCap,10,2018,JNJ,SELL,0.002,129.05,0.14
Top_10_MarketCap,10,2018,JPM,SELL,0.0023,97.62,0.14
Top_10_MarketCap,10,2018,AAPL,SELL,0.013,39.44,0.41
Top_10_MarketCap,10,2018,BRK.B,SELL,0.0014,204.18,0.16
Top_10_MarketCap,10,2018,AMZN,SELL,0.0065,75.1,0.27
Top_10_MarketCap,10,2018,META,SELL,0.0018,131.09,0.05
Top_10_MarketCap,10,2018,MSFT,SELL,0.0008,101.57,0.08
Top_10_MarketCap,10,2018,JNJ,SELL,0.0003,129.05,0.02
Top_10_MarketCap,10,2018,JPM,SELL,0.0003,97.62,0.02
Top_10_MarketCap,10,2018,AAPL,SELL,0.0019,39.44,0.06
Top_10_MarketCap,10,2018,BRK.B,SELL,0.0002,204.18,0.02
Top_10_MarketCap,10,2018,AMZN,SELL,0.001,75.1,0.04
Top_10_MarketCap,10,2018,META,SELL,0.0003,131.09,0.01
Top_10_MarketCap,10,2018,MSFT,SELL,0.0001,101.57,0.01
Top_10_MarketCap,10,2018,JNJ,SELL,0.0,129.05,0.0
Top_10_MarketCap,10,2018,JPM,SELL,0.0001,97.62,0.0
Top_10_MarketCap,10,2018,AAPL,SELL,0.0003,39.44,0.01
Top_10_MarketCap,10,2018,BRK.B,SELL,0.0,204.18,0.0
Top_10_MarketCap,10,2018,AMZN,SELL,0.0001,75.1,0.01
Top_10_MarketCap,10,2018,META,SELL,0.0,131.09,0.0
Top_10_MarketCap,10,2018,MSFT,SELL,0.0,101.57,0.0
Top_10_MarketCap,10,2018,JNJ,SELL,0.0,129.05,0.0
Top_10_MarketCap,10,2018,JPM,SELL,0.0,97.62,0.0
Top_10_MarketCap,10,2018,AAPL,SELL,0.0,39.44,0.0
Top_10_MarketCap,10,2018,BRK.B,SELL,0.0,204.18,0.0
Top_10_MarketCap,10,2018,AMZN,SELL,0.0,75.1,0.0
Top_10_MarketCap,10,2018,META,SELL,0.0,131.09,0.0
Top_10_MarketCap,10,2018,MSFT,SELL,0.0,101.57,0.0
Top_10_MarketCap,10,2018,JNJ,SELL,0.0,129.05,0.0
Top_10_MarketCap,10,2018,JPM,SELL,0.0,97.62,0.0
Top_10_MarketCap,10,2018,AAPL,SELL,0.0,39.44,0.0
Top_10_MarketCap,10,2018,BRK.B,SELL,0.0,204.18,0.0
Top_10_MarketCap,10,2018,AMZN,SELL,0.0,75.1,0.0
Top_10_MarketCap,10,2018,META,SELL,0.0,131.09,0.0
Top_10_MarketCap,10,2018,MSFT,SELL,0.0,101.57,0.0
Top_10_MarketCap,10,2018,JNJ,SELL,0.0,129.05,0.0
Top_10_MarketCap,10,2018,JPM,SELL,0.0,97.62,0.0
Top_10_MarketCap,10,2018,AAPL,SELL,0.0,39.44,0.0
Top_10_MarketCap,10,2018,BRK.B,SELL,0.0,204.18,0.0
Top_10_MarketCap,10,2018,AMZN,SELL,0.0,75.1,0.0
Top_10_MarketCap,10,2018,META,SELL,0.0,131.09,0.0
Top_10_MarketCap,10,2018,AAPL,SELL,0.0,39.44,0.0
Top_10_MarketCap,10,2018,GOOGL,BUY,81.5334,52.25,0.0
Top_10_MarketCap,10,2018,V,BUY,41.2709,131.94,0.0
Top_10_MarketCap,10,2018,PG,BUY,55.5369,91.92,0.0
Top_10_MarketCap,10,2019,MSFT,SELL,3.2984,157.7,494.59
Top_10_MarketCap,10,2019,AAPL,SELL,33.6106,73.41,2214.27
Top_10_MarketCap,10,2019,GOOGL,SELL,23.1121,66.97,1138.73
Top_10_MarketCap,10,2019,AMZN,SELL,3.9335,92.39,230.5
Top_10_MarketCap,10,2019,V,SELL,2.1299,187.9,119.19
Top_10_MarketCap,10,2019,PG,SELL,0.3333,124.9,10.99
Top_10_MarketCap,10,2019,MSFT,SELL,1.7268,157.7,244.4
Top_10_MarketCap,10,2019,AAPL,SELL,3.7901,73.41,249.69
Top_10_MarketCap,10,2019,GOOGL,SELL,2.3866,66.97,117.59
Top_10_MarketCap,10,2019,AMZN,SELL,2.0504,92.39,120.15
Top_10_MarketCap,10,2019,V,SELL,0.5041,187.9,28.21
Top_10_MarketCap,10,2019,PG,SELL,0.7109,124.9,23.45
Top_10_MarketCap,10,2019,MSFT,SELL,0.2549,157.7,36.08
Top_10_MarketCap,10,2019,AAPL,SELL,0.5594,73.41,36.86
Top_10_MarketCap,10,2019,GOOGL,SELL,0.3523,66.97,17.36
Top_10_MarketCap,10,2019,AMZN,SELL,0.3026,92.39,17.73
Top_10_MarketCap,10,2019,V,SELL,0.0744,187.9,4.16
Top_10_MarketCap,10,2019,PG,SELL,0.1049,124.9,3.46
Top_10_MarketCap,10,2019,MSFT,SELL,0.0376,157.7,5.32
Top_10_MarketCap,10,2019,AAPL,SELL,0.0826,73.41,5.44
Top_10_MarketCap,10,2019,GOOGL,SELL,0.052,66.97,2.56
Top_10_MarketCap,10,2019,AMZN,SELL,0.0447,92.39,2.62
Top_10_MarketCap,10,2019,V,SELL,0.011,187.9,0.61
Top_10_MarketCap,10,2019,PG,SELL,0.0155,124.9,0.51
Top_10_MarketCap,10,2019,MSFT,SELL,0.0056,157.7,0.79
Top_10_MarketCap,10,2019,AAPL,SELL,0.0122,73.41,0.8
Top_10_MarketCap,10,2019,GOOGL,SELL,0.0077,66.97,0.38
Top_10_MarketCap,10,2019,AMZN,SELL,0.0066,92.39,0.39
Top_10_MarketCap,10,2019,V,SELL,0.0016,187.9,0.09
Top_10_MarketCap,10,2019,PG,SELL,0.0023,124.9,0.08
Top_10_MarketCap,10,2019,MSFT,SELL,0.0008,157.7,0.12
Top_10_MarketCap,10,2019,AAPL,SELL,0.0018,73.41,0.12
Top_10_MarketCap,10,2019,GOOGL,SELL,0.0011,66.97,0.06
Top_10_MarketCap,10,2019,AMZN,SELL,0.001,92.39,0.06
Top_10_MarketCap,10,2019,V,SELL,0.0002,187.9,0.01
Top_10_MarketCap,10,2019,PG,SELL,0.0003,124.9,0.01
Top_10_MarketCap,10,2019,MSFT,SELL,0.0001,157.7,0.02
Top_10_MarketCap,10,2019,AAPL,SELL,0.0003,73.41,0.02
Top_10_MarketCap,10,2019,GOOGL,SELL,0.0002,66.97,0.01
Top_10_MarketCap,10,2019,AMZN,SELL,0.0001,92.39,0.01
Top_10_MarketCap,10,2019,V,SELL,0.0,187.9,0.0
Top_10_MarketCap,10,2019,PG,SELL,0.0,124.9,0.0
Top_10_MarketCap,10,2019,MSFT,SELL,0.0,157.7,0.0
Top_10_MarketCap,10,2019,AAPL,SELL,0.0,73.41,0.0
Top_10_MarketCap,10,2019,GOOGL,SELL,0.0,66.97,0.0
Top_10_MarketCap,10,2019,AMZN,SELL,0.0,92.39,0.0
Top_10_MarketCap,10,2019,V,SELL,0.0,187.9,0.0
Top_10_MarketCap,10,2019,PG,SELL,0.0,124.9,0.0
Top_10_MarketCap,10,2019,MSFT,SELL,0.0,157.7,0.0
Top_10_MarketCap,10,2019,AAPL,SELL,0.0,73.41,0.0
Top_10_MarketCap,10,2019,GOOGL,SELL,0.0,66.97,0.0
Top_10_MarketCap,10,2019,AMZN,SELL,0.0,92.39,0.0
Top_10_MarketCap,10,2019,V,SELL,0.0,187.9,0.0
Top_10_MarketCap,10,2019,PG,SELL,0.0,124.9,0.0
Top_10_MarketCap,10,2019,MSFT,SELL,0.0,157.7,0.0
Top_10_MarketCap,10,2019,AAPL,SELL,0.0,73.41,0.0
Top_10_MarketCap,10,2019,GOOGL,SELL,0.0,66.97,0.0
Top_10_MarketCap,10,2019,AMZN,SELL,0.0,92.39,0.0
Top_10_MarketCap,10,2019,V,SELL,0.0,187.9,0.0
Top_10_MarketCap,10,2019,PG,SELL,0.0,124.9,0.0
Top_10_MarketCap,10,2019,AAPL,SELL,0.0,73.41,0.0
Top_10_MarketCap,10,2019,META,BUY,15.0284,205.25,0.0
Top_10_MarketCap,10,2019,BRK.B,BUY,6.9707,226.5,0.0
Top_10_MarketCap,10,2019,JPM,BUY,2.4379,139.4,0.0
Top_10_MarketCap,10,2019,JNJ,BUY,5.7574,145.87,0.0
Top_10_MarketCap,10,2020,JNJ,SELL,6.6608,157.38,654.62
Top_10_MarketCap,10,2020,JPM,SELL,5.4524,127.07,480.14
Top_10_MarketCap,10,2020,BRK.B,SELL,6.0084,231.87,854.21
Top_10_MarketCap,10,2020,META,SELL,15.9657,273.16,2690.23
Top_10_MarketCap,10,2020,V,SELL,5.8702,218.73,509.48
Top_10_MarketCap,10,2020,PG,SELL,54.3695,139.14,2567.33
Top_10_MarketCap,10,2020,JNJ,SELL,0.7762,157.38,76.29
Top_10_MarketCap,10,2020,JPM,SELL,0.8874,127.07,78.15
Top_10_MarketCap,10,2020,BRK.B,SELL,0.5674,231.87,80.66
Top_10_MarketCap,10,2020,META,SELL,0.7224,273.16,121.73
Top_10_MarketCap,10,2020,V,SELL,0.5155,218.73,44.74
Top_10_MarketCap,10,2020,JNJ,SELL,0.0349,157.38,3.43
Top_10_MarketCap,10,2020,JPM,SELL,0.0399,127.07,3.52
Top_10_MarketCap,10,2020,BRK.B,SELL,0.0255,231.87,3.63
Top_10_MarketCap,10,2020,META,SELL,0.0325,273.16,5.48
Top_10_MarketCap,10,2020,V,SELL,0.0232,218.73,2.01
Top_10_MarketCap,10,2020,JNJ,SELL,0.0016,157.38,0.15
Top_10_MarketCap,10,2020,JPM,SELL,0.0018,127.07,0.16
Top_10_MarketCap,10,2020,BRK.B,SELL,0.0011,231.87,0.16
Top_10_MarketCap,10,2020,META,SELL,0.0015,273.16,0.25
Top_10_MarketCap,10,2020,V,SELL,0.001,218.73,0.09
Top_10_MarketCap,10,2020,JNJ,SELL,0.0001,157.38,0.01
Top_10_MarketCap,10,2020,JPM,SELL,0.0001,127.07,0.01
Top_10_MarketCap,10,2020,BRK.B,SELL,0.0001,231.87,0.01
Top_10_MarketCap,10,2020,META,SELL,0.0001,273.16,0.01
Top_10_MarketCap,10,2020,V,SELL,0.0,218.73,0.0
Top_10_MarketCap,10,2020,JNJ,SELL,0.0,157.38,0.0
Top_10_MarketCap,10,2020,JPM,SELL,0.0,127.07,0.0
Top_10_MarketCap,10,2020,BRK.B,SELL,0.0,231.87,0.0
Top_10_MarketCap,10,2020,META,SELL,0.0,273.16,0.0
Top_10_MarketCap,10,2020,V,SELL,0.0,218.73,0.0
Top_10_MarketCap,10,2020,JNJ,SELL,0.0,157.38,0.0
Top_10_MarketCap,10,2020,JPM,SELL,0.0,127.07,0.0
Top_10_MarketCap,10,2020,BRK.B,SELL,0.0,231.87,0.0
Top_10_MarketCap,10,2020,META,SELL,0.0,273.16,0.0
Top_10_MarketCap,10,2020,AAPL,BUY,5.9565,132.69,0.0
Top_10_MarketCap,10,2020,MSFT,BUY,7.5404,222.42,0.0
Top_10_MarketCap,10,2020,AMZN,BUY,1.4802,162.85,0.0
Top_10_MarketCap,10,2020,GOOGL,BUY,31.4066,87.63,0.0
Top_10_MarketCap,10,2020,TSLA,BUY,42.3391,235.22,0.0
Top_10_MarketCap,10,2021,MSFT,SELL,11.0019,336.32,3522.36
Top_10_MarketCap,10,2021,JPM,SELL,55.323,158.35,5902.06
Top_10_MarketCap,10,2021,AAPL,SELL,24.7487,177.57,4208.27
Top_10_MarketCap,10,2021,GOOGL,SELL,11.6669,144.85,1483.45
Top_10_MarketCap,10,2021,V,SELL,32.1396,216.71,2724.47
Top_10_MarketCap,10,2021,MSFT,SELL,3.2711,336.32,1047.27
Top_10_MarketCap,10,2021,AAPL,SELL,6.895,177.57,1172.42
Top_10_MarketCap,10,2021,GOOGL,SELL,5.145,144.85,654.19
Top_10_MarketCap,10,2021,AMZN,SELL,3.335,166.72,443.33
Top_10_MarketCap,10,2021,META,SELL,0.5719,336.35,132.51
Top_10_MarketCap,10,2021,MSFT,SELL,0.5981,336.32,191.48
Top_10_MarketCap,10,2021,AAPL,SELL,1.2606,177.57,214.36
Top_10_MarketCap,10,2021,GOOGL,SELL,0.9407,144.85,119.61
Top_10_MarketCap,10,2021,AMZN,SELL,0.7395,166.72,98.3
Top_10_MarketCap,10,2021,META,SELL,0.2122,336.35,49.16
Top_10_MarketCap,10,2021,MSFT,SELL,0.1167,336.32,37.35
Top_10_MarketCap,10,2021,AAPL,SELL,0.2459,177.57,41.81
Top_10_MarketCap,10,2021,GOOGL,SELL,0.1835,144.85,23.33
Top_10_MarketCap,10,2021,AMZN,SELL,0.1442,166.72,19.17
Top_10_MarketCap,10,2021,META,SELL,0.0414,336.35,9.59
Top_10_MarketCap,10,2021,MSFT,SELL,0.0228,336.32,7.29
Top_10_MarketCap,10,2021,AAPL,SELL,0.048,177.57,8.16
Top_10_MarketCap,10,2021,GOOGL,SELL,0.0358,144.85,4.55
Top_10_MarketCap,10,2021,AMZN,SELL,0.0281,166.72,3.74
Top_10_MarketCap,10,2021,META,SELL,0.0081,336.35,1.87
Top_10_MarketCap,10,2021,MSFT,SELL,0.0044,336.32,1.42
Top_10_MarketCap,10,2021,AAPL,SELL,0.0094,177.57,1.59
Top_10_MarketCap,10,2021,GOOGL,SELL,0.007,144.85,0.89
Top_10_MarketCap,10,2021,AMZN,SELL,0.0055,166.72,0.73
Top_10_MarketCap,10,2021,META,SELL,0.0016,336.35,0.36
Top_10_MarketCap,10,2021,MSFT,SELL,0.0009,336.32,0.28
Top_10_MarketCap,10,2021,AAPL,SELL,0.0018,177.57,0.31
Top_10_MarketCap,10,2021,GOOGL,SELL,0.0014,144.85,0.17
Top_10_MarketCap,10,2021,AMZN,SELL,0.0011,166.72,0.14
Top_10_MarketCap,10,2021,META,SELL,0.0003,336.35,0.07
Top_10_MarketCap,10,2021,MSFT,SELL,0.0002,336.32,0.05
Top_10_MarketCap,10,2021,AAPL,SELL,0.0004,177.57,0.06
Top_10_MarketCap,10,2021,GOOGL,SELL,0.0003,144.85,0.03
Top_10_MarketCap,10,2021,AMZN,SELL,0.0002,166.72,0.03
Top_10_MarketCap,10,2021,META,SELL,0.0001,336.35,0.01
Top_10_MarketCap,10,2021,MSFT,SELL,0.0,336.32,0.01
Top_10_MarketCap,10,2021,AAPL,SELL,0.0001,177.57,0.01
Top_10_MarketCap,10,2021,GOOGL,SELL,0.0001,144.85,0.01
Top_10_MarketCap,10,2021,AMZN,SELL,0.0,166.72,0.01
Top_10_MarketCap,10,2021,META,SELL,0.0,336.35,0.0
Top_10_MarketCap,10,2021,MSFT,SELL,0.0,336.32,0.0
Top_10_MarketCap,10,2021,AAPL,SELL,0.0,177.57,0.0
Top_10_MarketCap,10,2021,GOOGL,SELL,0.0,144.85,0.0
Top_10_MarketCap,10,2021,AMZN,SELL,0.0,166.72,0.0
Top_10_MarketCap,10,2021,META,SELL,0.0,336.35,0.0
Top_10_MarketCap,10,2021,MSFT,SELL,0.0,336.32,0.0
Top_10_MarketCap,10,2021,AAPL,SELL,0.0,177.57,0.0
Top_10_MarketCap,10,2021,GOOGL,SELL,0.0,144.85,0.0
Top_10_MarketCap,10,2021,AMZN,SELL,0.0,166.72,0.0
Top_10_MarketCap,10,2021,META,SELL,0.0,336.35,0.0
Top_10_MarketCap,10,2021,MSFT,SELL,0.0,336.32,0.0
Top_10_MarketCap,10,2021,AAPL,SELL,0.0,177.57,0.0
Top_10_MarketCap,10,2021,GOOGL,SELL,0.0,144.85,0.0
Top_10_MarketCap,10,2021,AMZN,SELL,0.0,166.72,0.0
Top_10_MarketCap,10,2021,META,SELL,0.0,336.35,0.0
Top_10_MarketCap,10,2021,AAPL,SELL,0.0,177.57,0.0
Top_10_MarketCap,10,2021,TSLA,BUY,1.7844,352.26,0.0
Top_10_MarketCap,10,2021,NVDA,BUY,413.6023,29.41,0.0
Top_10_MarketCap,10,2021,BRK.B,BUY,0.7909,299.0,0.0
Top_10_MarketCap,10,2021,UNH,BUY,20.187,502.14,0.0
Top_10_MarketCap,10,2021,JNJ,BUY,6.9138,171.07,0.0
Top_10_MarketCap,10,2022,MSFT,SELL,2.6846,239.82,600.43
Top_10_MarketCap,10,2022,JNJ,SELL,8.8528,176.65,1058.81
Top_10_MarketCap,10,2022,AAPL,SELL,13.9231,129.93,1704.19
Top_10_MarketCap,10,2022,BRK.B,SELL,4.6172,308.9,1012.09
Top_10_MarketCap,10,2022,META,SELL,44.2015,120.34,-852.36
Top_10_MarketCap,10,2022,TSLA,SELL,44.1235,123.18,-5152.44
Top_10_MarketCap,10,2022,UNH,SELL,2.7752,530.18,77.82
Top_10_MarketCap,10,2022,MSFT,SELL,0.2387,239.82,53.39
Top_10_MarketCap,10,2022,JNJ,SELL,0.091,176.65,11.37
Top_10_MarketCap,10,2022,AAPL,SELL,0.4869,129.93,59.6
Top_10_MarketCap,10,2022,BRK.B,SELL,0.0618,308.9,13.54
Top_10_MarketCap,10,2022,UNH,SELL,0.0341,530.18,0.96
Top_10_MarketCap,10,2022,GOOGL,BUY,1.2988,88.23,0.0
Top_10_MarketCap,10,2022,AMZN,BUY,10.4946,84.0,0.0
Top_10_MarketCap,10,2022,XOM,BUY,78.889,110.3,0.0
Top_10_MarketCap,10,2022,JPM,BUY,57.2539,134.1,0.0
Top_10_MarketCap,10,2022,NVDA,BUY,76.8769,14.61,0.0
Top_10_MarketCap,10,2023,JNJ,SELL,46.3606,156.74,2575.0
Top_10_MarketCap,10,2023,AAPL,SELL,0.0471,192.53,8.72
Top_10_MarketCap,10,2023,GOOGL,SELL,96.6569,139.69,10905.76
Top_10_MarketCap,10,2023,AMZN,SELL,11.9344,151.94,1410.05
Top_10_MarketCap,10,2023,NVDA,SELL,8.1105,49.52,163.1
Top_10_MarketCap,10,2023,XOM,SELL,78.889,99.98,-814.13
Top_10_MarketCap,10,2023,JPM,SELL,3.5606,170.1,128.18
Top_10_MarketCap,10,2023,AAPL,SELL,4.9426,192.53,914.38
Top_10_MarketCap,10,2023,GOOGL,SELL,2.0036,139.69,175.19
Top_10_MarketCap,10,2023,AMZN,SELL,3.0394,151.94,359.1
Top_10_MarketCap,10,2023,NVDA,SELL,9.6082,49.52,193.22
Top_10_MarketCap,10,2023,JPM,SELL,1.0695,170.1,38.5
Top_10_MarketCap,10,2023,AAPL,SELL,0.5762,192.53,106.6
Top_10_MarketCap,10,2023,GOOGL,SELL,0.2336,139.69,20.42
Top_10_MarketCap,10,2023,AMZN,SELL,0.3543,151.94,41.86
Top_10_MarketCap,10,2023,NVDA,SELL,1.1201,49.52,22.53
Top_10_MarketCap,10,2023,JPM,SELL,0.1247,170.1,4.49
Top_10_MarketCap,10,2023,AAPL,SELL,0.0672,192.53,12.43
Top_10_MarketCap,10,2023,GOOGL,SELL,0.0272,139.69,2.38
Top_10_MarketCap,10,2023,AMZN,SELL,0.0413,151.94,4.88
Top_10_MarketCap,10,2023,NVDA,SELL,0.1306,49.52,2.63
Top_10_MarketCap,10,2023,JPM,SELL,0.0145,170.1,0.52
Top_10_MarketCap,10,2023,AAPL,SELL,0.0078,192.53,1.45
Top_10_MarketCap,10,2023,GOOGL,SELL,0.0032,139.69,0.28
Top_10_MarketCap,10,2023,AMZN,SELL,0.0048,151.94,0.57
Top_10_MarketCap,10,2023,NVDA,SELL,0.0152,49.52,0.31
Top_10_MarketCap,10,2023,JPM,SELL,0.0017,170.1,0.06
Top_10_MarketCap,10,2023,AAPL,SELL,0.0009,192.53,0.17
Top_10_MarketCap,10,2023,GOOGL,SELL,0.0004,139.69,0.03
Top_10_MarketCap,10,2023,AMZN,SELL,0.0006,151.94,0.07
Top_10_MarketCap,10,2023,NVDA,SELL,0.0018,49.52,0.04
Top_10_MarketCap,10,2023,JPM,SELL,0.0002,170.1,0.01
Top_10_MarketCap,10,2023,AAPL,SELL,0.0001,192.53,0.02
Top_10_MarketCap,10,2023,GOOGL,SELL,0.0,139.69,0.0
Top_10_MarketCap,10,2023,AMZN,SELL,0.0001,151.94,0.01
Top_10_MarketCap,10,2023,NVDA,SELL,0.0002,49.52,0.0
Top_10_MarketCap,10,2023,JPM,SELL,0.0,170.1,0.0
Top_10_MarketCap,10,2023,AAPL,SELL,0.0,192.53,0.0
Top_10_MarketCap,10,2023,GOOGL,SELL,0.0,139.69,0.0
Top_10_MarketCap,10,2023,AMZN,SELL,0.0,151.94,0.0
Top_10_MarketCap,10,2023,NVDA,SELL,0.0,49.52,0.0
Top_10_MarketCap,10,2023,JPM,SELL,0.0,170.1,0.0
Top_10_MarketCap,10,2023,AAPL,SELL,0.0,192.53,0.0
Top_10_MarketCap,10,2023,GOOGL,SELL,0.0,139.69,0.0
Top_10_MarketCap,10,2023,AMZN,SELL,0.0,151.94,0.0
Top_10_MarketCap,10,2023,NVDA,SELL,0.0,49.52,0.0
Top_10_MarketCap,10,2023,JPM,SELL,0.0,170.1,0.0
Top_10_MarketCap,10,2023,AAPL,SELL,0.0,192.53,0.0
Top_10_MarketCap,10,2023,AMZN,SELL,0.0,151.94,0.0
Top_10_MarketCap,10,2023,NVDA,SELL,0.0,49.52,0.0
Top_10_MarketCap,10,2023,MSFT,BUY,8.0028,376.04,0.0
Top_10_MarketCap,10,2023,META,BUY,40.7419,353.96,0.0
Top_10_MarketCap,10,2023,BRK.B,BUY,3.1741,356.66,0.0
Top_10_MarketCap,10,2023,TSLA,BUY,46.9823,248.48,0.0
Top_10_MarketCap,10,2023,UNH,BUY,0.8836,526.47,0.0
Top_10_MarketCap,10,2024,NVDA,SELL,29.5473,134.29,3098.92
Top_10_MarketCap,10,2024,UNH,SELL,18.2613,505.86,46.43
Top_10_MarketCap,10,2024,JPM,SELL,1.509,239.71,159.37
Top_10_MarketCap,10,2024,META,SELL,0.495,585.51,114.62
Top_10_MarketCap,10,2024,TSLA,SELL,10.242,403.84,1591.19
Top_10_MarketCap,10,2024,BRK.B,SELL,0.2056,453.28,74.77
Top_10_MarketCap,10,2024,NVDA,SELL,2.6371,134.29,276.58
Top_10_MarketCap,10,2024,JPM,SELL,0.3042,239.71,32.12
Top_10_MarketCap,10,2024,META,SELL,0.2402,585.51,55.61
Top_10_MarketCap,10,2024,TSLA,SELL,0.2192,403.84,34.06
Top_10_MarketCap,10,2024,BRK.B,SELL,0.0158,453.28,5.74
Top_10_MarketCap,10,2024,NVDA,SELL,0.2013,134.29,21.12
Top_10_MarketCap,10,2024,JPM,SELL,0.0232,239.71,2.45
Top_10_MarketCap,10,2024,META,SELL,0.0183,585.51,4.25
Top_10_MarketCap,10,2024,TSLA,SELL,0.0167,403.84,2.6
Top_10_MarketCap,10,2024,BRK.B,SELL,0.0012,453.28,0.44
Top_10_MarketCap,10,2024,NVDA,SELL,0.0154,134.29,1.61
Top_10_MarketCap,10,2024,JPM,SELL,0.0018,239.71,0.19
Top_10_MarketCap,10,2024,META,SELL,0.0014,585.51,0.32
Top_10_MarketCap,10,2024,TSLA,SELL,0.0013,403.84,0.2
Top_10_MarketCap,10,2024,BRK.B,SELL,0.0001,453.28,0.03
Top_10_MarketCap,10,2024,NVDA,SELL,0.0012,134.29,0.12
Top_10_MarketCap,10,2024,JPM,SELL,0.0001,239.71,0.01
Top_10_MarketCap,10,2024,META,SELL,0.0001,585.51,0.02
Top_10_MarketCap,10,2024,TSLA,SELL,0.0001,403.84,0.02
Top_10_MarketCap,10,2024,BRK.B,SELL,0.0,453.28,0.0
Top_10_MarketCap,10,2024,NVDA,SELL,0.0001,134.29,0.01
Top_10_MarketCap,10,2024,JPM,SELL,0.0,239.71,0.0
Top_10_MarketCap,10,2024,META,SELL,0.0,585.51,0.0
Top_10_MarketCap,10,2024,TSLA,SELL,0.0,403.84,0.0
Top_10_MarketCap,10,2024,BRK.B,SELL,0.0,453.28,0.0
Top_10_MarketCap,10,2024,NVDA,SELL,0.0,134.29,0.0
Top_10_MarketCap,10,2024,JPM,SELL,0.0,239.71,0.0
Top_10_MarketCap,10,2024,META,SELL,0.0,585.51,0.0
Top_10_MarketCap,10,2024,TSLA,SELL,0.0,403.84,0.0
Top_10_MarketCap,10,2024,NVDA,SELL,0.0,134.29,0.0
Top_10_MarketCap,10,2024,AAPL,BUY,3.3123,250.42,0.0
Top_10_MarketCap,10,2024,MSFT,BUY,4.064,421.5,0.0
Top_10_MarketCap,10,2024,AMZN,BUY,1.0466,219.39,0.0
Top_10_MarketCap,10,2024,GOOGL,BUY,7.0377,189.3,0.0
Top_10_MarketCap,10,2024,AVGO,BUY,59.8439,231.84,0.0
World_Top_3_MarketCap,3,1994,GE,BUY,87.6639,40.74,0.0
World_Top_3_MarketCap,3,1994,SHEL,BUY,121.9642,26.94,0.0
World_Top_3_MarketCap,3,1994,T,BUY,62.5444,50.25,0.0
World_Top_3_MarketCap,3,1995,GE,SELL,0.3553,57.51,5.96
World_Top_3_MarketCap,3,1995,T,SELL,62.5444,64.75,906.89
World_Top_3_MarketCap,3,1995,GE,SELL,2.4367,57.51,40.86
World_Top_3_MarketCap,3,1995,GE,SELL,0.0778,57.51,1.3
World_Top_3_MarketCap,3,1995,GE,SELL,0.0025,57.51,0.04
World_Top_3_MarketCap,3,1995,GE,SELL,0.0001,57.51,0.0
World_Top_3_MarketCap,3,1995,GE,SELL,0.0,57.51,0.0
World_Top_3_MarketCap,3,1995,SHEL,BUY,0.8972,35.28,0.0
World_Top_3_MarketCap,3,1995,KO,BUY,223.8115,18.56,0.0
World_Top_3_MarketCap,3,1996,GE,SELL,0.2349,78.98,8.98
World_Top_3_MarketCap,3,1996,GE,SELL,0.5177,78.98,19.8
World_Top_3_MarketCap,3,1996,GE,SELL,0.0276,78.98,1.06
World_Top_3_MarketCap,3,1996,GE,SELL,0.0015,78.98,0.06
World_Top_3_MarketCap,3,1996,GE,SELL,0.0001,78.98,0.0
World_Top_3_MarketCap,3,1996,GE,SELL,0.0,78.98,0.0
World_Top_3_MarketCap,3,1996,GE,SELL,0.0,78.98,0.0
World_Top_3_MarketCap,3,1996,KO,BUY,2.2891,26.31,0.0
World_Top_3_MarketCap,3,1996,SHEL,BUY,5.7663,42.69,0.0
World_Top_3_MarketCap,3,1997,GE,SELL,2.0266,117.22,155.0
World_Top_3_MarketCap,3,1997,SHEL,SELL,128.6276,54.19,3406.8
World_Top_3_MarketCap,3,1997,KO,SELL,7.7336,33.34,114.3
World_Top_3_MarketCap,3,1997,GE,SELL,4.0471,117.22,309.52
World_Top_3_MarketCap,3,1997,KO,SELL,10.7797,33.34,159.32
World_Top_3_MarketCap,3,1997,GE,SELL,0.4658,117.22,35.63
World_Top_3_MarketCap,3,1997,KO,SELL,1.2408,33.34,18.34
World_Top_3_MarketCap,3,1997,GE,SELL,0.0536,117.22,4.1
World_Top_3_MarketCap,3,1997,KO,SELL,0.1428,33.34,2.11
World_Top_3_MarketCap,3,1997,GE,SELL,0.0062,117.22,0.47
World_Top_3_MarketCap,3,1997,KO,SELL,0.0164,33.34,0.24
World_Top_3_MarketCap,3,1997,GE,SELL,0.0007,117.22,0.05
World_Top_3_MarketCap,3,1997,KO,SELL,0.0019,33.34,0.03
World_Top_3_MarketCap,3,1997,GE,SELL,0.0001,117.22,0.01
World_Top_3_MarketCap,3,1997,KO,SELL,0.0002,33.34,0.0
World_Top_3_MarketCap,3,1997,GE,SELL,0.0,117.22,0.0
World_Top_3_MarketCap,3,1997,KO,SELL,0.0,33.34,0.0
World_Top_3_MarketCap,3,1997,GE,SELL,0.0,117.22,0.0
World_Top_3_MarketCap,3,1997,KO,SELL,0.0,33.34,0.0
World_Top_3_MarketCap,3,1997,GE,SELL,0.0,117.22,0.0
World_Top_3_MarketCap,3,1997,KO,SELL,0.0,33.34,0.0
World_Top_3_MarketCap,3,1997,MSFT,BUY,459.4149,16.16,0.0
World_Top_3_MarketCap,3,1998,KO,SELL,206.185,33.5,3062.66
World_Top_3_MarketCap,3,1998,MSFT,SELL,50.0384,34.67,926.21
World_Top_3_MarketCap,3,1998,MSFT,SELL,14.4812,34.67,268.05
World_Top_3_MarketCap,3,1998,GE,SELL,0.0294,162.94,3.6
World_Top_3_MarketCap,3,1998,MSFT,SELL,0.923,34.67,17.09
World_Top_3_MarketCap,3,1998,GE,SELL,0.014,162.94,1.71
World_Top_3_MarketCap,3,1998,MSFT,SELL,0.0712,34.67,1.32
World_Top_3_MarketCap,3,1998,GE,SELL,0.002,162.94,0.25
World_Top_3_MarketCap,3,1998,MSFT,SELL,0.0104,34.67,0.19
World_Top_3_MarketCap,3,1998,GE,SELL,0.0003,162.94,0.04
World_Top_3_MarketCap,3,1998,MSFT,SELL,0.0015,34.67,0.03
World_Top_3_MarketCap,3,1998,GE,SELL,0.0,162.94,0.01
World_Top_3_MarketCap,3,1998,MSFT,SELL,0.0002,34.67,0.0
World_Top_3_MarketCap,3,1998,GE,SELL,0.0,162.94,0.0
World_Top_3_MarketCap,3,1998,MSFT,SELL,0.0,34.67,0.0
World_Top_3_MarketCap,3,1998,GE,SELL,0.0,162.94,0.0
World_Top_3_MarketCap,3,1998,MSFT,SELL,0.0,34.67,0.0
World_Top_3_MarketCap,3,1998,GE,SELL,0.0,162.94,0.0
World_Top_3_MarketCap,3,1998,MSFT,SELL,0.0,34.67,0.0
World_Top_3_MarketCap,3,1998,MSFT,SELL,0.0,34.67,0.0
World_Top_3_MarketCap,3,1998,INTC,BUY,271.7143,29.64,0.0
World_Top_3_MarketCap,3,1999,GE,SELL,4.6024,247.21,950.25
World_Top_3_MarketCap,3,1999,MSFT,SELL,30.4793,58.38,1286.84
World_Top_3_MarketCap,3,1999,INTC,SELL,271.7143,41.16,3130.15
World_Top_3_MarketCap,3,1999,GE,SELL,2.2701,247.21,468.71
World_Top_3_MarketCap,3,1999,MSFT,SELL,11.3382,58.38,478.7
World_Top_3_MarketCap,3,1999,GE,SELL,0.3865,247.21,79.81
World_Top_3_MarketCap,3,1999,MSFT,SELL,1.9306,58.38,81.51
World_Top_3_MarketCap,3,1999,GE,SELL,0.0658,247.21,13.59
World_Top_3_MarketCap,3,1999,MSFT,SELL,0.3287,58.38,13.88
World_Top_3_MarketCap,3,1999,GE,SELL,0.0112,247.21,2.31
World_Top_3_MarketCap,3,1999,MSFT,SELL,0.056,58.38,2.36
World_Top_3_MarketCap,3,1999,GE,SELL,0.0019,247.21,0.39
World_Top_3_MarketCap,3,1999,MSFT,SELL,0.0095,58.38,0.4
World_Top_3_MarketCap,3,1999,GE,SELL,0.0003,247.21,0.07
World_Top_3_MarketCap,3,1999,MSFT,SELL,0.0016,58.38,0.07
World_Top_3_MarketCap,3,1999,GE,SELL,0.0001,247.21,0.01
World_Top_3_MarketCap,3,1999,MSFT,SELL,0.0003,58.38,0.01
World_Top_3_MarketCap,3,1999,GE,SELL,0.0,247.21,0.0
World_Top_3_MarketCap,3,1999,MSFT,SELL,0.0,58.38,0.0
World_Top_3_MarketCap,3,1999,GE,SELL,0.0,247.21,0.0
World_Top_3_MarketCap,3,1999,MSFT,SELL,0.0,58.38,0.0
World_Top_3_MarketCap,3,1999,GE,SELL,0.0,247.21,0.0
World_Top_3_MarketCap,3,1999,MSFT,SELL,0.0,58.38,0.0
World_Top_3_MarketCap,3,1999,MSFT,SELL,0.0,58.38,0.0
World_Top_3_MarketCap,3,1999,CSCO,BUY,256.9084,53.56,0.0
World_Top_3_MarketCap,3,2000,GE,SELL,12.5741,229.74,2376.5
World_Top_3_MarketCap,3,2000,MSFT,SELL,349.7445,21.69,1934.09
World_Top_3_MarketCap,3,2000,CSCO,SELL,256.9084,38.25,-3933.27
World_Top_3_MarketCap,3,2000,GE,SELL,0.291,229.74,55.0
World_Top_3_MarketCap,3,2000,GE,SELL,0.0281,229.74,5.32
World_Top_3_MarketCap,3,2000,GE,SELL,0.0027,229.74,0.51
World_Top_3_MarketCap,3,2000,GE,SELL,0.0003,229.74,0.05
World_Top_3_MarketCap,3,2000,GE,SELL,0.0,229.74,0.0
World_Top_3_MarketCap,3,2000,GE,SELL,0.0,229.74,0.0
World_Top_3_MarketCap,3,2000,GE,SELL,0.0,229.74,0.0
World_Top_3_MarketCap,3,2000,XOM,BUY,254.2562,43.47,0.0
World_Top_3_MarketCap,3,2000,PFE,BUY,213.693,43.64,0.0
World_Top_3_MarketCap,3,2001,XOM,SELL,34.025,39.3,-141.88
World_Top_3_MarketCap,3,2001,PFE,SELL,213.693,37.81,-1245.83
World_Top_3_MarketCap,3,2001,XOM,SELL,1.1209,39.3,-4.67
World_Top_3_MarketCap,3,2001,GE,BUY,0.0683,192.08,0.0
World_Top_3_MarketCap,3,2001,MSFT,BUY,295.8563,33.12,0.0
World_Top_3_MarketCap,3,2002,XOM,SELL,26.2615,34.94,-224.01
World_Top_3_MarketCap,3,2002,XOM,SELL,1.0384,34.94,-8.86
World_Top_3_MarketCap,3,2002,MSFT,BUY,18.9585,25.85,0.0
World_Top_3_MarketCap,3,2002,GE,BUY,6.3836,116.7,0.0
World_Top_3_MarketCap,3,2003,GE,SELL,4.2677,148.47,459.76
World_Top_3_MarketCap,3,2003,GE,SELL,0.3355,148.47,36.15
World_Top_3_MarketCap,3,2003,MSFT,BUY,37.106,27.37,0.0
World_Top_3_MarketCap,3,2003,XOM,BUY,0.404,41.0,0.0
World_Top_3_MarketCap,3,2004,MSFT,SELL,6.3569,26.72,-40.68
World_Top_3_MarketCap,3,2004,MSFT,SELL,5.1554,26.72,-32.99
World_Top_3_MarketCap,3,2004,GE,BUY,4.5769,174.92,0.0
World_Top_3_MarketCap,3,2004,XOM,BUY,11.5163,51.26,0.0
World_Top_3_MarketCap,3,2005,MSFT,SELL,2.1572,26.15,-15.04
World_Top_3_MarketCap,3,2005,MSFT,SELL,1.9832,26.15,-13.82
World_Top_3_MarketCap,3,2005,XOM,BUY,7.0098,56.17,0.0
World_Top_3_MarketCap,3,2005,GE,BUY,0.8774,167.97,0.0
World_Top_3_MarketCap,3,2006,XOM,SELL,18.8642,76.63,625.54
World_Top_3_MarketCap,3,2006,XOM,SELL,1.0678,76.63,35.41
World_Top_3_MarketCap,3,2006,GE,BUY,6.1722,178.33,0.0
World_Top_3_MarketCap,3,2006,MSFT,BUY,30.9867,29.86,0.0
World_Top_3_MarketCap,3,2007,MSFT,SELL,20.9137,35.6,51.87
World_Top_3_MarketCap,3,2007,MSFT,SELL,1.8791,35.6,4.66
World_Top_3_MarketCap,3,2007,XOM,BUY,3.0991,93.69,0.0
World_Top_3_MarketCap,3,2007,GE,BUY,6.0894,177.66,0.0
World_Top_3_MarketCap,3,2008,GE,SELL,76.6936,77.64,-73.98
World_Top_3_MarketCap,3,2008,XOM,SELL,17.8565,79.83,649.26
World_Top_3_MarketCap,3,2008,MSFT,SELL,344.4621,19.44,-4260.04
World_Top_3_MarketCap,3,2008,XOM,SELL,1.6634,79.83,60.48
World_Top_3_MarketCap,3,2008,WMT,BUY,413.8089,18.69,0.0
World_Top_3_MarketCap,3,2008,PG,BUY,115.098,61.82,0.0
World_Top_3_MarketCap,3,2009,XOM,SELL,11.8216,68.19,292.23
World_Top_3_MarketCap,3,2009,WMT,SELL,413.8089,17.82,-360.01
World_Top_3_MarketCap,3,2009,PG,SELL,115.098,60.63,-136.97
World_Top_3_MarketCap,3,2009,XOM,SELL,1.1576,68.19,28.62
World_Top_3_MarketCap,3,2009,MSFT,BUY,279.8553,30.48,0.0
World_Top_3_MarketCap,3,2009,AAPL,BUY,950.0909,7.53,0.0
World_Top_3_MarketCap,3,2010,AAPL,SELL,42.882,11.52,171.1
World_Top_3_MarketCap,3,2010,AAPL,SELL,3.8179,11.52,15.23
World_Top_3_MarketCap,3,2010,XOM,BUY,0.5517,73.12,0.0
World_Top_3_MarketCap,3,2010,MSFT,BUY,28.7346,27.91,0.0
World_Top_3_MarketCap,3,2011,XOM,SELL,1.7283,84.76,71.36
World_Top_3_MarketCap,3,2011,AAPL,SELL,44.6679,14.46,309.55
World_Top_3_MarketCap,3,2011,XOM,SELL,0.6935,84.76,28.64
World_Top_3_MarketCap,3,2011,AAPL,SELL,3.7169,14.46,25.76
World_Top_3_MarketCap,3,2011,MSFT,BUY,48.5959,25.96,0.0
World_Top_3_MarketCap,3,2012,XOM,SELL,10.5348,86.55,453.84
World_Top_3_MarketCap,3,2012,MSFT,SELL,357.1858,26.71,-1053.09
World_Top_3_MarketCap,3,2012,XOM,SELL,0.8917,86.55,38.42
World_Top_3_MarketCap,3,2012,AAPL,BUY,21.6264,19.01,0.0
World_Top_3_MarketCap,3,2012,GOOGL,BUY,603.5342,17.7,0.0
World_Top_3_MarketCap,3,2013,GOOGL,SELL,70.6898,28.05,731.64
World_Top_3_MarketCap,3,2013,GOOGL,SELL,2.3356,28.05,24.17
World_Top_3_MarketCap,3,2013,AAPL,BUY,103.5379,20.04,0.0
World_Top_3_MarketCap,3,2013,XOM,BUY,4.8132,101.2,0.0
World_Top_3_MarketCap,3,2014,AAPL,SELL,132.6358,27.59,2660.67
World_Top_3_MarketCap,3,2014,GOOGL,SELL,530.5088,26.53,4684.39
World_Top_3_MarketCap,3,2014,AAPL,SELL,21.3484,27.59,428.25
World_Top_3_MarketCap,3,2014,AAPL,SELL,1.9402,27.59,38.92
World_Top_3_MarketCap,3,2014,AAPL,SELL,0.1763,27.59,3.54
World_Top_3_MarketCap,3,2014,AAPL,SELL,0.016,27.59,0.32
World_Top_3_MarketCap,3,2014,AAPL,SELL,0.0015,27.59,0.03
World_Top_3_MarketCap,3,2014,AAPL,SELL,0.0001,27.59,0.0
World_Top_3_MarketCap,3,2014,AAPL,SELL,0.0,27.59,0.0
World_Top_3_MarketCap,3,2014,AAPL,SELL,0.0,27.59,0.0
World_Top_3_MarketCap,3,2014,XOM,BUY,22.7345,92.45,0.0
World_Top_3_MarketCap,3,2014,MSFT,BUY,335.6324,46.45,0.0
World_Top_3_MarketCap,3,2015,MSFT,SELL,11.0368,55.48,99.66
World_Top_3_MarketCap,3,2015,MSFT,SELL,2.5624,55.48,23.14
World_Top_3_MarketCap,3,2015,MSFT,SELL,0.0407,55.48,0.37
World_Top_3_MarketCap,3,2015,MSFT,SELL,0.0006,55.48,0.01
World_Top_3_MarketCap,3,2015,MSFT,SELL,0.0,55.48,0.0
World_Top_3_MarketCap,3,2015,MSFT,SELL,0.0,55.48,0.0
World_Top_3_MarketCap,3,2015,AAPL,BUY,30.6417,26.32,0.0
World_Top_3_MarketCap,3,2015,XOM,BUY,11.0749,77.95,0.0
World_Top_3_MarketCap,3,2016,XOM,SELL,186.7343,90.26,6614.3
World_Top_3_MarketCap,3,2016,MSFT,SELL,0.628,62.14,9.85
World_Top_3_MarketCap,3,2016,MSFT,SELL,0.0157,62.14,0.25
World_Top_3_MarketCap,3,2016,MSFT,SELL,0.0004,62.14,0.01
World_Top_3_MarketCap,3,2016,MSFT,SELL,0.0,62.14,0.0
World_Top_3_MarketCap,3,2016,MSFT,SELL,0.0,62.14,0.0
World_Top_3_MarketCap,3,2016,AAPL,BUY,20.7708,28.95,0.0
World_Top_3_MarketCap,3,2016,AMZN,BUY,409.7206,37.49,0.0
World_Top_3_MarketCap,3,2017,AAPL,SELL,52.5136,42.31,1826.42
World_Top_3_MarketCap,3,2017,AAPL,SELL,7.9297,42.31,275.8
World_Top_3_MarketCap,3,2017,AAPL,SELL,0.7605,42.31,26.45
World_Top_3_MarketCap,3,2017,AAPL,SELL,0.0729,42.31,2.54
World_Top_3_MarketCap,3,2017,AAPL,SELL,0.007,42.31,0.24
World_Top_3_MarketCap,3,2017,AAPL,SELL,0.0007,42.31,0.02
World_Top_3_MarketCap,3,2017,AAPL,SELL,0.0001,42.31,0.0
World_Top_3_MarketCap,3,2017,AAPL,SELL,0.0,42.31,0.0
World_Top_3_MarketCap,3,2017,AAPL,SELL,0.0,42.31,0.0
World_Top_3_MarketCap,3,2017,MSFT,BUY,23.8337,85.54,0.0
World_Top_3_MarketCap,3,2017,AMZN,BUY,11.1052,58.47,0.0
World_Top_3_MarketCap,3,2018,AMZN,SELL,5.7139,75.1,214.9
World_Top_3_MarketCap,3,2018,AMZN,SELL,1.7228,75.1,64.79
World_Top_3_MarketCap,3,2018,AMZN,SELL,0.0807,75.1,3.04
World_Top_3_MarketCap,3,2018,AMZN,SELL,0.0038,75.1,0.14
World_Top_3_MarketCap,3,2018,AMZN,SELL,0.0002,75.1,0.01
World_Top_3_MarketCap,3,2018,AMZN,SELL,0.0,75.1,0.0
World_Top_3_MarketCap,3,2018,AMZN,SELL,0.0,75.1,0.0
World_Top_3_MarketCap,3,2018,MSFT,BUY,5.3526,101.57,0.0
World_Top_3_MarketCap,3,2018,AAPL,BUY,19.1108,39.44,0.0
World_Top_3_MarketCap,3,2019,AAPL,SELL,41.2438,73.41,2717.14
World_Top_3_MarketCap,3,2019,AAPL,SELL,6.1151,73.41,402.86
World_Top_3_MarketCap,3,2019,AAPL,SELL,0.6139,73.41,40.44
World_Top_3_MarketCap,3,2019,AAPL,SELL,0.0616,73.41,4.06
World_Top_3_MarketCap,3,2019,AAPL,SELL,0.0062,73.41,0.41
World_Top_3_MarketCap,3,2019,AAPL,SELL,0.0006,73.41,0.04
World_Top_3_MarketCap,3,2019,AAPL,SELL,0.0001,73.41,0.0
World_Top_3_MarketCap,3,2019,AAPL,SELL,0.0,73.41,0.0
World_Top_3_MarketCap,3,2019,AAPL,SELL,0.0,73.41,0.0
World_Top_3_MarketCap,3,2019,MSFT,BUY,6.6952,157.7,0.0
World_Top_3_MarketCap,3,2019,AMZN,BUY,26.2848,92.39,0.0
World_Top_3_MarketCap,3,2020,AAPL,SELL,1.5523,132.69,194.29
World_Top_3_MarketCap,3,2020,AMZN,SELL,17.3185,162.85,2171.05
World_Top_3_MarketCap,3,2020,AAPL,SELL,3.4321,132.69,429.56
World_Top_3_MarketCap,3,2020,AMZN,SELL,1.8493,162.85,231.82
World_Top_3_MarketCap,3,2020,AAPL,SELL,0.6059,132.69,75.84
World_Top_3_MarketCap,3,2020,AMZN,SELL,0.3265,162.85,40.93
World_Top_3_MarketCap,3,2020,AAPL,SELL,0.107,132.69,13.39
World_Top_3_MarketCap,3,2020,AMZN,SELL,0.0576,162.85,7.23
World_Top_3_MarketCap,3,2020,AAPL,SELL,0.0189,132.69,2.36
World_Top_3_MarketCap,3,2020,AMZN,SELL,0.0102,162.85,1.28
World_Top_3_MarketCap,3,2020,AAPL,SELL,0.0033,132.69,0.42
World_Top_3_MarketCap,3,2020,AMZN,SELL,0.0018,162.85,0.23
World_Top_3_MarketCap,3,2020,AAPL,SELL,0.0006,132.69,0.07
World_Top_3_MarketCap,3,2020,AMZN,SELL,0.0003,162.85,0.04
World_Top_3_MarketCap,3,2020,AAPL,SELL,0.0001,132.69,0.01
World_Top_3_MarketCap,3,2020,AMZN,SELL,0.0001,162.85,0.01
World_Top_3_MarketCap,3,2020,AAPL,SELL,0.0,132.69,0.0
World_Top_3_MarketCap,3,2020,AMZN,SELL,0.0,162.85,0.0
World_Top_3_MarketCap,3,2020,AAPL,SELL,0.0,132.69,0.0
World_Top_3_MarketCap,3,2020,AMZN,SELL,0.0,162.85,0.0
World_Top_3_MarketCap,3,2020,AAPL,SELL,0.0,132.69,0.0
World_Top_3_MarketCap,3,2020,AMZN,SELL,0.0,162.85,0.0
World_Top_3_MarketCap,3,2020,AAPL,SELL,0.0,132.69,0.0
World_Top_3_MarketCap,3,2020,MSFT,BUY,17.8086,222.42,0.0
World_Top_3_MarketCap,3,2021,AAPL,SELL,31.7282,177.57,5395.07
World_Top_3_MarketCap,3,2021,MSFT,SELL,17.2291,336.32,4994.19
World_Top_3_MarketCap,3,2021,AMZN,SELL,420.0249,166.72,52603.8
World_Top_3_MarketCap,3,2021,AAPL,SELL,43.0703,177.57,7323.67
World_Top_3_MarketCap,3,2021,MSFT,SELL,20.6083,336.32,5973.74
World_Top_3_MarketCap,3,2021,AAPL,SELL,8.8753,177.57,1509.16
World_Top_3_MarketCap,3,2021,MSFT,SELL,4.2467,336.32,1230.98
World_Top_3_MarketCap,3,2021,AAPL,SELL,1.8289,177.57,310.99
World_Top_3_MarketCap,3,2021,MSFT,SELL,0.8751,336.32,253.66
World_Top_3_MarketCap,3,2021,AAPL,SELL,0.3769,177.57,64.08
World_Top_3_MarketCap,3,2021,MSFT,SELL,0.1803,336.32,52.27
World_Top_3_MarketCap,3,2021,AAPL,SELL,0.0777,177.57,13.21
World_Top_3_MarketCap,3,2021,MSFT,SELL,0.0372,336.32,10.77
World_Top_3_MarketCap,3,2021,AAPL,SELL,0.016,177.57,2.72
World_Top_3_MarketCap,3,2021,MSFT,SELL,0.0077,336.32,2.22
World_Top_3_MarketCap,3,2021,AAPL,SELL,0.0033,177.57,0.56
World_Top_3_MarketCap,3,2021,MSFT,SELL,0.0016,336.32,0.46
World_Top_3_MarketCap,3,2021,AAPL,SELL,0.0007,177.57,0.12
World_Top_3_MarketCap,3,2021,MSFT,SELL,0.0003,336.32,0.09
World_Top_3_MarketCap,3,2021,AAPL,SELL,0.0001,177.57,0.02
World_Top_3_MarketCap,3,2021,MSFT,SELL,0.0001,336.32,0.02
World_Top_3_MarketCap,3,2021,AAPL,SELL,0.0,177.57,0.0
World_Top_3_MarketCap,3,2021,MSFT,SELL,0.0,336.32,0.0
World_Top_3_MarketCap,3,2021,AAPL,SELL,0.0,177.57,0.0
World_Top_3_MarketCap,3,2021,MSFT,SELL,0.0,336.32,0.0
World_Top_3_MarketCap,3,2021,AAPL,SELL,0.0,177.57,0.0
World_Top_3_MarketCap,3,2021,MSFT,SELL,0.0,336.32,0.0
World_Top_3_MarketCap,3,2021,AAPL,SELL,0.0,177.57,0.0
World_Top_3_MarketCap,3,2021,MSFT,SELL,0.0,336.32,0.0
World_Top_3_MarketCap,3,2021,GOOGL,BUY,531.386,144.85,0.0
World_Top_3_MarketCap,3,2022,AAPL,SELL,15.3517,129.93,1879.05
World_Top_3_MarketCap,3,2022,AAPL,SELL,3.1286,129.93,382.95
World_Top_3_MarketCap,3,2022,AAPL,SELL,0.3573,129.93,43.74
World_Top_3_MarketCap,3,2022,AAPL,SELL,0.0408,129.93,4.99
World_Top_3_MarketCap,3,2022,AAPL,SELL,0.0047,129.93,0.57
World_Top_3_MarketCap,3,2022,AAPL,SELL,0.0005,129.93,0.07
World_Top_3_MarketCap,3,2022,AAPL,SELL,0.0001,129.93,0.01
World_Top_3_MarketCap,3,2022,AAPL,SELL,0.0,129.93,0.0
World_Top_3_MarketCap,3,2022,AAPL,SELL,0.0,129.93,0.0
World_Top_3_MarketCap,3,2022,MSFT,BUY,2.6945,239.82,0.0
World_Top_3_MarketCap,3,2022,GOOGL,BUY,24.3203,88.23,0.0
World_Top_3_MarketCap,3,2023,GOOGL,SELL,555.7063,139.69,-1490.43
World_Top_3_MarketCap,3,2023,MSFT,BUY,25.5524,376.04,0.0
World_Top_3_MarketCap,3,2023,AAPL,BUY,7.3453,192.53,0.0
World_Top_3_MarketCap,3,2023,NVDA,BUY,1367.2399,49.52,0.0
World_Top_3_MarketCap,3,2024,NVDA,SELL,99.6635,134.29,8448.47
World_Top_3_MarketCap,3,2024,NVDA,SELL,6.5789,134.29,557.7
World_Top_3_MarketCap,3,2024,NVDA,SELL,0.4175,134.29,35.39
World_Top_3_MarketCap,3,2024,NVDA,SELL,0.0265,134.29,2.25
World_Top_3_MarketCap,3,2024,NVDA,SELL,0.0017,134.29,0.14
World_Top_3_MarketCap,3,2024,NVDA,SELL,0.0001,134.29,0.01
World_Top_3_MarketCap,3,2024,NVDA,SELL,0.0,134.29,0.0
World_Top_3_MarketCap,3,2024,NVDA,SELL,0.0,134.29,0.0
World_Top_3_MarketCap,3,2024,AAPL,BUY,15.0932,250.42,0.0
World_Top_3_MarketCap,3,2024,MSFT,BUY,22.688,421.5,0.0
World_Top_5_MarketCap,5,1994,GE,BUY,55.7861,40.74,0.0
World_Top_5_MarketCap,5,1994,SHEL,BUY,77.6136,26.94,0.0
World_Top_5_MarketCap,5,1994,T,BUY,39.801,50.25,0.0
World_Top_5_MarketCap,5,1994,XOM,BUY,125.6808,15.19,0.0
World_Top_5_MarketCap,5,1994,KO,BUY,134.105,12.88,0.0
World_Top_5_MarketCap,5,1995,T,SELL,0.5467,64.75,7.93
World_Top_5_MarketCap,5,1995,XOM,SELL,6.3176,20.28,32.16
World_Top_5_MarketCap,5,1995,T,SELL,0.3364,64.75,4.88
World_Top_5_MarketCap,5,1995,XOM,SELL,1.023,20.28,5.21
World_Top_5_MarketCap,5,1995,T,SELL,0.0085,64.75,0.12
World_Top_5_MarketCap,5,1995,XOM,SELL,0.0259,20.28,0.13
World_Top_5_MarketCap,5,1995,T,SELL,0.0002,64.75,0.0
World_Top_5_MarketCap,5,1995,XOM,SELL,0.0007,20.28,0.0
World_Top_5_MarketCap,5,1995,T,SELL,0.0,64.75,0.0
World_Top_5_MarketCap,5,1995,XOM,SELL,0.0,20.28,0.0
World_Top_5_MarketCap,5,1995,T,SELL,0.0,64.75,0.0
World_Top_5_MarketCap,5,1995,XOM,SELL,0.0,20.28,0.0
World_Top_5_MarketCap,5,1995,GE,BUY,0.5378,57.51,0.0
World_Top_5_MarketCap,5,1995,SHEL,BUY,3.9986,35.28,0.0
World_Top_5_MarketCap,5,1995,KO,BUY,14.5646,18.56,0.0
World_Top_5_MarketCap,5,1996,GE,SELL,5.2841,78.98,202.06
World_Top_5_MarketCap,5,1996,SHEL,SELL,3.465,42.69,54.57
World_Top_5_MarketCap,5,1996,KO,SELL,11.3031,26.31,151.8
World_Top_5_MarketCap,5,1996,GE,SELL,0.7217,78.98,27.6
World_Top_5_MarketCap,5,1996,SHEL,SELL,1.105,42.69,17.4
World_Top_5_MarketCap,5,1996,KO,SELL,1.9423,26.31,26.09
World_Top_5_MarketCap,5,1996,GE,SELL,0.0647,78.98,2.47
World_Top_5_MarketCap,5,1996,SHEL,SELL,0.0991,42.69,1.56
World_Top_5_MarketCap,5,1996,KO,SELL,0.1742,26.31,2.34
World_Top_5_MarketCap,5,1996,GE,SELL,0.0058,78.98,0.22
World_Top_5_MarketCap,5,1996,SHEL,SELL,0.0089,42.69,0.14
World_Top_5_MarketCap,5,1996,KO,SELL,0.0156,26.31,0.21
World_Top_5_MarketCap,5,1996,GE,SELL,0.0005,78.98,0.02
World_Top_5_MarketCap,5,1996,SHEL,SELL,0.0008,42.69,0.01
World_Top_5_MarketCap,5,1996,KO,SELL,0.0014,26.31,0.02
World_Top_5_MarketCap,5,1996,GE,SELL,0.0,78.98,0.0
World_Top_5_MarketCap,5,1996,SHEL,SELL,0.0001,42.69,0.0
World_Top_5_MarketCap,5,1996,KO,SELL,0.0001,26.31,0.0
World_Top_5_MarketCap,5,1996,GE,SELL,0.0,78.98,0.0
World_Top_5_MarketCap,5,1996,SHEL,SELL,0.0,42.69,0.0
World_Top_5_MarketCap,5,1996,KO,SELL,0.0,26.31,0.0
World_Top_5_MarketCap,5,1996,GE,SELL,0.0,78.98,0.0
World_Top_5_MarketCap,5,1996,SHEL,SELL,0.0,42.69,0.0
World_Top_5_MarketCap,5,1996,KO,SELL,0.0,26.31,0.0
World_Top_5_MarketCap,5,1996,XOM,BUY,4.5679,24.5,0.0
World_Top_5_MarketCap,5,1996,T,BUY,24.0082,43.5,0.0
World_Top_5_MarketCap,5,1997,GE,SELL,0.9247,117.22,70.72
World_Top_5_MarketCap,5,1997,SHEL,SELL,2.5733,54.19,70.12
World_Top_5_MarketCap,5,1997,T,SELL,62.9173,61.25,854.15
World_Top_5_MarketCap,5,1997,XOM,SELL,2.6077,30.59,40.16
World_Top_5_MarketCap,5,1997,KO,SELL,3.86,33.34,78.98
World_Top_5_MarketCap,5,1997,GE,SELL,1.0046,117.22,76.83
World_Top_5_MarketCap,5,1997,SHEL,SELL,1.5146,54.19,41.27
World_Top_5_MarketCap,5,1997,XOM,SELL,2.4498,30.59,37.73
World_Top_5_MarketCap,5,1997,KO,SELL,2.6759,33.34,54.75
World_Top_5_MarketCap,5,1997,GE,SELL,0.1379,117.22,10.54
World_Top_5_MarketCap,5,1997,SHEL,SELL,0.2079,54.19,5.66
World_Top_5_MarketCap,5,1997,XOM,SELL,0.3362,30.59,5.18
World_Top_5_MarketCap,5,1997,KO,SELL,0.3672,33.34,7.51
World_Top_5_MarketCap,5,1997,GE,SELL,0.0189,117.22,1.45
World_Top_5_MarketCap,5,1997,SHEL,SELL,0.0285,54.19,0.78
World_Top_5_MarketCap,5,1997,XOM,SELL,0.0461,30.59,0.71
World_Top_5_MarketCap,5,1997,KO,SELL,0.0504,33.34,1.03
World_Top_5_MarketCap,5,1997,GE,SELL,0.0026,117.22,0.2
World_Top_5_MarketCap,5,1997,SHEL,SELL,0.0039,54.19,0.11
World_Top_5_MarketCap,5,1997,XOM,SELL,0.0063,30.59,0.1
World_Top_5_MarketCap,5,1997,KO,SELL,0.0069,33.34,0.14
World_Top_5_MarketCap,5,1997,GE,SELL,0.0004,117.22,0.03
World_Top_5_MarketCap,5,1997,SHEL,SELL,0.0005,54.19,0.01
World_Top_5_MarketCap,5,1997,XOM,SELL,0.0009,30.59,0.01
World_Top_5_MarketCap,5,1997,KO,SELL,0.0009,33.34,0.02
World_Top_5_MarketCap,5,1997,GE,SELL,0.0,117.22,0.0
World_Top_5_MarketCap,5,1997,SHEL,SELL,0.0001,54.19,0.0
World_Top_5_MarketCap,5,1997,XOM,SELL,0.0001,30.59,0.0
World_Top_5_MarketCap,5,1997,KO,SELL,0.0001,33.34,0.0
World_Top_5_MarketCap,5,1997,GE,SELL,0.0,117.22,0.0
World_Top_5_MarketCap,5,1997,SHEL,SELL,0.0,54.19,0.0
World_Top_5_MarketCap,5,1997,XOM,SELL,0.0,30.59,0.0
World_Top_5_MarketCap,5,1997,KO,SELL,0.0,33.34,0.0
World_Top_5_MarketCap,5,1997,GE,SELL,0.0,117.22,0.0
World_Top_5_MarketCap,5,1997,SHEL,SELL,0.0,54.19,0.0
World_Top_5_MarketCap,5,1997,XOM,SELL,0.0,30.59,0.0
World_Top_5_MarketCap,5,1997,KO,SELL,0.0,33.34,0.0
World_Top_5_MarketCap,5,1997,GE,SELL,0.0,117.22,0.0
World_Top_5_MarketCap,5,1997,SHEL,SELL,0.0,54.19,0.0
World_Top_5_MarketCap,5,1997,XOM,SELL,0.0,30.59,0.0
World_Top_5_MarketCap,5,1997,KO,SELL,0.0,33.34,0.0
World_Top_5_MarketCap,5,1997,MSFT,BUY,285.8099,16.16,0.0
World_Top_5_MarketCap,5,1998,GE,SELL,0.2022,162.94,24.71
World_Top_5_MarketCap,5,1998,SHEL,SELL,72.6045,47.88,1486.99
World_Top_5_MarketCap,5,1998,XOM,SELL,117.4342,36.56,2467.04
World_Top_5_MarketCap,5,1998,KO,SELL,128.2712,33.5,2562.23
World_Top_5_MarketCap,5,1998,MSFT,SELL,41.6494,34.67,770.93
World_Top_5_MarketCap,5,1998,GE,SELL,3.6524,162.94,446.33
World_Top_5_MarketCap,5,1998,MSFT,SELL,18.596,34.67,344.21
World_Top_5_MarketCap,5,1998,GE,SELL,0.377,162.94,46.07
World_Top_5_MarketCap,5,1998,MSFT,SELL,1.9193,34.67,35.53
World_Top_5_MarketCap,5,1998,GE,SELL,0.0389,162.94,4.75
World_Top_5_MarketCap,5,1998,MSFT,SELL,0.1981,34.67,3.67
World_Top_5_MarketCap,5,1998,GE,SELL,0.004,162.94,0.49
World_Top_5_MarketCap,5,1998,MSFT,SELL,0.0204,34.67,0.38
World_Top_5_MarketCap,5,1998,GE,SELL,0.0004,162.94,0.05
World_Top_5_MarketCap,5,1998,MSFT,SELL,0.0021,34.67,0.04
World_Top_5_MarketCap,5,1998,GE,SELL,0.0,162.94,0.01
World_Top_5_MarketCap,5,1998,MSFT,SELL,0.0002,34.67,0.0
World_Top_5_MarketCap,5,1998,GE,SELL,0.0,162.94,0.0
World_Top_5_MarketCap,5,1998,MSFT,SELL,0.0,34.67,0.0
World_Top_5_MarketCap,5,1998,GE,SELL,0.0,162.94,0.0
World_Top_5_MarketCap,5,1998,MSFT,SELL,0.0,34.67,0.0
World_Top_5_MarketCap,5,1998,MSFT,SELL,0.0,34.67,0.0
World_Top_5_MarketCap,5,1998,INTC,BUY,154.1236,29.64,0.0
World_Top_5_MarketCap,5,1998,CSCO,BUY,179.7839,23.2,0.0
World_Top_5_MarketCap,5,1998,WMT,BUY,292.7317,13.57,0.0
World_Top_5_MarketCap,5,1999,CSCO,SELL,14.8274,53.56,450.16
World_Top_5_MarketCap,5,1999,CSCO,SELL,0.6154,53.56,18.68
World_Top_5_MarketCap,5,1999,CSCO,SELL,0.0198,53.56,0.6
World_Top_5_MarketCap,5,1999,CSCO,SELL,0.0006,53.56,0.02
World_Top_5_MarketCap,5,1999,CSCO,SELL,0.0,53.56,0.0
World_Top_5_MarketCap,5,1999,CSCO,SELL,0.0,53.56,0.0
World_Top_5_MarketCap,5,1999,MSFT,BUY,0.2752,58.38,0.0
World_Top_5_MarketCap,5,1999,GE,BUY,0.906,247.21,0.0
World_Top_5_MarketCap,5,1999,WMT,BUY,15.3236,23.04,0.0
World_Top_5_MarketCap,5,1999,INTC,BUY,4.5204,41.16,0.0
World_Top_5_MarketCap,5,2000,GE,SELL,8.5027,229.74,1607.01
World_Top_5_MarketCap,5,2000,INTC,SELL,158.644,30.06,14.56
World_Top_5_MarketCap,5,2000,CSCO,SELL,20.9363,38.25,315.09
World_Top_5_MarketCap,5,2000,WMT,SELL,308.0553,17.71,1130.23
World_Top_5_MarketCap,5,2000,GE,SELL,1.1037,229.74,208.6
World_Top_5_MarketCap,5,2000,CSCO,SELL,4.3612,38.25,65.64
World_Top_5_MarketCap,5,2000,GE,SELL,0.0938,229.74,17.74
World_Top_5_MarketCap,5,2000,CSCO,SELL,0.3708,38.25,5.58
World_Top_5_MarketCap,5,2000,GE,SELL,0.008,229.74,1.51
World_Top_5_MarketCap,5,2000,CSCO,SELL,0.0315,38.25,0.47
World_Top_5_MarketCap,5,2000,GE,SELL,0.0007,229.74,0.13
World_Top_5_MarketCap,5,2000,CSCO,SELL,0.0027,38.25,0.04
World_Top_5_MarketCap,5,2000,GE,SELL,0.0001,229.74,0.01
World_Top_5_MarketCap,5,2000,CSCO,SELL,0.0002,38.25,0.0
World_Top_5_MarketCap,5,2000,GE,SELL,0.0,229.74,0.0
World_Top_5_MarketCap,5,2000,CSCO,SELL,0.0,38.25,0.0
World_Top_5_MarketCap,5,2000,GE,SELL,0.0,229.74,0.0
World_Top_5_MarketCap,5,2000,CSCO,SELL,0.0,38.25,0.0
World_Top_5_MarketCap,5,2000,CSCO,SELL,0.0,38.25,0.0
World_Top_5_MarketCap,5,2000,XOM,BUY,156.1245,43.47,0.0
World_Top_5_MarketCap,5,2000,PFE,BUY,131.2169,43.64,0.0
World_Top_5_MarketCap,5,2000,MSFT,BUY,1.1951,21.69,0.0
World_Top_5_MarketCap,5,2001,MSFT,SELL,36.975,33.12,627.1
World_Top_5_MarketCap,5,2001,CSCO,SELL,138.6179,18.11,-705.56
World_Top_5_MarketCap,5,2001,XOM,SELL,16.9519,39.3,-70.69
World_Top_5_MarketCap,5,2001,PFE,SELL,131.2169,37.81,-764.99
World_Top_5_MarketCap,5,2001,MSFT,SELL,0.6175,33.12,10.47
World_Top_5_MarketCap,5,2001,XOM,SELL,0.4573,39.3,-1.91
World_Top_5_MarketCap,5,2001,GE,BUY,1.131,192.08,0.0
World_Top_5_MarketCap,5,2001,WMT,BUY,254.8259,19.18,0.0
World_Top_5_MarketCap,5,2001,C,BUY,8.9374,504.8,0.0
World_Top_5_MarketCap,5,2002,XOM,SELL,14.1966,34.94,-121.1
World_Top_5_MarketCap,5,2002,WMT,SELL,14.9257,16.84,-34.93
World_Top_5_MarketCap,5,2002,C,SELL,8.9374,351.9,-1366.53
World_Top_5_MarketCap,5,2002,XOM,SELL,0.9517,34.94,-8.12
World_Top_5_MarketCap,5,2002,WMT,SELL,1.8336,16.84,-4.29
World_Top_5_MarketCap,5,2002,MSFT,BUY,15.5062,25.85,0.0
World_Top_5_MarketCap,5,2002,GE,BUY,4.749,116.7,0.0
World_Top_5_MarketCap,5,2002,PFE,BUY,116.9747,29.0,0.0
World_Top_5_MarketCap,5,2003,GE,SELL,4.2625,148.47,459.2
World_Top_5_MarketCap,5,2003,XOM,SELL,3.9668,41.0,-9.8
World_Top_5_MarketCap,5,2003,GE,SELL,0.1815,148.47,19.55
World_Top_5_MarketCap,5,2003,XOM,SELL,0.5914,41.0,-1.46
World_Top_5_MarketCap,5,2003,MSFT,BUY,15.0823,27.37,0.0
World_Top_5_MarketCap,5,2003,PFE,BUY,17.8083,33.52,0.0
World_Top_5_MarketCap,5,2003,WMT,BUY,7.2507,17.68,0.0
World_Top_5_MarketCap,5,2004,MSFT,SELL,20.4778,26.72,216.25
World_Top_5_MarketCap,5,2004,XOM,SELL,0.8596,51.26,6.7
World_Top_5_MarketCap,5,2004,WMT,SELL,245.3173,17.61,-374.27
World_Top_5_MarketCap,5,2004,GE,SELL,0.1016,174.92,13.63
World_Top_5_MarketCap,5,2004,MSFT,SELL,2.3721,26.72,25.05
World_Top_5_MarketCap,5,2004,XOM,SELL,1.4197,51.26,11.06
World_Top_5_MarketCap,5,2004,C,BUY,10.0155,481.8,0.0
World_Top_5_MarketCap,5,2004,PFE,BUY,39.2434,25.51,0.0
World_Top_5_MarketCap,5,2005,MSFT,SELL,3.6534,26.15,36.5
World_Top_5_MarketCap,5,2005,PFE,SELL,174.0264,22.13,-1139.1
World_Top_5_MarketCap,5,2005,C,SELL,0.0994,485.3,0.35
World_Top_5_MarketCap,5,2005,GE,SELL,0.0087,167.97,1.1
World_Top_5_MarketCap,5,2005,MSFT,SELL,1.3879,26.15,13.86
World_Top_5_MarketCap,5,2005,C,SELL,0.0719,485.3,0.25
World_Top_5_MarketCap,5,2005,XOM,BUY,2.3437,56.17,0.0
World_Top_5_MarketCap,5,2005,BP,BUY,68.4397,64.22,0.0
World_Top_5_MarketCap,5,2006,XOM,SELL,12.8118,76.63,424.84
World_Top_5_MarketCap,5,2006,BP,SELL,68.4397,67.1,197.11
World_Top_5_MarketCap,5,2006,XOM,SELL,0.7475,76.63,24.79
World_Top_5_MarketCap,5,2006,GE,BUY,2.6374,178.33,0.0
World_Top_5_MarketCap,5,2006,MSFT,BUY,13.0867,29.86,0.0
World_Top_5_MarketCap,5,2006,C,BUY,0.2365,557.0,0.0
World_Top_5_MarketCap,5,2006,TM,BUY,38.4614,134.31,0.0
World_Top_5_MarketCap,5,2007,GE,SELL,1.1677,177.66,159.88
World_Top_5_MarketCap,5,2007,MSFT,SELL,32.9725,35.6,640.99
World_Top_5_MarketCap,5,2007,XOM,SELL,9.7522,93.69,489.76
World_Top_5_MarketCap,5,2007,C,SELL,10.0807,294.4,-1906.91
World_Top_5_MarketCap,5,2007,GE,SELL,0.2666,177.66,36.5
World_Top_5_MarketCap,5,2007,MSFT,SELL,1.1973,35.6,23.28
World_Top_5_MarketCap,5,2007,XOM,SELL,0.674,93.69,33.85
World_Top_5_MarketCap,5,2007,TM,BUY,9.787,106.17,0.0
World_Top_5_MarketCap,5,2007,SHEL,BUY,58.1927,84.2,0.0
World_Top_5_MarketCap,5,2008,MSFT,SELL,168.9162,19.44,37.2
World_Top_5_MarketCap,5,2008,XOM,SELL,8.9027,79.83,323.7
World_Top_5_MarketCap,5,2008,TM,SELL,48.2485,65.44,-3047.47
World_Top_5_MarketCap,5,2008,SHEL,SELL,58.1927,52.94,-1819.1
World_Top_5_MarketCap,5,2008,XOM,SELL,0.9459,79.83,34.39
World_Top_5_MarketCap,5,2008,WMT,BUY,202.2661,18.69,0.0
World_Top_5_MarketCap,5,2008,PG,BUY,56.2589,61.82,0.0
World_Top_5_MarketCap,5,2008,JNJ,BUY,55.6027,59.83,0.0
World_Top_5_MarketCap,5,2008,GE,BUY,3.2915,77.64,0.0
World_Top_5_MarketCap,5,2009,GE,SELL,40.9003,72.51,87.09
World_Top_5_MarketCap,5,2009,XOM,SELL,4.1192,68.19,101.83
World_Top_5_MarketCap,5,2009,WMT,SELL,202.2661,17.82,-175.97
World_Top_5_MarketCap,5,2009,PG,SELL,56.2589,60.63,-66.95
World_Top_5_MarketCap,5,2009,JNJ,SELL,55.6027,64.41,254.66
World_Top_5_MarketCap,5,2009,XOM,SELL,0.6584,68.19,16.28
World_Top_5_MarketCap,5,2009,MSFT,BUY,139.5068,30.48,0.0
World_Top_5_MarketCap,5,2009,AAPL,BUY,473.6166,7.53,0.0
World_Top_5_MarketCap,5,2009,BHP,BUY,50.8417,64.75,0.0
World_Top_5_MarketCap,5,2009,SHEL,BUY,52.4843,60.11,0.0
World_Top_5_MarketCap,5,2010,AAPL,SELL,13.7432,11.52,54.84
World_Top_5_MarketCap,5,2010,BHP,SELL,2.0152,78.57,27.85
World_Top_5_MarketCap,5,2010,SHEL,SELL,52.4843,66.78,350.07
World_Top_5_MarketCap,5,2010,AAPL,SELL,2.7823,11.52,11.1
World_Top_5_MarketCap,5,2010,BHP,SELL,0.2954,78.57,4.08
World_Top_5_MarketCap,5,2010,XOM,BUY,1.4859,73.12,0.0
World_Top_5_MarketCap,5,2010,MSFT,BUY,16.6313,27.91,0.0
World_Top_5_MarketCap,5,2010,GE,BUY,41.4319,87.65,0.0
World_Top_5_MarketCap,5,2011,XOM,SELL,7.4835,84.76,308.99
World_Top_5_MarketCap,5,2011,AAPL,SELL,58.0201,14.46,402.08
World_Top_5_MarketCap,5,2011,BHP,SELL,48.5311,59.72,-244.11
World_Top_5_MarketCap,5,2011,GE,SELL,41.4319,85.83,-75.41
World_Top_5_MarketCap,5,2011,XOM,SELL,0.4206,84.76,17.37
World_Top_5_MarketCap,5,2011,AAPL,SELL,2.2543,14.46,15.62
World_Top_5_MarketCap,5,2011,MSFT,BUY,9.6354,25.96,0.0
World_Top_5_MarketCap,5,2011,IBM,BUY,23.4608,175.79,0.0
World_Top_5_MarketCap,5,2011,SHEL,BUY,53.9726,73.09,0.0
World_Top_5_MarketCap,5,2012,XOM,SELL,7.1201,86.55,306.74
World_Top_5_MarketCap,5,2012,AAPL,SELL,0.7172,19.01,8.23
World_Top_5_MarketCap,5,2012,IBM,SELL,23.4608,183.13,172.2
World_Top_5_MarketCap,5,2012,SHEL,SELL,53.9726,68.95,-223.45
World_Top_5_MarketCap,5,2012,XOM,SELL,0.47,86.55,20.25
World_Top_5_MarketCap,5,2012,AAPL,SELL,2.7816,19.01,31.93
World_Top_5_MarketCap,5,2012,GOOGL,BUY,270.7871,17.7,0.0
World_Top_5_MarketCap,5,2012,MSFT,BUY,6.4922,26.71,0.0
World_Top_5_MarketCap,5,2012,BRK.B,BUY,47.021,89.7,0.0
World_Top_5_MarketCap,5,2013,MSFT,SELL,6.7996,37.41,47.12
World_Top_5_MarketCap,5,2013,GOOGL,SELL,30.9171,28.05,319.99
World_Top_5_MarketCap,5,2013,MSFT,SELL,0.7096,37.41,4.92
World_Top_5_MarketCap,5,2013,GOOGL,SELL,1.0287,28.05,10.65
World_Top_5_MarketCap,5,2013,AAPL,BUY,47.9664,20.04,0.0
World_Top_5_MarketCap,5,2013,XOM,BUY,2.3955,101.2,0.0
World_Top_5_MarketCap,5,2013,BRK.B,BUY,2.7054,118.56,0.0
World_Top_5_MarketCap,5,2014,MSFT,SELL,0.972,46.45,15.52
World_Top_5_MarketCap,5,2014,AAPL,SELL,39.1571,27.59,785.49
World_Top_5_MarketCap,5,2014,GOOGL,SELL,238.8413,26.53,2108.97
World_Top_5_MarketCap,5,2014,BRK.B,SELL,1.1696,150.15,70.7
World_Top_5_MarketCap,5,2014,MSFT,SELL,0.7011,46.45,11.2
World_Top_5_MarketCap,5,2014,AAPL,SELL,1.7214,27.59,34.53
World_Top_5_MarketCap,5,2014,BRK.B,SELL,0.2079,150.15,12.57
World_Top_5_MarketCap,5,2014,XOM,BUY,16.5041,92.45,0.0
World_Top_5_MarketCap,5,2014,JNJ,BUY,63.3864,104.57,0.0
World_Top_5_MarketCap,5,2015,MSFT,SELL,3.597,55.48,89.92
World_Top_5_MarketCap,5,2015,BRK.B,SELL,48.3489,132.04,1969.01
World_Top_5_MarketCap,5,2015,JNJ,SELL,63.3864,102.72,-117.26
World_Top_5_MarketCap,5,2015,MSFT,SELL,1.0129,55.48,25.32
World_Top_5_MarketCap,5,2015,AAPL,BUY,20.2455,26.32,0.0
World_Top_5_MarketCap,5,2015,XOM,BUY,6.5516,77.95,0.0
World_Top_5_MarketCap,5,2015,AMZN,BUY,202.3766,33.79,0.0
World_Top_5_MarketCap,5,2015,META,BUY,56.0043,104.66,0.0
World_Top_5_MarketCap,5,2016,XOM,SELL,10.076,90.26,471.45
World_Top_5_MarketCap,5,2016,XOM,SELL,0.4036,90.26,18.88
World_Top_5_MarketCap,5,2016,AAPL,BUY,20.2725,28.95,0.0
World_Top_5_MarketCap,5,2016,MSFT,BUY,3.3719,62.14,0.0
World_Top_5_MarketCap,5,2016,AMZN,BUY,3.9773,37.49,0.0
World_Top_5_MarketCap,5,2016,META,BUY,4.5137,115.05,0.0
World_Top_5_MarketCap,5,2017,XOM,SELL,81.4247,83.64,2024.45
World_Top_5_MarketCap,5,2017,AAPL,SELL,50.1224,42.31,1743.26
World_Top_5_MarketCap,5,2017,AMZN,SELL,4.3601,58.47,107.61
World_Top_5_MarketCap,5,2017,META,SELL,1.619,176.46,116.24
World_Top_5_MarketCap,5,2017,AAPL,SELL,8.48,42.31,294.93
World_Top_5_MarketCap,5,2017,AMZN,SELL,4.383,58.47,108.17
World_Top_5_MarketCap,5,2017,META,SELL,1.278,176.46,91.76
World_Top_5_MarketCap,5,2017,MSFT,SELL,0.1471,85.54,8.1
World_Top_5_MarketCap,5,2017,AAPL,SELL,0.9234,42.31,32.12
World_Top_5_MarketCap,5,2017,AMZN,SELL,0.4773,58.47,11.78
World_Top_5_MarketCap,5,2017,META,SELL,0.1392,176.46,9.99
World_Top_5_MarketCap,5,2017,MSFT,SELL,0.049,85.54,2.7
World_Top_5_MarketCap,5,2017,AAPL,SELL,0.1157,42.31,4.02
World_Top_5_MarketCap,5,2017,AMZN,SELL,0.0598,58.47,1.48
World_Top_5_MarketCap,5,2017,META,SELL,0.0174,176.46,1.25
World_Top_5_MarketCap,5,2017,MSFT,SELL,0.0075,85.54,0.41
World_Top_5_MarketCap,5,2017,AAPL,SELL,0.0176,42.31,0.61
World_Top_5_MarketCap,5,2017,AMZN,SELL,0.0091,58.47,0.22
World_Top_5_MarketCap,5,2017,META,SELL,0.0027,176.46,0.19
World_Top_5_MarketCap,5,2017,MSFT,SELL,0.0011,85.54,0.06
World_Top_5_MarketCap,5,2017,AAPL,SELL,0.0027,42.31,0.09
World_Top_5_MarketCap,5,2017,AMZN,SELL,0.0014,58.47,0.03
World_Top_5_MarketCap,5,2017,META,SELL,0.0004,176.46,0.03
World_Top_5_MarketCap,5,2017,MSFT,SELL,0.0002,85.54,0.01
World_Top_5_MarketCap,5,2017,AAPL,SELL,0.0004,42.31,0.01
World_Top_5_MarketCap,5,2017,AMZN,SELL,0.0002,58.47,0.01
World_Top_5_MarketCap,5,2017,META,SELL,0.0001,176.46,0.0
World_Top_5_MarketCap,5,2017,MSFT,SELL,0.0,85.54,0.0
World_Top_5_MarketCap,5,2017,AAPL,SELL,0.0001,42.31,0.0
World_Top_5_MarketCap,5,2017,AMZN,SELL,0.0,58.47,0.0
World_Top_5_MarketCap,5,2017,META,SELL,0.0,176.46,0.0
World_Top_5_MarketCap,5,2017,MSFT,SELL,0.0,85.54,0.0
World_Top_5_MarketCap,5,2017,AAPL,SELL,0.0,42.31,0.0
World_Top_5_MarketCap,5,2017,AMZN,SELL,0.0,58.47,0.0
World_Top_5_MarketCap,5,2017,META,SELL,0.0,176.46,0.0
World_Top_5_MarketCap,5,2017,MSFT,SELL,0.0,85.54,0.0
World_Top_5_MarketCap,5,2017,AAPL,SELL,0.0,42.31,0.0
World_Top_5_MarketCap,5,2017,AMZN,SELL,0.0,58.47,0.0
World_Top_5_MarketCap,5,2017,META,SELL,0.0,176.46,0.0
World_Top_5_MarketCap,5,2017,AAPL,SELL,0.0,42.31,0.0
World_Top_5_MarketCap,5,2017,AMZN,SELL,0.0,58.47,0.0
World_Top_5_MarketCap,5,2017,MSFT,SELL,0.0,85.54,0.0
World_Top_5_MarketCap,5,2017,GOOGL,BUY,183.7613,52.67,0.0
World_Top_5_MarketCap,5,2018,MSFT,SELL,8.2075,101.57,583.47
World_Top_5_MarketCap,5,2018,AAPL,SELL,16.5201,39.44,527.16
World_Top_5_MarketCap,5,2018,AMZN,SELL,16.1546,75.1,667.35
World_Top_5_MarketCap,5,2018,META,SELL,57.4612,131.09,1471.8
World_Top_5_MarketCap,5,2018,MSFT,SELL,2.7333,101.57,194.31
World_Top_5_MarketCap,5,2018,AAPL,SELL,6.4977,39.44,207.34
World_Top_5_MarketCap,5,2018,AMZN,SELL,3.2228,75.1,133.13
World_Top_5_MarketCap,5,2018,MSFT,SELL,0.385,101.57,27.37
World_Top_5_MarketCap,5,2018,AAPL,SELL,0.9153,39.44,29.21
World_Top_5_MarketCap,5,2018,AMZN,SELL,0.454,75.1,18.75
World_Top_5_MarketCap,5,2018,MSFT,SELL,0.0542,101.57,3.86
World_Top_5_MarketCap,5,2018,AAPL,SELL,0.1289,39.44,4.11
World_Top_5_MarketCap,5,2018,AMZN,SELL,0.0639,75.1,2.64
World_Top_5_MarketCap,5,2018,MSFT,SELL,0.0076,101.57,0.54
World_Top_5_MarketCap,5,2018,AAPL,SELL,0.0182,39.44,0.58
World_Top_5_MarketCap,5,2018,AMZN,SELL,0.009,75.1,0.37
World_Top_5_MarketCap,5,2018,MSFT,SELL,0.0011,101.57,0.08
World_Top_5_MarketCap,5,2018,AAPL,SELL,0.0026,39.44,0.08
World_Top_5_MarketCap,5,2018,AMZN,SELL,0.0013,75.1,0.05
World_Top_5_MarketCap,5,2018,MSFT,SELL,0.0002,101.57,0.01
World_Top_5_MarketCap,5,2018,AAPL,SELL,0.0004,39.44,0.01
World_Top_5_MarketCap,5,2018,AMZN,SELL,0.0002,75.1,0.01
World_Top_5_MarketCap,5,2018,MSFT,SELL,0.0,101.57,0.0
World_Top_5_MarketCap,5,2018,AAPL,SELL,0.0001,39.44,0.0
World_Top_5_MarketCap,5,2018,AMZN,SELL,0.0,75.1,0.0
World_Top_5_MarketCap,5,2018,MSFT,SELL,0.0,101.57,0.0
World_Top_5_MarketCap,5,2018,AAPL,SELL,0.0,39.44,0.0
World_Top_5_MarketCap,5,2018,AMZN,SELL,0.0,75.1,0.0
World_Top_5_MarketCap,5,2018,MSFT,SELL,0.0,101.57,0.0
World_Top_5_MarketCap,5,2018,AAPL,SELL,0.0,39.44,0.0
World_Top_5_MarketCap,5,2018,AMZN,SELL,0.0,75.1,0.0
World_Top_5_MarketCap,5,2018,AAPL,SELL,0.0,39.44,0.0
World_Top_5_MarketCap,5,2018,GOOGL,BUY,40.9136,52.25,0.0
World_Top_5_MarketCap,5,2018,BRK.B,BUY,40.2463,204.18,0.0
World_Top_5_MarketCap,5,2019,MSFT,SELL,5.146,157.7,654.68
World_Top_5_MarketCap,5,2019,AAPL,SELL,38.2124,73.41,2517.43
World_Top_5_MarketCap,5,2019,GOOGL,SELL,18.0703,66.97,258.4
World_Top_5_MarketCap,5,2019,BRK.B,SELL,40.2463,226.5,898.3
World_Top_5_MarketCap,5,2019,MSFT,SELL,2.3365,157.7,297.24
World_Top_5_MarketCap,5,2019,AAPL,SELL,5.1359,73.41,338.36
World_Top_5_MarketCap,5,2019,AMZN,SELL,1.4724,92.39,86.28
World_Top_5_MarketCap,5,2019,GOOGL,SELL,3.3267,66.97,47.57
World_Top_5_MarketCap,5,2019,MSFT,SELL,0.3681,157.7,46.83
World_Top_5_MarketCap,5,2019,AAPL,SELL,0.8091,73.41,53.3
World_Top_5_MarketCap,5,2019,AMZN,SELL,0.4529,92.39,26.54
World_Top_5_MarketCap,5,2019,GOOGL,SELL,0.5241,66.97,7.49
World_Top_5_MarketCap,5,2019,MSFT,SELL,0.0642,157.7,8.17
World_Top_5_MarketCap,5,2019,AAPL,SELL,0.1411,73.41,9.29
World_Top_5_MarketCap,5,2019,AMZN,SELL,0.079,92.39,4.63
World_Top_5_MarketCap,5,2019,GOOGL,SELL,0.0914,66.97,1.31
World_Top_5_MarketCap,5,2019,MSFT,SELL,0.0112,157.7,1.42
World_Top_5_MarketCap,5,2019,AAPL,SELL,0.0246,73.41,1.62
World_Top_5_MarketCap,5,2019,AMZN,SELL,0.0138,92.39,0.81
World_Top_5_MarketCap,5,2019,GOOGL,SELL,0.0159,66.97,0.23
World_Top_5_MarketCap,5,2019,MSFT,SELL,0.002,157.7,0.25
World_Top_5_MarketCap,5,2019,AAPL,SELL,0.0043,73.41,0.28
World_Top_5_MarketCap,5,2019,AMZN,SELL,0.0024,92.39,0.14
World_Top_5_MarketCap,5,2019,GOOGL,SELL,0.0028,66.97,0.04
World_Top_5_MarketCap,5,2019,MSFT,SELL,0.0003,157.7,0.04
World_Top_5_MarketCap,5,2019,AAPL,SELL,0.0007,73.41,0.05
World_Top_5_MarketCap,5,2019,AMZN,SELL,0.0004,92.39,0.02
World_Top_5_MarketCap,5,2019,GOOGL,SELL,0.0005,66.97,0.01
World_Top_5_MarketCap,5,2019,MSFT,SELL,0.0001,157.7,0.01
World_Top_5_MarketCap,5,2019,AAPL,SELL,0.0001,73.41,0.01
World_Top_5_MarketCap,5,2019,AMZN,SELL,0.0001,92.39,0.0
World_Top_5_MarketCap,5,2019,GOOGL,SELL,0.0001,66.97,0.0
World_Top_5_MarketCap,5,2019,MSFT,SELL,0.0,157.7,0.0
World_Top_5_MarketCap,5,2019,AAPL,SELL,0.0,73.41,0.0
World_Top_5_MarketCap,5,2019,AMZN,SELL,0.0,92.39,0.0
World_Top_5_MarketCap,5,2019,GOOGL,SELL,0.0,66.97,0.0
World_Top_5_MarketCap,5,2019,MSFT,SELL,0.0,157.7,0.0
World_Top_5_MarketCap,5,2019,AAPL,SELL,0.0,73.41,0.0
World_Top_5_MarketCap,5,2019,AMZN,SELL,0.0,92.39,0.0
World_Top_5_MarketCap,5,2019,GOOGL,SELL,0.0,66.97,0.0
World_Top_5_MarketCap,5,2019,MSFT,SELL,0.0,157.7,0.0
World_Top_5_MarketCap,5,2019,AAPL,SELL,0.0,73.41,0.0
World_Top_5_MarketCap,5,2019,AMZN,SELL,0.0,92.39,0.0
World_Top_5_MarketCap,5,2019,GOOGL,SELL,0.0,66.97,0.0
World_Top_5_MarketCap,5,2019,AAPL,SELL,0.0,73.41,0.0
World_Top_5_MarketCap,5,2019,META,BUY,68.6625,205.25,0.0
World_Top_5_MarketCap,5,2020,AMZN,SELL,3.896,162.85,502.82
World_Top_5_MarketCap,5,2020,META,SELL,16.3733,273.16,1111.91
World_Top_5_MarketCap,5,2020,AMZN,SELL,0.8015,162.85,103.44
World_Top_5_MarketCap,5,2020,META,SELL,0.2447,273.16,16.62
World_Top_5_MarketCap,5,2020,AMZN,SELL,0.0445,162.85,5.74
World_Top_5_MarketCap,5,2020,META,SELL,0.0136,273.16,0.92
World_Top_5_MarketCap,5,2020,AMZN,SELL,0.0025,162.85,0.32
World_Top_5_MarketCap,5,2020,META,SELL,0.0008,273.16,0.05
World_Top_5_MarketCap,5,2020,AMZN,SELL,0.0001,162.85,0.02
World_Top_5_MarketCap,5,2020,META,SELL,0.0,273.16,0.0
World_Top_5_MarketCap,5,2020,AMZN,SELL,0.0,162.85,0.0
World_Top_5_MarketCap,5,2020,META,SELL,0.0,273.16,0.0
World_Top_5_MarketCap,5,2020,AMZN,SELL,0.0,162.85,0.0
World_Top_5_MarketCap,5,2020,META,SELL,0.0,273.16,0.0
World_Top_5_MarketCap,5,2020,AAPL,BUY,3.3815,132.69,0.0
World_Top_5_MarketCap,5,2020,MSFT,BUY,9.8184,222.42,0.0
World_Top_5_MarketCap,5,2020,GOOGL,BUY,29.0538,87.63,0.0
World_Top_5_MarketCap,5,2021,MSFT,SELL,5.8951,336.32,1802.94
World_Top_5_MarketCap,5,2021,AAPL,SELL,10.5842,177.57,1799.74
World_Top_5_MarketCap,5,2021,META,SELL,52.03,336.35,6821.14
World_Top_5_MarketCap,5,2021,MSFT,SELL,2.5862,336.32,790.96
World_Top_5_MarketCap,5,2021,AAPL,SELL,5.405,177.57,919.06
World_Top_5_MarketCap,5,2021,GOOGL,SELL,1.657,144.85,152.75
World_Top_5_MarketCap,5,2021,MSFT,SELL,0.4361,336.32,133.37
World_Top_5_MarketCap,5,2021,AAPL,SELL,0.9114,177.57,154.97
World_Top_5_MarketCap,5,2021,GOOGL,SELL,0.6983,144.85,64.37
World_Top_5_MarketCap,5,2021,MSFT,SELL,0.0826,336.32,25.25
World_Top_5_MarketCap,5,2021,AAPL,SELL,0.1726,177.57,29.34
World_Top_5_MarketCap,5,2021,GOOGL,SELL,0.1322,144.85,12.19
World_Top_5_MarketCap,5,2021,MSFT,SELL,0.0156,336.32,4.78
World_Top_5_MarketCap,5,2021,AAPL,SELL,0.0327,177.57,5.56
World_Top_5_MarketCap,5,2021,GOOGL,SELL,0.025,144.85,2.31
World_Top_5_MarketCap,5,2021,MSFT,SELL,0.003,336.32,0.91
World_Top_5_MarketCap,5,2021,AAPL,SELL,0.0062,177.57,1.05
World_Top_5_MarketCap,5,2021,GOOGL,SELL,0.0047,144.85,0.44
World_Top_5_MarketCap,5,2021,MSFT,SELL,0.0006,336.32,0.17
World_Top_5_MarketCap,5,2021,AAPL,SELL,0.0012,177.57,0.2
World_Top_5_MarketCap,5,2021,GOOGL,SELL,0.0009,144.85,0.08
World_Top_5_MarketCap,5,2021,MSFT,SELL,0.0001,336.32,0.03
World_Top_5_MarketCap,5,2021,AAPL,SELL,0.0002,177.57,0.04
World_Top_5_MarketCap,5,2021,GOOGL,SELL,0.0002,144.85,0.02
World_Top_5_MarketCap,5,2021,MSFT,SELL,0.0,336.32,0.01
World_Top_5_MarketCap,5,2021,AAPL,SELL,0.0,177.57,0.01
World_Top_5_MarketCap,5,2021,GOOGL,SELL,0.0,144.85,0.0
World_Top_5_MarketCap,5,2021,MSFT,SELL,0.0,336.32,0.0
World_Top_5_MarketCap,5,2021,AAPL,SELL,0.0,177.57,0.0
World_Top_5_MarketCap,5,2021,GOOGL,SELL,0.0,144.85,0.0
World_Top_5_MarketCap,5,2021,MSFT,SELL,0.0,336.32,0.0
World_Top_5_MarketCap,5,2021,AAPL,SELL,0.0,177.57,0.0
World_Top_5_MarketCap,5,2021,GOOGL,SELL,0.0,144.85,0.0
World_Top_5_MarketCap,5,2021,MSFT,SELL,0.0,336.32,0.0
World_Top_5_MarketCap,5,2021,AAPL,SELL,0.0,177.57,0.0
World_Top_5_MarketCap,5,2021,GOOGL,SELL,0.0,144.85,0.0
World_Top_5_MarketCap,5,2021,AMZN,BUY,8.8123,166.72,0.0
World_Top_5_MarketCap,5,2021,TSLA,BUY,54.1872,352.26,0.0
World_Top_5_MarketCap,5,2022,MSFT,SELL,6.6393,239.82,1389.88
World_Top_5_MarketCap,5,2022,AAPL,SELL,23.8772,129.93,2922.57
World_Top_5_MarketCap,5,2022,GOOGL,SELL,2.4698,88.23,87.83
World_Top_5_MarketCap,5,2022,TSLA,SELL,54.1872,123.18,-12413.21
World_Top_5_MarketCap,5,2022,MSFT,SELL,0.2248,239.82,47.07
World_Top_5_MarketCap,5,2022,AAPL,SELL,0.4534,129.93,55.5
World_Top_5_MarketCap,5,2022,GOOGL,SELL,0.3735,88.23,13.28
World_Top_5_MarketCap,5,2022,AMZN,BUY,8.1009,84.0,0.0
World_Top_5_MarketCap,5,2022,BRK.B,BUY,37.2212,308.9,0.0
World_Top_5_MarketCap,5,2023,AMZN,SELL,18.2597,151.94,2157.38
World_Top_5_MarketCap,5,2023,GOOGL,SELL,226.3352,139.69,18697.16
World_Top_5_MarketCap,5,2023,BRK.B,SELL,37.2212,356.66,1777.68
World_Top_5_MarketCap,5,2023,AAPL,SELL,6.5005,192.53,1202.58
World_Top_5_MarketCap,5,2023,AMZN,SELL,4.3775,151.94,517.2
World_Top_5_MarketCap,5,2023,AAPL,SELL,0.7977,192.53,147.57
World_Top_5_MarketCap,5,2023,AMZN,SELL,0.4896,151.94,57.85
World_Top_5_MarketCap,5,2023,AAPL,SELL,0.0953,192.53,17.63
World_Top_5_MarketCap,5,2023,AMZN,SELL,0.0585,151.94,6.91
World_Top_5_MarketCap,5,2023,AAPL,SELL,0.0114,192.53,2.11
World_Top_5_MarketCap,5,2023,AMZN,SELL,0.007,151.94,0.83
World_Top_5_MarketCap,5,2023,AAPL,SELL,0.0014,192.53,0.25
World_Top_5_MarketCap,5,2023,AMZN,SELL,0.0008,151.94,0.1
World_Top_5_MarketCap,5,2023,AAPL,SELL,0.0002,192.53,0.03
World_Top_5_MarketCap,5,2023,AMZN,SELL,0.0001,151.94,0.01
World_Top_5_MarketCap,5,2023,AAPL,SELL,0.0,192.53,0.0
World_Top_5_MarketCap,5,2023,AMZN,SELL,0.0,151.94,0.0
World_Top_5_MarketCap,5,2023,AAPL,SELL,0.0,192.53,0.0
World_Top_5_MarketCap,5,2023,AMZN,SELL,0.0,151.94,0.0
World_Top_5_MarketCap,5,2023,AAPL,SELL,0.0,192.53,0.0
World_Top_5_MarketCap,5,2023,AMZN,SELL,0.0,151.94,0.0
World_Top_5_MarketCap,5,2023,MSFT,BUY,4.9172,376.04,0.0
World_Top_5_MarketCap,5,2023,NVDA,BUY,536.022,49.52,0.0
World_Top_5_MarketCap,5,2023,META,BUY,47.7215,353.96,0.0
World_Top_5_MarketCap,5,2024,NVDA,SELL,40.2191,134.29,3409.37
World_Top_5_MarketCap,5,2024,META,SELL,1.5247,585.51,353.05
World_Top_5_MarketCap,5,2024,NVDA,SELL,2.5858,134.29,219.19
World_Top_5_MarketCap,5,2024,META,SELL,0.2409,585.51,55.79
World_Top_5_MarketCap,5,2024,NVDA,SELL,0.1554,134.29,13.17
World_Top_5_MarketCap,5,2024,META,SELL,0.0145,585.51,3.35
World_Top_5_MarketCap,5,2024,NVDA,SELL,0.0093,134.29,0.79
World_Top_5_MarketCap,5,2024,META,SELL,0.0009,585.51,0.2
World_Top_5_MarketCap,5,2024,NVDA,SELL,0.0006,134.29,0.05
World_Top_5_MarketCap,5,2024,META,SELL,0.0001,585.51,0.01
World_Top_5_MarketCap,5,2024,NVDA,SELL,0.0,134.29,0.0
World_Top_5_MarketCap,5,2024,META,SELL,0.0,585.51,0.0
World_Top_5_MarketCap,5,2024,NVDA,SELL,0.0,134.29,0.0
World_Top_5_MarketCap,5,2024,META,SELL,0.0,585.51,0.0
World_Top_5_MarketCap,5,2024,NVDA,SELL,0.0,134.29,0.0
World_Top_5_MarketCap,5,2024,AAPL,BUY,5.2849,250.42,0.0
World_Top_5_MarketCap,5,2024,MSFT,BUY,8.5475,421.5,0.0
World_Top_5_MarketCap,5,2024,AMZN,BUY,5.6511,219.39,0.0
World_Top_10_MarketCap,10,1994,GE,BUY,33.1701,40.74,0.0
World_Top_10_MarketCap,10,1994,SHEL,BUY,46.1486,26.94,0.0
World_Top_10_MarketCap,10,1994,T,BUY,23.6655,50.25,0.0
World_Top_10_MarketCap,10,1994,XOM,BUY,74.7291,15.19,0.0
World_Top_10_MarketCap,10,1994,KO,BUY,79.7381,12.88,0.0
World_Top_10_MarketCap,10,1994,TM,BUY,21.9417,41.88,0.0
World_Top_10_MarketCap,10,1994,MRK,BUY,47.5462,18.19,0.0
World_Top_10_MarketCap,10,1994,BP,BUY,40.6014,19.97,0.0
World_Top_10_MarketCap,10,1994,PG,BUY,48.823,15.5,0.0
World_Top_10_MarketCap,10,1994,MO,BUY,36.6564,19.17,0.0
World_Top_10_MarketCap,10,1995,T,SELL,0.1941,64.75,2.81
World_Top_10_MarketCap,10,1995,XOM,SELL,3.3583,20.28,17.09
World_Top_10_MarketCap,10,1995,MRK,SELL,5.9409,31.31,77.95
World_Top_10_MarketCap,10,1995,BP,SELL,40.6014,25.53,225.74
World_Top_10_MarketCap,10,1995,T,SELL,0.3325,64.75,4.82
World_Top_10_MarketCap,10,1995,XOM,SELL,1.011,20.28,5.15
World_Top_10_MarketCap,10,1995,MRK,SELL,0.5894,31.31,7.73
World_Top_10_MarketCap,10,1995,PG,SELL,0.6868,20.75,3.61
World_Top_10_MarketCap,10,1995,T,SELL,0.0107,64.75,0.16
World_Top_10_MarketCap,10,1995,XOM,SELL,0.0327,20.28,0.17
World_Top_10_MarketCap,10,1995,MRK,SELL,0.019,31.31,0.25
World_Top_10_MarketCap,10,1995,PG,SELL,0.0223,20.75,0.12
World_Top_10_MarketCap,10,1995,T,SELL,0.0003,64.75,0.01
World_Top_10_MarketCap,10,1995,XOM,SELL,0.0011,20.28,0.01
World_Top_10_MarketCap,10,1995,MRK,SELL,0.0006,31.31,0.01
World_Top_10_MarketCap,10,1995,PG,SELL,0.0007,20.75,0.0
World_Top_10_MarketCap,10,1995,T,SELL,0.0,64.75,0.0
World_Top_10_MarketCap,10,1995,XOM,SELL,0.0,20.28,0.0
World_Top_10_MarketCap,10,1995,MRK,SELL,0.0,31.31,0.0
World_Top_10_MarketCap,10,1995,PG,SELL,0.0,20.75,0.0
World_Top_10_MarketCap,10,1995,T,SELL,0.0,64.75,0.0
World_Top_10_MarketCap,10,1995,XOM,SELL,0.0,20.28,0.0
World_Top_10_MarketCap,10,1995,MRK,SELL,0.0,31.31,0.0
World_Top_10_MarketCap,10,1995,PG,SELL,0.0,20.75,0.0
World_Top_10_MarketCap,10,1995,GE,BUY,0.309,57.51,0.0
World_Top_10_MarketCap,10,1995,SHEL,BUY,2.362,35.28,0.0
World_Top_10_MarketCap,10,1995,KO,BUY,8.6317,18.56,0.0
World_Top_10_MarketCap,10,1995,TM,BUY,6.7513,42.25,0.0
World_Top_10_MarketCap,10,1995,MO,BUY,1.2748,30.08,0.0
World_Top_10_MarketCap,10,1995,MSFT,BUY,169.1675,5.48,0.0
World_Top_10_MarketCap,10,1996,GE,SELL,0.8154,78.98,31.18
World_Top_10_MarketCap,10,1996,KO,SELL,0.4599,26.31,6.18
World_Top_10_MarketCap,10,1996,TM,SELL,3.9395,57.5,61.53
World_Top_10_MarketCap,10,1996,MRK,SELL,1.1887,37.99,23.54
World_Top_10_MarketCap,10,1996,PG,SELL,48.1132,26.91,548.97
World_Top_10_MarketCap,10,1996,MO,SELL,2.5085,37.67,46.41
World_Top_10_MarketCap,10,1996,MSFT,SELL,14.1582,10.33,68.67
World_Top_10_MarketCap,10,1996,GE,SELL,0.6227,78.98,23.81
World_Top_10_MarketCap,10,1996,KO,SELL,1.6758,26.31,22.51
World_Top_10_MarketCap,10,1996,TM,SELL,0.4719,57.5,7.37
World_Top_10_MarketCap,10,1996,MRK,SELL,0.7589,37.99,15.03
World_Top_10_MarketCap,10,1996,MO,SELL,0.6753,37.67,12.49
World_Top_10_MarketCap,10,1996,MSFT,SELL,2.955,10.33,14.33
World_Top_10_MarketCap,10,1996,GE,SELL,0.0526,78.98,2.01
World_Top_10_MarketCap,10,1996,KO,SELL,0.1416,26.31,1.9
World_Top_10_MarketCap,10,1996,TM,SELL,0.0399,57.5,0.62
World_Top_10_MarketCap,10,1996,MRK,SELL,0.0641,37.99,1.27
World_Top_10_MarketCap,10,1996,MO,SELL,0.0571,37.67,1.06
World_Top_10_MarketCap,10,1996,MSFT,SELL,0.2497,10.33,1.21
World_Top_10_MarketCap,10,1996,GE,SELL,0.0044,78.98,0.17
World_Top_10_MarketCap,10,1996,KO,SELL,0.012,26.31,0.16
World_Top_10_MarketCap,10,1996,TM,SELL,0.0034,57.5,0.05
World_Top_10_MarketCap,10,1996,MRK,SELL,0.0054,37.99,0.11
World_Top_10_MarketCap,10,1996,MO,SELL,0.0048,37.67,0.09
World_Top_10_MarketCap,10,1996,MSFT,SELL,0.0211,10.33,0.1
World_Top_10_MarketCap,10,1996,GE,SELL,0.0004,78.98,0.01
World_Top_10_MarketCap,10,1996,KO,SELL,0.001,26.31,0.01
World_Top_10_MarketCap,10,1996,TM,SELL,0.0003,57.5,0.0
World_Top_10_MarketCap,10,1996,MRK,SELL,0.0005,37.99,0.01
World_Top_10_MarketCap,10,1996,MO,SELL,0.0004,37.67,0.01
World_Top_10_MarketCap,10,1996,MSFT,SELL,0.0018,10.33,0.01
World_Top_10_MarketCap,10,1996,GE,SELL,0.0,78.98,0.0
World_Top_10_MarketCap,10,1996,KO,SELL,0.0001,26.31,0.0
World_Top_10_MarketCap,10,1996,TM,SELL,0.0,57.5,0.0
World_Top_10_MarketCap,10,1996,MRK,SELL,0.0,37.99,0.0
World_Top_10_MarketCap,10,1996,MO,SELL,0.0,37.67,0.0
World_Top_10_MarketCap,10,1996,MSFT,SELL,0.0002,10.33,0.0
World_Top_10_MarketCap,10,1996,GE,SELL,0.0,78.98,0.0
World_Top_10_MarketCap,10,1996,KO,SELL,0.0,26.31,0.0
World_Top_10_MarketCap,10,1996,TM,SELL,0.0,57.5,0.0
World_Top_10_MarketCap,10,1996,MRK,SELL,0.0,37.99,0.0
World_Top_10_MarketCap,10,1996,MO,SELL,0.0,37.67,0.0
World_Top_10_MarketCap,10,1996,MSFT,SELL,0.0,10.33,0.0
World_Top_10_MarketCap,10,1996,GE,SELL,0.0,78.98,0.0
World_Top_10_MarketCap,10,1996,KO,SELL,0.0,26.31,0.0
World_Top_10_MarketCap,10,1996,TM,SELL,0.0,57.5,0.0
World_Top_10_MarketCap,10,1996,MRK,SELL,0.0,37.99,0.0
World_Top_10_MarketCap,10,1996,MO,SELL,0.0,37.67,0.0
World_Top_10_MarketCap,10,1996,MSFT,SELL,0.0,10.33,0.0
World_Top_10_MarketCap,10,1996,SHEL,BUY,0.4596,42.69,0.0
World_Top_10_MarketCap,10,1996,XOM,BUY,7.8914,24.5,0.0
World_Top_10_MarketCap,10,1996,T,BUY,16.9209,43.5,0.0
World_Top_10_MarketCap,10,1996,INTC,BUY,69.1738,16.37,0.0
World_Top_10_MarketCap,10,1997,GE,SELL,1.3354,117.22,102.13
World_Top_10_MarketCap,10,1997,SHEL,SELL,2.7638,54.19,75.31
World_Top_10_MarketCap,10,1997,T,SELL,40.0486,61.25,554.75
World_Top_10_MarketCap,10,1997,XOM,SELL,3.4808,30.59,53.6
World_Top_10_MarketCap,10,1997,KO,SELL,4.446,33.34,90.96
World_Top_10_MarketCap,10,1997,MRK,SELL,0.2285,50.57,7.4
World_Top_10_MarketCap,10,1997,MO,SELL,34.6851,45.25,890.68
World_Top_10_MarketCap,10,1997,GE,SELL,0.8514,117.22,65.12
World_Top_10_MarketCap,10,1997,SHEL,SELL,1.2837,54.19,34.98
World_Top_10_MarketCap,10,1997,XOM,SELL,2.0762,30.59,31.97
World_Top_10_MarketCap,10,1997,KO,SELL,2.2678,33.34,46.4
World_Top_10_MarketCap,10,1997,MRK,SELL,1.0765,50.57,34.86
World_Top_10_MarketCap,10,1997,GE,SELL,0.085,117.22,6.5
World_Top_10_MarketCap,10,1997,SHEL,SELL,0.1281,54.19,3.49
World_Top_10_MarketCap,10,1997,XOM,SELL,0.2072,30.59,3.19
World_Top_10_MarketCap,10,1997,KO,SELL,0.2264,33.34,4.63
World_Top_10_MarketCap,10,1997,MRK,SELL,0.1075,50.57,3.48
World_Top_10_MarketCap,10,1997,GE,SELL,0.0085,117.22,0.65
World_Top_10_MarketCap,10,1997,SHEL,SELL,0.0128,54.19,0.35
World_Top_10_MarketCap,10,1997,XOM,SELL,0.0207,30.59,0.32
World_Top_10_MarketCap,10,1997,KO,SELL,0.0226,33.34,0.46
World_Top_10_MarketCap,10,1997,MRK,SELL,0.0107,50.57,0.35
World_Top_10_MarketCap,10,1997,GE,SELL,0.0008,117.22,0.06
World_Top_10_MarketCap,10,1997,SHEL,SELL,0.0013,54.19,0.03
World_Top_10_MarketCap,10,1997,XOM,SELL,0.0021,30.59,0.03
World_Top_10_MarketCap,10,1997,KO,SELL,0.0023,33.34,0.05
World_Top_10_MarketCap,10,1997,MRK,SELL,0.0011,50.57,0.03
World_Top_10_MarketCap,10,1997,GE,SELL,0.0001,117.22,0.01
World_Top_10_MarketCap,10,1997,SHEL,SELL,0.0001,54.19,0.0
World_Top_10_MarketCap,10,1997,XOM,SELL,0.0002,30.59,0.0
World_Top_10_MarketCap,10,1997,KO,SELL,0.0002,33.34,0.0
World_Top_10_MarketCap,10,1997,MRK,SELL,0.0001,50.57,0.0
World_Top_10_MarketCap,10,1997,GE,SELL,0.0,117.22,0.0
World_Top_10_MarketCap,10,1997,SHEL,SELL,0.0,54.19,0.0
World_Top_10_MarketCap,10,1997,XOM,SELL,0.0,30.59,0.0
World_Top_10_MarketCap,10,1997,KO,SELL,0.0,33.34,0.0
World_Top_10_MarketCap,10,1997,MRK,SELL,0.0,50.57,0.0
World_Top_10_MarketCap,10,1997,GE,SELL,0.0,117.22,0.0
World_Top_10_MarketCap,10,1997,SHEL,SELL,0.0,54.19,0.0
World_Top_10_MarketCap,10,1997,XOM,SELL,0.0,30.59,0.0
World_Top_10_MarketCap,10,1997,KO,SELL,0.0,33.34,0.0
World_Top_10_MarketCap,10,1997,MRK,SELL,0.0,50.57,0.0
World_Top_10_MarketCap,10,1997,SHEL,SELL,0.0,54.19,0.0
World_Top_10_MarketCap,10,1997,XOM,SELL,0.0,30.59,0.0
World_Top_10_MarketCap,10,1997,KO,SELL,0.0,33.34,0.0
World_Top_10_MarketCap,10,1997,MRK,SELL,0.0,50.57,0.0
World_Top_10_MarketCap,10,1997,MSFT,BUY,24.498,16.16,0.0
World_Top_10_MarketCap,10,1997,INTC,BUY,44.9849,17.56,0.0
World_Top_10_MarketCap,10,1997,PG,BUY,44.9414,39.91,0.0
World_Top_10_MarketCap,10,1997,JNJ,BUY,48.0449,32.94,0.0
World_Top_10_MarketCap,10,1997,TM,BUY,1.5042,57.38,0.0
World_Top_10_MarketCap,10,1998,XOM,SELL,5.2267,36.56,111.69
World_Top_10_MarketCap,10,1998,KO,SELL,13.9212,33.5,287.05
World_Top_10_MarketCap,10,1998,TM,SELL,25.7423,53.19,265.33
World_Top_10_MarketCap,10,1998,MRK,SELL,8.4585,70.37,441.37
World_Top_10_MarketCap,10,1998,MSFT,SELL,22.7344,34.67,663.62
World_Top_10_MarketCap,10,1998,INTC,SELL,8.2393,29.64,109.34
World_Top_10_MarketCap,10,1998,PG,SELL,44.9414,45.66,258.41
World_Top_10_MarketCap,10,1998,JNJ,SELL,48.0449,41.94,432.4
World_Top_10_MarketCap,10,1998,GE,SELL,0.408,162.94,49.86
World_Top_10_MarketCap,10,1998,XOM,SELL,1.924,36.56,41.12
World_Top_10_MarketCap,10,1998,KO,SELL,1.8665,33.5,38.49
World_Top_10_MarketCap,10,1998,MRK,SELL,0.833,70.37,43.47
World_Top_10_MarketCap,10,1998,MSFT,SELL,4.396,34.67,128.32
World_Top_10_MarketCap,10,1998,INTC,SELL,3.0324,29.64,40.24
World_Top_10_MarketCap,10,1998,GE,SELL,0.1024,162.94,12.52
World_Top_10_MarketCap,10,1998,XOM,SELL,0.2282,36.56,4.88
World_Top_10_MarketCap,10,1998,KO,SELL,0.2214,33.5,4.57
World_Top_10_MarketCap,10,1998,MRK,SELL,0.0988,70.37,5.16
World_Top_10_MarketCap,10,1998,MSFT,SELL,0.5214,34.67,15.22
World_Top_10_MarketCap,10,1998,INTC,SELL,0.3597,29.64,4.77
World_Top_10_MarketCap,10,1998,GE,SELL,0.0141,162.94,1.73
World_Top_10_MarketCap,10,1998,XOM,SELL,0.0315,36.56,0.67
World_Top_10_MarketCap,10,1998,KO,SELL,0.0305,33.5,0.63
World_Top_10_MarketCap,10,1998,MRK,SELL,0.0136,70.37,0.71
World_Top_10_MarketCap,10,1998,MSFT,SELL,0.0719,34.67,2.1
World_Top_10_MarketCap,10,1998,INTC,SELL,0.0496,29.64,0.66
World_Top_10_MarketCap,10,1998,GE,SELL,0.0019,162.94,0.24
World_Top_10_MarketCap,10,1998,XOM,SELL,0.0043,36.56,0.09
World_Top_10_MarketCap,10,1998,KO,SELL,0.0042,33.5,0.09
World_Top_10_MarketCap,10,1998,MRK,SELL,0.0019,70.37,0.1
World_Top_10_MarketCap,10,1998,MSFT,SELL,0.0099,34.67,0.29
World_Top_10_MarketCap,10,1998,INTC,SELL,0.0068,29.64,0.09
World_Top_10_MarketCap,10,1998,GE,SELL,0.0003,162.94,0.03
World_Top_10_MarketCap,10,1998,XOM,SELL,0.0006,36.56,0.01
World_Top_10_MarketCap,10,1998,KO,SELL,0.0006,33.5,0.01
World_Top_10_MarketCap,10,1998,MRK,SELL,0.0003,70.37,0.01
World_Top_10_MarketCap,10,1998,MSFT,SELL,0.0014,34.67,0.04
World_Top_10_MarketCap,10,1998,INTC,SELL,0.0009,29.64,0.01
World_Top_10_MarketCap,10,1998,GE,SELL,0.0,162.94,0.0
World_Top_10_MarketCap,10,1998,XOM,SELL,0.0001,36.56,0.0
World_Top_10_MarketCap,10,1998,KO,SELL,0.0001,33.5,0.0
World_Top_10_MarketCap,10,1998,MRK,SELL,0.0,70.37,0.0
World_Top_10_MarketCap,10,1998,MSFT,SELL,0.0002,34.67,0.01
World_Top_10_MarketCap,10,1998,INTC,SELL,0.0001,29.64,0.0
World_Top_10_MarketCap,10,1998,GE,SELL,0.0,162.94,0.0
World_Top_10_MarketCap,10,1998,XOM,SELL,0.0,36.56,0.0
World_Top_10_MarketCap,10,1998,KO,SELL,0.0,33.5,0.0
World_Top_10_MarketCap,10,1998,MRK,SELL,0.0,70.37,0.0
World_Top_10_MarketCap,10,1998,MSFT,SELL,0.0,34.67,0.0
World_Top_10_MarketCap,10,1998,INTC,SELL,0.0,29.64,0.0
World_Top_10_MarketCap,10,1998,GE,SELL,0.0,162.94,0.0
World_Top_10_MarketCap,10,1998,XOM,SELL,0.0,36.56,0.0
World_Top_10_MarketCap,10,1998,KO,SELL,0.0,33.5,0.0
World_Top_10_MarketCap,10,1998,MRK,SELL,0.0,70.37,0.0
World_Top_10_MarketCap,10,1998,MSFT,SELL,0.0,34.67,0.0
World_Top_10_MarketCap,10,1998,INTC,SELL,0.0,29.64,0.0
World_Top_10_MarketCap,10,1998,XOM,SELL,0.0,36.56,0.0
World_Top_10_MarketCap,10,1998,KO,SELL,0.0,33.5,0.0
World_Top_10_MarketCap,10,1998,MSFT,SELL,0.0,34.67,0.0
World_Top_10_MarketCap,10,1998,INTC,SELL,0.0,29.64,0.0
World_Top_10_MarketCap,10,1998,GE,SELL,0.0,162.94,0.0
World_Top_10_MarketCap,10,1998,MRK,SELL,0.0,70.37,0.0
World_Top_10_MarketCap,10,1998,CSCO,BUY,119.5299,23.2,0.0
World_Top_10_MarketCap,10,1998,WMT,BUY,194.6236,13.57,0.0
World_Top_10_MarketCap,10,1998,SHEL,BUY,7.6212,47.88,0.0
World_Top_10_MarketCap,10,1998,PFE,BUY,46.7678,39.53,0.0
World_Top_10_MarketCap,10,1999,GE,SELL,2.7885,247.21,575.74
World_Top_10_MarketCap,10,1999,SHEL,SELL,5.4494,60.56,183.21
World_Top_10_MarketCap,10,1999,MRK,SELL,28.1481,64.11,1292.56
World_Top_10_MarketCap,10,1999,MSFT,SELL,16.7529,58.38,886.23
World_Top_10_MarketCap,10,1999,INTC,SELL,9.0053,41.16,223.24
World_Top_10_MarketCap,10,1999,CSCO,SELL,22.7212,53.56,689.82
World_Top_10_MarketCap,10,1999,WMT,SELL,13.1343,23.04,124.38
World_Top_10_MarketCap,10,1999,GE,SELL,0.8007,247.21,165.33
World_Top_10_MarketCap,10,1999,SHEL,SELL,1.4248,60.56,47.9
World_Top_10_MarketCap,10,1999,MSFT,SELL,3.9994,58.38,211.57
World_Top_10_MarketCap,10,1999,INTC,SELL,2.8363,41.16,70.31
World_Top_10_MarketCap,10,1999,CSCO,SELL,2.9378,53.56,89.19
World_Top_10_MarketCap,10,1999,WMT,SELL,5.5075,23.04,52.16
World_Top_10_MarketCap,10,1999,GE,SELL,0.1195,247.21,24.68
World_Top_10_MarketCap,10,1999,SHEL,SELL,0.2127,60.56,7.15
World_Top_10_MarketCap,10,1999,MSFT,SELL,0.597,58.38,31.58
World_Top_10_MarketCap,10,1999,INTC,SELL,0.4234,41.16,10.5
World_Top_10_MarketCap,10,1999,CSCO,SELL,0.4385,53.56,13.31
World_Top_10_MarketCap,10,1999,WMT,SELL,0.8221,23.04,7.79
World_Top_10_MarketCap,10,1999,GE,SELL,0.0178,247.21,3.68
World_Top_10_MarketCap,10,1999,SHEL,SELL,0.0318,60.56,1.07
World_Top_10_MarketCap,10,1999,MSFT,SELL,0.0891,58.38,4.71
World_Top_10_MarketCap,10,1999,INTC,SELL,0.0632,41.16,1.57
World_Top_10_MarketCap,10,1999,CSCO,SELL,0.0655,53.56,1.99
World_Top_10_MarketCap,10,1999,WMT,SELL,0.1227,23.04,1.16
World_Top_10_MarketCap,10,1999,GE,SELL,0.0027,247.21,0.55
World_Top_10_MarketCap,10,1999,SHEL,SELL,0.0047,60.56,0.16
World_Top_10_MarketCap,10,1999,MSFT,SELL,0.0133,58.38,0.7
World_Top_10_MarketCap,10,1999,INTC,SELL,0.0094,41.16,0.23
World_Top_10_MarketCap,10,1999,CSCO,SELL,0.0098,53.56,0.3
World_Top_10_MarketCap,10,1999,WMT,SELL,0.0183,23.04,0.17
World_Top_10_MarketCap,10,1999,GE,SELL,0.0004,247.21,0.08
World_Top_10_MarketCap,10,1999,SHEL,SELL,0.0007,60.56,0.02
World_Top_10_MarketCap,10,1999,MSFT,SELL,0.002,58.38,0.11
World_Top_10_MarketCap,10,1999,INTC,SELL,0.0014,41.16,0.03
World_Top_10_MarketCap,10,1999,CSCO,SELL,0.0015,53.56,0.04
World_Top_10_MarketCap,10,1999,WMT,SELL,0.0027,23.04,0.03
World_Top_10_MarketCap,10,1999,GE,SELL,0.0001,247.21,0.01
World_Top_10_MarketCap,10,1999,SHEL,SELL,0.0001,60.56,0.0
World_Top_10_MarketCap,10,1999,MSFT,SELL,0.0003,58.38,0.02
World_Top_10_MarketCap,10,1999,INTC,SELL,0.0002,41.16,0.01
World_Top_10_MarketCap,10,1999,CSCO,SELL,0.0002,53.56,0.01
World_Top_10_MarketCap,10,1999,WMT,SELL,0.0004,23.04,0.0
World_Top_10_MarketCap,10,1999,GE,SELL,0.0,247.21,0.0
World_Top_10_MarketCap,10,1999,SHEL,SELL,0.0,60.56,0.0
World_Top_10_MarketCap,10,1999,MSFT,SELL,0.0,58.38,0.0
World_Top_10_MarketCap,10,1999,INTC,SELL,0.0,41.16,0.0
World_Top_10_MarketCap,10,1999,CSCO,SELL,0.0,53.56,0.0
World_Top_10_MarketCap,10,1999,WMT,SELL,0.0001,23.04,0.0
World_Top_10_MarketCap,10,1999,GE,SELL,0.0,247.21,0.0
World_Top_10_MarketCap,10,1999,SHEL,SELL,0.0,60.56,0.0
World_Top_10_MarketCap,10,1999,MSFT,SELL,0.0,58.38,0.0
World_Top_10_MarketCap,10,1999,INTC,SELL,0.0,41.16,0.0
World_Top_10_MarketCap,10,1999,CSCO,SELL,0.0,53.56,0.0
World_Top_10_MarketCap,10,1999,WMT,SELL,0.0,23.04,0.0
World_Top_10_MarketCap,10,1999,GE,SELL,0.0,247.21,0.0
World_Top_10_MarketCap,10,1999,SHEL,SELL,0.0,60.56,0.0
World_Top_10_MarketCap,10,1999,MSFT,SELL,0.0,58.38,0.0
World_Top_10_MarketCap,10,1999,INTC,SELL,0.0,41.16,0.0
World_Top_10_MarketCap,10,1999,CSCO,SELL,0.0,53.56,0.0
World_Top_10_MarketCap,10,1999,WMT,SELL,0.0,23.04,0.0
World_Top_10_MarketCap,10,1999,MSFT,SELL,0.0,58.38,0.0
World_Top_10_MarketCap,10,1999,INTC,SELL,0.0,41.16,0.0
World_Top_10_MarketCap,10,1999,CSCO,SELL,0.0,53.56,0.0
World_Top_10_MarketCap,10,1999,WMT,SELL,0.0,23.04,0.0
World_Top_10_MarketCap,10,1999,XOM,BUY,19.0761,40.28,0.0
World_Top_10_MarketCap,10,1999,IBM,BUY,29.7158,103.13,0.0
World_Top_10_MarketCap,10,1999,PFE,BUY,37.0759,30.78,0.0
World_Top_10_MarketCap,10,1999,KO,BUY,20.0146,29.12,0.0
World_Top_10_MarketCap,10,2000,GE,SELL,2.2176,229.74,419.13
World_Top_10_MarketCap,10,2000,SHEL,SELL,3.537,60.56,118.92
World_Top_10_MarketCap,10,2000,KO,SELL,83.0842,30.47,1087.39
World_Top_10_MarketCap,10,2000,INTC,SELL,90.1304,30.06,1180.35
World_Top_10_MarketCap,10,2000,CSCO,SELL,1.5691,38.25,23.61
World_Top_10_MarketCap,10,2000,WMT,SELL,8.4938,17.71,35.16
World_Top_10_MarketCap,10,2000,IBM,SELL,29.7158,81.26,-649.88
World_Top_10_MarketCap,10,2000,GE,SELL,0.526,229.74,99.42
World_Top_10_MarketCap,10,2000,SHEL,SELL,0.9453,60.56,31.78
World_Top_10_MarketCap,10,2000,CSCO,SELL,2.0787,38.25,31.28
World_Top_10_MarketCap,10,2000,WMT,SELL,3.7712,17.71,15.61
World_Top_10_MarketCap,10,2000,GE,SELL,0.0373,229.74,7.05
World_Top_10_MarketCap,10,2000,SHEL,SELL,0.067,60.56,2.25
World_Top_10_MarketCap,10,2000,CSCO,SELL,0.1473,38.25,2.22
World_Top_10_MarketCap,10,2000,WMT,SELL,0.2673,17.71,1.11
World_Top_10_MarketCap,10,2000,GE,SELL,0.0026,229.74,0.5
World_Top_10_MarketCap,10,2000,SHEL,SELL,0.0047,60.56,0.16
World_Top_10_MarketCap,10,2000,CSCO,SELL,0.0104,38.25,0.16
World_Top_10_MarketCap,10,2000,WMT,SELL,0.0189,17.71,0.08
World_Top_10_MarketCap,10,2000,GE,SELL,0.0002,229.74,0.04
World_Top_10_MarketCap,10,2000,SHEL,SELL,0.0003,60.56,0.01
World_Top_10_MarketCap,10,2000,CSCO,SELL,0.0007,38.25,0.01
World_Top_10_MarketCap,10,2000,WMT,SELL,0.0013,17.71,0.01
World_Top_10_MarketCap,10,2000,GE,SELL,0.0,229.74,0.0
World_Top_10_MarketCap,10,2000,SHEL,SELL,0.0,60.56,0.0
World_Top_10_MarketCap,10,2000,CSCO,SELL,0.0001,38.25,0.0
World_Top_10_MarketCap,10,2000,WMT,SELL,0.0001,17.71,0.0
World_Top_10_MarketCap,10,2000,GE,SELL,0.0,229.74,0.0
World_Top_10_MarketCap,10,2000,SHEL,SELL,0.0,60.56,0.0
World_Top_10_MarketCap,10,2000,CSCO,SELL,0.0,38.25,0.0
World_Top_10_MarketCap,10,2000,WMT,SELL,0.0,17.71,0.0
World_Top_10_MarketCap,10,2000,SHEL,SELL,0.0,60.56,0.0
World_Top_10_MarketCap,10,2000,CSCO,SELL,0.0,38.25,0.0
World_Top_10_MarketCap,10,2000,WMT,SELL,0.0,17.71,0.0
World_Top_10_MarketCap,10,2000,XOM,BUY,16.7679,43.47,0.0
World_Top_10_MarketCap,10,2000,PFE,BUY,0.9244,43.64,0.0
World_Top_10_MarketCap,10,2000,MSFT,BUY,18.1948,21.69,0.0
World_Top_10_MarketCap,10,2000,C,BUY,5.3664,510.62,0.0
World_Top_10_MarketCap,10,2000,BP,BUY,48.6461,47.88,0.0
World_Top_10_MarketCap,10,2000,AIG,BUY,1.1121,1971.25,0.0
World_Top_10_MarketCap,10,2001,XOM,SELL,7.28,39.3,175.52
World_Top_10_MarketCap,10,2001,MSFT,SELL,18.9294,33.12,523.21
World_Top_10_MarketCap,10,2001,CSCO,SELL,89.5491,18.11,-455.81
World_Top_10_MarketCap,10,2001,PFE,SELL,21.0418,37.81,-36.19
World_Top_10_MarketCap,10,2001,BP,SELL,5.0201,46.51,-6.88
World_Top_10_MarketCap,10,2001,XOM,SELL,0.5365,39.3,12.94
World_Top_10_MarketCap,10,2001,MSFT,SELL,0.7244,33.12,20.02
World_Top_10_MarketCap,10,2001,PFE,SELL,0.3654,37.81,-0.63
World_Top_10_MarketCap,10,2001,BP,SELL,0.2501,46.51,-0.34
World_Top_10_MarketCap,10,2001,XOM,SELL,0.0298,39.3,0.72
World_Top_10_MarketCap,10,2001,MSFT,SELL,0.0402,33.12,1.11
World_Top_10_MarketCap,10,2001,PFE,SELL,0.0203,37.81,-0.03
World_Top_10_MarketCap,10,2001,BP,SELL,0.0139,46.51,-0.02
World_Top_10_MarketCap,10,2001,XOM,SELL,0.0016,39.3,0.04
World_Top_10_MarketCap,10,2001,MSFT,SELL,0.0022,33.12,0.06
World_Top_10_MarketCap,10,2001,PFE,SELL,0.0011,37.81,-0.0
World_Top_10_MarketCap,10,2001,BP,SELL,0.0008,46.51,-0.0
World_Top_10_MarketCap,10,2001,XOM,SELL,0.0001,39.3,0.0
World_Top_10_MarketCap,10,2001,MSFT,SELL,0.0001,33.12,0.0
World_Top_10_MarketCap,10,2001,PFE,SELL,0.0001,37.81,-0.0
World_Top_10_MarketCap,10,2001,BP,SELL,0.0,46.51,-0.0
World_Top_10_MarketCap,10,2001,XOM,SELL,0.0,39.3,0.0
World_Top_10_MarketCap,10,2001,MSFT,SELL,0.0,33.12,0.0
World_Top_10_MarketCap,10,2001,PFE,SELL,0.0,37.81,-0.0
World_Top_10_MarketCap,10,2001,BP,SELL,0.0,46.51,-0.0
World_Top_10_MarketCap,10,2001,XOM,SELL,0.0,39.3,0.0
World_Top_10_MarketCap,10,2001,MSFT,SELL,0.0,33.12,0.0
World_Top_10_MarketCap,10,2001,PFE,SELL,0.0,37.81,-0.0
World_Top_10_MarketCap,10,2001,BP,SELL,0.0,46.51,-0.0
World_Top_10_MarketCap,10,2001,GE,BUY,1.6178,192.08,0.0
World_Top_10_MarketCap,10,2001,WMT,BUY,8.4019,19.18,0.0
World_Top_10_MarketCap,10,2001,C,BUY,0.6262,504.8,0.0
World_Top_10_MarketCap,10,2001,SHEL,BUY,13.2745,49.02,0.0
World_Top_10_MarketCap,10,2001,JNJ,BUY,38.3895,59.1,0.0
World_Top_10_MarketCap,10,2001,AIG,BUY,0.0785,1588.0,0.0
World_Top_10_MarketCap,10,2002,SHEL,SELL,5.7357,44.02,97.97
World_Top_10_MarketCap,10,2002,XOM,SELL,7.8854,34.94,155.74
World_Top_10_MarketCap,10,2002,WMT,SELL,6.8605,16.84,22.43
World_Top_10_MarketCap,10,2002,C,SELL,0.5592,351.9,-88.75
World_Top_10_MarketCap,10,2002,BP,SELL,1.5509,40.65,-11.21
World_Top_10_MarketCap,10,2002,JNJ,SELL,0.8125,53.71,-4.38
World_Top_10_MarketCap,10,2002,SHEL,SELL,0.4555,44.02,7.78
World_Top_10_MarketCap,10,2002,XOM,SELL,0.8035,34.94,15.87
World_Top_10_MarketCap,10,2002,WMT,SELL,1.548,16.84,5.06
World_Top_10_MarketCap,10,2002,C,SELL,0.0513,351.9,-8.14
World_Top_10_MarketCap,10,2002,BP,SELL,0.3946,40.65,-2.85
World_Top_10_MarketCap,10,2002,JNJ,SELL,0.3547,53.71,-1.91
World_Top_10_MarketCap,10,2002,SHEL,SELL,0.0094,44.02,0.16
World_Top_10_MarketCap,10,2002,XOM,SELL,0.0166,34.94,0.33
World_Top_10_MarketCap,10,2002,WMT,SELL,0.032,16.84,0.1
World_Top_10_MarketCap,10,2002,C,SELL,0.0011,351.9,-0.17
World_Top_10_MarketCap,10,2002,BP,SELL,0.0082,40.65,-0.06
World_Top_10_MarketCap,10,2002,JNJ,SELL,0.0073,53.71,-0.04
World_Top_10_MarketCap,10,2002,SHEL,SELL,0.0002,44.02,0.0
World_Top_10_MarketCap,10,2002,XOM,SELL,0.0003,34.94,0.01
World_Top_10_MarketCap,10,2002,WMT,SELL,0.0007,16.84,0.0
World_Top_10_MarketCap,10,2002,C,SELL,0.0,351.9,-0.0
World_Top_10_MarketCap,10,2002,BP,SELL,0.0002,40.65,-0.0
World_Top_10_MarketCap,10,2002,JNJ,SELL,0.0002,53.71,-0.0
World_Top_10_MarketCap,10,2002,SHEL,SELL,0.0,44.02,0.0
World_Top_10_MarketCap,10,2002,XOM,SELL,0.0,34.94,0.0
World_Top_10_MarketCap,10,2002,WMT,SELL,0.0,16.84,0.0
World_Top_10_MarketCap,10,2002,C,SELL,0.0,351.9,-0.0
World_Top_10_MarketCap,10,2002,BP,SELL,0.0,40.65,-0.0
World_Top_10_MarketCap,10,2002,JNJ,SELL,0.0,53.71,-0.0
World_Top_10_MarketCap,10,2002,XOM,SELL,0.0,34.94,0.0
World_Top_10_MarketCap,10,2002,WMT,SELL,0.0,16.84,0.0
World_Top_10_MarketCap,10,2002,MSFT,BUY,12.7792,25.85,0.0
World_Top_10_MarketCap,10,2002,GE,BUY,3.6654,116.7,0.0
World_Top_10_MarketCap,10,2002,PFE,BUY,16.4678,29.0,0.0
World_Top_10_MarketCap,10,2002,AIG,BUY,0.1733,1157.0,0.0
World_Top_10_MarketCap,10,2003,GE,SELL,3.232,148.47,348.19
World_Top_10_MarketCap,10,2003,SHEL,SELL,1.1061,52.39,28.15
World_Top_10_MarketCap,10,2003,XOM,SELL,3.762,41.0,97.1
World_Top_10_MarketCap,10,2003,GE,SELL,0.2662,148.47,28.68
World_Top_10_MarketCap,10,2003,SHEL,SELL,0.503,52.39,12.8
World_Top_10_MarketCap,10,2003,XOM,SELL,0.8677,41.0,22.4
World_Top_10_MarketCap,10,2003,GE,SELL,0.0167,148.47,1.8
World_Top_10_MarketCap,10,2003,SHEL,SELL,0.0315,52.39,0.8
World_Top_10_MarketCap,10,2003,XOM,SELL,0.0544,41.0,1.4
World_Top_10_MarketCap,10,2003,GE,SELL,0.001,148.47,0.11
World_Top_10_MarketCap,10,2003,SHEL,SELL,0.002,52.39,0.05
World_Top_10_MarketCap,10,2003,XOM,SELL,0.0034,41.0,0.09
World_Top_10_MarketCap,10,2003,GE,SELL,0.0001,148.47,0.01
World_Top_10_MarketCap,10,2003,SHEL,SELL,0.0001,52.39,0.0
World_Top_10_MarketCap,10,2003,XOM,SELL,0.0002,41.0,0.01
World_Top_10_MarketCap,10,2003,GE,SELL,0.0,148.47,0.0
World_Top_10_MarketCap,10,2003,SHEL,SELL,0.0,52.39,0.0
World_Top_10_MarketCap,10,2003,XOM,SELL,0.0,41.0,0.0
World_Top_10_MarketCap,10,2003,GE,SELL,0.0,148.47,0.0
World_Top_10_MarketCap,10,2003,SHEL,SELL,0.0,52.39,0.0
World_Top_10_MarketCap,10,2003,XOM,SELL,0.0,41.0,0.0
World_Top_10_MarketCap,10,2003,MSFT,BUY,7.4011,27.37,0.0
World_Top_10_MarketCap,10,2003,PFE,BUY,10.3629,33.52,0.0
World_Top_10_MarketCap,10,2003,WMT,BUY,1.6943,17.68,0.0
World_Top_10_MarketCap,10,2003,C,BUY,0.0985,485.4,0.0
World_Top_10_MarketCap,10,2003,JNJ,BUY,7.2509,51.66,0.0
World_Top_10_MarketCap,10,2003,BP,BUY,0.2401,49.35,0.0
World_Top_10_MarketCap,10,2003,AIG,BUY,0.0042,1325.6,0.0
World_Top_10_MarketCap,10,2004,SHEL,SELL,4.4842,57.38,136.5
World_Top_10_MarketCap,10,2004,MSFT,SELL,11.5436,26.72,245.19
World_Top_10_MarketCap,10,2004,AIG,SELL,1.3681,1313.4,-726.09
World_Top_10_MarketCap,10,2004,JNJ,SELL,8.8592,63.42,38.27
World_Top_10_MarketCap,10,2004,SHEL,SELL,0.422,57.38,12.85
World_Top_10_MarketCap,10,2004,XOM,SELL,0.0982,51.26,3.54
World_Top_10_MarketCap,10,2004,MSFT,SELL,1.3594,26.72,28.87
World_Top_10_MarketCap,10,2004,JNJ,SELL,0.3606,63.42,1.56
World_Top_10_MarketCap,10,2004,GE,BUY,0.3771,174.92,0.0
World_Top_10_MarketCap,10,2004,C,BUY,1.3432,481.8,0.0
World_Top_10_MarketCap,10,2004,PFE,BUY,28.3807,25.51,0.0
World_Top_10_MarketCap,10,2004,WMT,BUY,0.1493,17.61,0.0
World_Top_10_MarketCap,10,2004,BP,BUY,3.3828,58.4,0.0
World_Top_10_MarketCap,10,2004,TM,BUY,25.697,81.87,0.0
World_Top_10_MarketCap,10,2005,WMT,SELL,164.267,15.6,278.76
World_Top_10_MarketCap,10,2005,PFE,SELL,20.028,22.13,-348.49
World_Top_10_MarketCap,10,2005,TM,SELL,3.5542,104.62,80.86
World_Top_10_MarketCap,10,2005,PFE,SELL,0.7243,22.13,-12.6
World_Top_10_MarketCap,10,2005,TM,SELL,0.1628,104.62,3.7
World_Top_10_MarketCap,10,2005,XOM,BUY,4.7675,56.17,0.0
World_Top_10_MarketCap,10,2005,GE,BUY,0.9636,167.97,0.0
World_Top_10_MarketCap,10,2005,MSFT,BUY,1.6255,26.15,0.0
World_Top_10_MarketCap,10,2005,C,BUY,0.1455,485.3,0.0
World_Top_10_MarketCap,10,2005,BP,BUY,3.415,64.22,0.0
World_Top_10_MarketCap,10,2005,SHEL,BUY,4.9488,61.49,0.0
World_Top_10_MarketCap,10,2005,PG,BUY,44.4037,57.88,0.0
World_Top_10_MarketCap,10,2005,JNJ,BUY,5.2668,60.1,0.0
World_Top_10_MarketCap,10,2006,SHEL,SELL,0.8417,70.79,36.91
World_Top_10_MarketCap,10,2006,XOM,SELL,8.8696,76.63,544.95
World_Top_10_MarketCap,10,2006,PFE,SELL,97.7986,24.57,-508.87
World_Top_10_MarketCap,10,2006,BP,SELL,7.7737,67.1,149.41
World_Top_10_MarketCap,10,2006,JNJ,SELL,1.6074,66.02,11.12
World_Top_10_MarketCap,10,2006,SHEL,SELL,0.3243,70.79,14.22
World_Top_10_MarketCap,10,2006,XOM,SELL,0.5392,76.63,33.13
World_Top_10_MarketCap,10,2006,BP,SELL,0.2908,67.1,5.59
World_Top_10_MarketCap,10,2006,JNJ,SELL,0.2782,66.02,1.92
World_Top_10_MarketCap,10,2006,SHEL,SELL,0.0114,70.79,0.5
World_Top_10_MarketCap,10,2006,XOM,SELL,0.019,76.63,1.17
World_Top_10_MarketCap,10,2006,BP,SELL,0.0103,67.1,0.2
World_Top_10_MarketCap,10,2006,JNJ,SELL,0.0098,66.02,0.07
World_Top_10_MarketCap,10,2006,SHEL,SELL,0.0007,70.79,0.03
World_Top_10_MarketCap,10,2006,XOM,SELL,0.0012,76.63,0.07
World_Top_10_MarketCap,10,2006,BP,SELL,0.0006,67.1,0.01
World_Top_10_MarketCap,10,2006,JNJ,SELL,0.0006,66.02,0.0
World_Top_10_MarketCap,10,2006,SHEL,SELL,0.0,70.79,0.0
World_Top_10_MarketCap,10,2006,XOM,SELL,0.0001,76.63,0.0
World_Top_10_MarketCap,10,2006,BP,SELL,0.0,67.1,0.0
World_Top_10_MarketCap,10,2006,JNJ,SELL,0.0,66.02,0.0
World_Top_10_MarketCap,10,2006,SHEL,SELL,0.0,70.79,0.0
World_Top_10_MarketCap,10,2006,XOM,SELL,0.0,76.63,0.0
World_Top_10_MarketCap,10,2006,BP,SELL,0.0,67.1,0.0
World_Top_10_MarketCap,10,2006,JNJ,SELL,0.0,66.02,0.0
World_Top_10_MarketCap,10,2006,SHEL,SELL,0.0,70.79,0.0
World_Top_10_MarketCap,10,2006,XOM,SELL,0.0,76.63,0.0
World_Top_10_MarketCap,10,2006,BP,SELL,0.0,67.1,0.0
World_Top_10_MarketCap,10,2006,JNJ,SELL,0.0,66.02,0.0
World_Top_10_MarketCap,10,2006,GE,BUY,1.9294,178.33,0.0
World_Top_10_MarketCap,10,2006,MSFT,BUY,9.5886,29.86,0.0
World_Top_10_MarketCap,10,2006,C,BUY,0.1836,557.0,0.0
World_Top_10_MarketCap,10,2006,TM,BUY,5.3066,134.31,0.0
World_Top_10_MarketCap,10,2006,PG,BUY,2.7023,64.27,0.0
World_Top_10_MarketCap,10,2006,BAC,BUY,53.7209,53.39,0.0
World_Top_10_MarketCap,10,2007,SHEL,SELL,1.5745,84.2,90.15
World_Top_10_MarketCap,10,2007,XOM,SELL,3.8695,93.69,303.76
World_Top_10_MarketCap,10,2007,MSFT,SELL,17.9757,35.6,541.43
World_Top_10_MarketCap,10,2007,C,SELL,7.1518,294.4,-1506.35
World_Top_10_MarketCap,10,2007,BP,SELL,40.3699,73.17,929.21
World_Top_10_MarketCap,10,2007,PG,SELL,4.0775,73.42,63.36
World_Top_10_MarketCap,10,2007,BAC,SELL,53.7209,41.26,-651.63
World_Top_10_MarketCap,10,2007,SHEL,SELL,0.3473,84.2,19.89
World_Top_10_MarketCap,10,2007,XOM,SELL,0.5675,93.69,44.55
World_Top_10_MarketCap,10,2007,MSFT,SELL,1.0082,35.6,30.37
World_Top_10_MarketCap,10,2007,PG,SELL,0.344,73.42,5.35
World_Top_10_MarketCap,10,2007,GE,BUY,0.1531,177.66,0.0
World_Top_10_MarketCap,10,2007,TM,BUY,8.4453,106.17,0.0
World_Top_10_MarketCap,10,2007,T,BUY,105.092,31.39,0.0
World_Top_10_MarketCap,10,2007,JNJ,BUY,3.4225,66.7,0.0
World_Top_10_MarketCap,10,2007,GOOGL,BUY,152.5474,17.3,0.0
World_Top_10_MarketCap,10,2007,BHP,BUY,41.7786,59.22,0.0
World_Top_10_MarketCap,10,2008,SHEL,SELL,3.4826,52.94,90.55
World_Top_10_MarketCap,10,2008,XOM,SELL,4.7446,79.83,306.69
World_Top_10_MarketCap,10,2008,MSFT,SELL,5.2315,19.44,73.03
World_Top_10_MarketCap,10,2008,TM,SELL,5.4654,65.44,-89.8
World_Top_10_MarketCap,10,2008,T,SELL,18.5087,21.53,-182.5
World_Top_10_MarketCap,10,2008,GOOGL,SELL,152.5474,7.7,-1464.46
World_Top_10_MarketCap,10,2008,SHEL,SELL,0.4239,52.94,11.02
World_Top_10_MarketCap,10,2008,XOM,SELL,0.7028,79.83,45.43
World_Top_10_MarketCap,10,2008,MSFT,SELL,1.2827,19.44,17.91
World_Top_10_MarketCap,10,2008,TM,SELL,0.3239,65.44,-5.32
World_Top_10_MarketCap,10,2008,T,SELL,0.9265,21.53,-9.14
World_Top_10_MarketCap,10,2008,WMT,BUY,154.1759,18.69,0.0
World_Top_10_MarketCap,10,2008,PG,BUY,0.1984,61.82,0.0
World_Top_10_MarketCap,10,2008,JNJ,BUY,0.3436,59.83,0.0
World_Top_10_MarketCap,10,2008,GE,BUY,3.3235,77.64,0.0
World_Top_10_MarketCap,10,2008,BHP,BUY,5.8897,36.27,0.0
World_Top_10_MarketCap,10,2009,GE,SELL,4.283,72.51,136.07
World_Top_10_MarketCap,10,2009,JNJ,SELL,4.5392,64.41,24.1
World_Top_10_MarketCap,10,2009,TM,SELL,3.8763,84.16,8.88
World_Top_10_MarketCap,10,2009,PG,SELL,0.6698,60.63,1.84
World_Top_10_MarketCap,10,2009,T,SELL,85.6568,21.17,-875.41
World_Top_10_MarketCap,10,2009,BHP,SELL,2.4944,64.75,13.79
World_Top_10_MarketCap,10,2009,WMT,SELL,154.1759,17.82,-134.13
World_Top_10_MarketCap,10,2009,GE,SELL,0.2359,72.51,7.49
World_Top_10_MarketCap,10,2009,JNJ,SELL,0.3319,64.41,1.76
World_Top_10_MarketCap,10,2009,TM,SELL,0.2286,84.16,0.52
World_Top_10_MarketCap,10,2009,PG,SELL,0.3702,60.63,1.02
World_Top_10_MarketCap,10,2009,BHP,SELL,0.3962,64.75,2.19
World_Top_10_MarketCap,10,2009,XOM,BUY,5.8917,68.19,0.0
World_Top_10_MarketCap,10,2009,MSFT,BUY,4.2851,30.48,0.0
World_Top_10_MarketCap,10,2009,AAPL,BUY,417.1268,7.53,0.0
World_Top_10_MarketCap,10,2009,SHEL,BUY,7.0344,60.11,0.0
World_Top_10_MarketCap,10,2009,JPM,BUY,55.0833,41.67,0.0
World_Top_10_MarketCap,10,2010,SHEL,SELL,5.016,66.78,199.84
World_Top_10_MarketCap,10,2010,XOM,SELL,1.8664,73.12,108.12
World_Top_10_MarketCap,10,2010,JNJ,SELL,0.4341,61.85,1.19
World_Top_10_MarketCap,10,2010,TM,SELL,25.8379,78.63,-567.22
World_Top_10_MarketCap,10,2010,PG,SELL,3.8182,64.33,24.63
World_Top_10_MarketCap,10,2010,BHP,SELL,3.9154,78.57,75.76
World_Top_10_MarketCap,10,2010,AAPL,SELL,32.2648,11.52,128.74
World_Top_10_MarketCap,10,2010,JPM,SELL,55.0833,42.42,41.31
World_Top_10_MarketCap,10,2010,SHEL,SELL,0.2569,66.78,10.23
World_Top_10_MarketCap,10,2010,XOM,SELL,0.4301,73.12,24.92
World_Top_10_MarketCap,10,2010,JNJ,SELL,0.2311,61.85,0.64
World_Top_10_MarketCap,10,2010,PG,SELL,0.237,64.33,1.53
World_Top_10_MarketCap,10,2010,BHP,SELL,0.2547,78.57,4.93
World_Top_10_MarketCap,10,2010,AAPL,SELL,2.399,11.52,9.57
World_Top_10_MarketCap,10,2010,MSFT,BUY,7.7784,27.91,0.0
World_Top_10_MarketCap,10,2010,GE,BUY,8.0104,87.65,0.0
World_Top_10_MarketCap,10,2010,CVX,BUY,31.6348,91.25,0.0
World_Top_10_MarketCap,10,2010,IBM,BUY,18.4079,140.31,0.0
World_Top_10_MarketCap,10,2011,GE,SELL,5.3854,85.83,242.83
World_Top_10_MarketCap,10,2011,XOM,SELL,3.705,84.76,257.76
World_Top_10_MarketCap,10,2011,AAPL,SELL,34.8453,14.46,241.48
World_Top_10_MarketCap,10,2011,CVX,SELL,2.1085,106.4,31.94
World_Top_10_MarketCap,10,2011,GE,SELL,0.2062,85.83,9.3
World_Top_10_MarketCap,10,2011,XOM,SELL,0.4568,84.76,31.78
World_Top_10_MarketCap,10,2011,AAPL,SELL,2.4482,14.46,16.97
World_Top_10_MarketCap,10,2011,CVX,SELL,0.208,106.4,3.15
World_Top_10_MarketCap,10,2011,MSFT,BUY,13.5516,25.96,0.0
World_Top_10_MarketCap,10,2011,IBM,BUY,1.9993,175.79,0.0
World_Top_10_MarketCap,10,2011,SHEL,BUY,5.9963,73.09,0.0
World_Top_10_MarketCap,10,2011,BHP,BUY,9.0156,59.72,0.0
World_Top_10_MarketCap,10,2011,JNJ,BUY,5.9642,65.58,0.0
World_Top_10_MarketCap,10,2011,PG,BUY,1.9597,66.71,0.0
World_Top_10_MarketCap,10,2012,XOM,SELL,5.4957,86.55,392.17
World_Top_10_MarketCap,10,2012,PG,SELL,39.7474,67.89,362.52
World_Top_10_MarketCap,10,2012,BHP,SELL,8.6141,66.31,61.07
World_Top_10_MarketCap,10,2012,CVX,SELL,29.3183,108.14,495.19
World_Top_10_MarketCap,10,2012,IBM,SELL,20.4072,183.13,802.9
World_Top_10_MarketCap,10,2012,XOM,SELL,0.8626,86.55,61.56
World_Top_10_MarketCap,10,2012,BHP,SELL,0.6005,66.31,4.26
World_Top_10_MarketCap,10,2012,AAPL,SELL,1.5998,19.01,18.37
World_Top_10_MarketCap,10,2012,XOM,SELL,0.0381,86.55,2.72
World_Top_10_MarketCap,10,2012,BHP,SELL,0.0265,66.31,0.19
World_Top_10_MarketCap,10,2012,AAPL,SELL,0.2253,19.01,2.59
World_Top_10_MarketCap,10,2012,XOM,SELL,0.0025,86.55,0.18
World_Top_10_MarketCap,10,2012,BHP,SELL,0.0017,66.31,0.01
World_Top_10_MarketCap,10,2012,AAPL,SELL,0.0147,19.01,0.17
World_Top_10_MarketCap,10,2012,XOM,SELL,0.0002,86.55,0.01
World_Top_10_MarketCap,10,2012,BHP,SELL,0.0001,66.31,0.0
World_Top_10_MarketCap,10,2012,AAPL,SELL,0.001,19.01,0.01
World_Top_10_MarketCap,10,2012,XOM,SELL,0.0,86.55,0.0
World_Top_10_MarketCap,10,2012,BHP,SELL,0.0,66.31,0.0
World_Top_10_MarketCap,10,2012,AAPL,SELL,0.0001,19.01,0.0
World_Top_10_MarketCap,10,2012,XOM,SELL,0.0,86.55,0.0
World_Top_10_MarketCap,10,2012,BHP,SELL,0.0,66.31,0.0
World_Top_10_MarketCap,10,2012,AAPL,SELL,0.0,19.01,0.0
World_Top_10_MarketCap,10,2012,AAPL,SELL,0.0,19.01,0.0
World_Top_10_MarketCap,10,2012,GOOGL,BUY,236.3711,17.7,0.0
World_Top_10_MarketCap,10,2012,MSFT,BUY,6.174,26.71,0.0
World_Top_10_MarketCap,10,2012,BRK.B,BUY,41.0448,89.7,0.0
World_Top_10_MarketCap,10,2012,SHEL,BUY,1.5948,68.95,0.0
World_Top_10_MarketCap,10,2012,JNJ,BUY,2.5483,70.1,0.0
World_Top_10_MarketCap,10,2012,GE,BUY,0.8707,100.59,0.0
World_Top_10_MarketCap,10,2012,WMT,BUY,125.1083,22.74,0.0
World_Top_10_MarketCap,10,2013,XOM,SELL,0.5126,101.2,44.09
World_Top_10_MarketCap,10,2013,MSFT,SELL,12.7853,37.41,408.24
World_Top_10_MarketCap,10,2013,BHP,SELL,40.3802,57.67,68.07
World_Top_10_MarketCap,10,2013,GOOGL,SELL,36.9178,28.05,382.1
World_Top_10_MarketCap,10,2013,WMT,SELL,125.1083,26.23,436.63
World_Top_10_MarketCap,10,2013,GE,SELL,0.3957,134.33,37.04
World_Top_10_MarketCap,10,2013,XOM,SELL,0.8366,101.2,71.95
World_Top_10_MarketCap,10,2013,MSFT,SELL,2.002,37.41,63.92
World_Top_10_MarketCap,10,2013,GOOGL,SELL,2.9022,28.05,30.04
World_Top_10_MarketCap,10,2013,BRK.B,SELL,0.1232,118.56,3.55
World_Top_10_MarketCap,10,2013,GE,SELL,0.0386,134.33,3.61
World_Top_10_MarketCap,10,2013,XOM,SELL,0.074,101.2,6.37
World_Top_10_MarketCap,10,2013,MSFT,SELL,0.1772,37.41,5.66
World_Top_10_MarketCap,10,2013,GOOGL,SELL,0.2568,28.05,2.66
World_Top_10_MarketCap,10,2013,BRK.B,SELL,0.0535,118.56,1.54
World_Top_10_MarketCap,10,2013,GE,SELL,0.0037,134.33,0.35
World_Top_10_MarketCap,10,2013,XOM,SELL,0.0071,101.2,0.61
World_Top_10_MarketCap,10,2013,MSFT,SELL,0.017,37.41,0.54
World_Top_10_MarketCap,10,2013,GOOGL,SELL,0.0247,28.05,0.26
World_Top_10_MarketCap,10,2013,BRK.B,SELL,0.0051,118.56,0.15
World_Top_10_MarketCap,10,2013,GE,SELL,0.0004,134.33,0.03
World_Top_10_MarketCap,10,2013,XOM,SELL,0.0007,101.2,0.06
World_Top_10_MarketCap,10,2013,MSFT,SELL,0.0016,37.41,0.05
World_Top_10_MarketCap,10,2013,GOOGL,SELL,0.0024,28.05,0.02
World_Top_10_MarketCap,10,2013,BRK.B,SELL,0.0005,118.56,0.01
World_Top_10_MarketCap,10,2013,GE,SELL,0.0,134.33,0.0
World_Top_10_MarketCap,10,2013,XOM,SELL,0.0001,101.2,0.01
World_Top_10_MarketCap,10,2013,MSFT,SELL,0.0002,37.41,0.01
World_Top_10_MarketCap,10,2013,GOOGL,SELL,0.0002,28.05,0.0
World_Top_10_MarketCap,10,2013,BRK.B,SELL,0.0,118.56,0.0
World_Top_10_MarketCap,10,2013,GE,SELL,0.0,134.33,0.0
World_Top_10_MarketCap,10,2013,XOM,SELL,0.0,101.2,0.0
World_Top_10_MarketCap,10,2013,MSFT,SELL,0.0,37.41,0.0
World_Top_10_MarketCap,10,2013,GOOGL,SELL,0.0,28.05,0.0
World_Top_10_MarketCap,10,2013,BRK.B,SELL,0.0,118.56,0.0
World_Top_10_MarketCap,10,2013,GE,SELL,0.0,134.33,0.0
World_Top_10_MarketCap,10,2013,XOM,SELL,0.0,101.2,0.0
World_Top_10_MarketCap,10,2013,MSFT,SELL,0.0,37.41,0.0
World_Top_10_MarketCap,10,2013,GOOGL,SELL,0.0,28.05,0.0
World_Top_10_MarketCap,10,2013,BRK.B,SELL,0.0,118.56,0.0
World_Top_10_MarketCap,10,2013,MSFT,SELL,0.0,37.41,0.0
World_Top_10_MarketCap,10,2013,GOOGL,SELL,0.0,28.05,0.0
World_Top_10_MarketCap,10,2013,AAPL,BUY,19.2951,20.04,0.0
World_Top_10_MarketCap,10,2013,JNJ,BUY,2.7274,91.59,0.0
World_Top_10_MarketCap,10,2013,SHEL,BUY,3.9843,71.27,0.0
World_Top_10_MarketCap,10,2013,JPM,BUY,60.2494,58.48,0.0
World_Top_10_MarketCap,10,2013,WFC,BUY,72.7571,45.4,0.0
World_Top_10_MarketCap,10,2014,SHEL,SELL,52.527,66.95,697.31
World_Top_10_MarketCap,10,2014,MSFT,SELL,5.3335,46.45,218.51
World_Top_10_MarketCap,10,2014,AAPL,SELL,43.311,27.59,868.82
World_Top_10_MarketCap,10,2014,GOOGL,SELL,6.5122,26.53,57.5
World_Top_10_MarketCap,10,2014,BRK.B,SELL,2.3055,150.15,139.37
World_Top_10_MarketCap,10,2014,MSFT,SELL,2.2479,46.45,92.1
World_Top_10_MarketCap,10,2014,AAPL,SELL,5.5191,27.59,110.71
World_Top_10_MarketCap,10,2014,GOOGL,SELL,3.2798,26.53,28.96
World_Top_10_MarketCap,10,2014,BRK.B,SELL,0.6664,150.15,40.29
World_Top_10_MarketCap,10,2014,MSFT,SELL,0.1971,46.45,8.07
World_Top_10_MarketCap,10,2014,AAPL,SELL,0.4838,27.59,9.71
World_Top_10_MarketCap,10,2014,GOOGL,SELL,0.2875,26.53,2.54
World_Top_10_MarketCap,10,2014,BRK.B,SELL,0.0584,150.15,3.53
World_Top_10_MarketCap,10,2014,MSFT,SELL,0.0173,46.45,0.71
World_Top_10_MarketCap,10,2014,AAPL,SELL,0.0424,27.59,0.85
World_Top_10_MarketCap,10,2014,GOOGL,SELL,0.0252,26.53,0.22
World_Top_10_MarketCap,10,2014,BRK.B,SELL,0.0051,150.15,0.31
World_Top_10_MarketCap,10,2014,MSFT,SELL,0.0015,46.45,0.06
World_Top_10_MarketCap,10,2014,AAPL,SELL,0.0037,27.59,0.07
World_Top_10_MarketCap,10,2014,GOOGL,SELL,0.0022,26.53,0.02
World_Top_10_MarketCap,10,2014,BRK.B,SELL,0.0004,150.15,0.03
World_Top_10_MarketCap,10,2014,MSFT,SELL,0.0001,46.45,0.01
World_Top_10_MarketCap,10,2014,AAPL,SELL,0.0003,27.59,0.01
World_Top_10_MarketCap,10,2014,GOOGL,SELL,0.0002,26.53,0.0
World_Top_10_MarketCap,10,2014,BRK.B,SELL,0.0,150.15,0.0
World_Top_10_MarketCap,10,2014,MSFT,SELL,0.0,46.45,0.0
World_Top_10_MarketCap,10,2014,AAPL,SELL,0.0,27.59,0.0
World_Top_10_MarketCap,10,2014,GOOGL,SELL,0.0,26.53,0.0
World_Top_10_MarketCap,10,2014,BRK.B,SELL,0.0,150.15,0.0
World_Top_10_MarketCap,10,2014,MSFT,SELL,0.0,46.45,0.0
World_Top_10_MarketCap,10,2014,AAPL,SELL,0.0,27.59,0.0
World_Top_10_MarketCap,10,2014,GOOGL,SELL,0.0,26.53,0.0
World_Top_10_MarketCap,10,2014,BRK.B,SELL,0.0,150.15,0.0
World_Top_10_MarketCap,10,2014,AAPL,SELL,0.0,27.59,0.0
World_Top_10_MarketCap,10,2014,GOOGL,SELL,0.0,26.53,0.0
World_Top_10_MarketCap,10,2014,XOM,BUY,10.2008,92.45,0.0
World_Top_10_MarketCap,10,2014,JNJ,BUY,1.5049,104.57,0.0
World_Top_10_MarketCap,10,2014,WFC,BUY,8.3253,54.82,0.0
World_Top_10_MarketCap,10,2014,JPM,BUY,6.8327,62.58,0.0
World_Top_10_MarketCap,10,2014,PG,BUY,43.3753,91.09,0.0
World_Top_10_MarketCap,10,2014,GE,BUY,1.0793,121.1,0.0
World_Top_10_MarketCap,10,2015,GE,SELL,2.1,149.28,227.94
World_Top_10_MarketCap,10,2015,JNJ,SELL,5.4317,102.72,236.93
World_Top_10_MarketCap,10,2015,GOOGL,SELL,84.1273,38.9,1783.5
World_Top_10_MarketCap,10,2015,BRK.B,SELL,1.3255,132.04,56.12
World_Top_10_MarketCap,10,2015,JPM,SELL,67.0821,66.03,478.46
World_Top_10_MarketCap,10,2015,WFC,SELL,81.0824,54.36,648.07
World_Top_10_MarketCap,10,2015,PG,SELL,43.3753,79.41,-506.62
World_Top_10_MarketCap,10,2015,GE,SELL,0.6225,149.28,67.56
World_Top_10_MarketCap,10,2015,JNJ,SELL,0.9649,102.72,42.09
World_Top_10_MarketCap,10,2015,GOOGL,SELL,2.2295,38.9,47.27
World_Top_10_MarketCap,10,2015,BRK.B,SELL,0.7976,132.04,33.77
World_Top_10_MarketCap,10,2015,GE,SELL,0.0292,149.28,3.17
World_Top_10_MarketCap,10,2015,JNJ,SELL,0.0452,102.72,1.97
World_Top_10_MarketCap,10,2015,GOOGL,SELL,0.1045,38.9,2.22
World_Top_10_MarketCap,10,2015,BRK.B,SELL,0.0374,132.04,1.58
World_Top_10_MarketCap,10,2015,GE,SELL,0.0014,149.28,0.15
World_Top_10_MarketCap,10,2015,JNJ,SELL,0.0021,102.72,0.09
World_Top_10_MarketCap,10,2015,GOOGL,SELL,0.0049,38.9,0.1
World_Top_10_MarketCap,10,2015,BRK.B,SELL,0.0018,132.04,0.07
World_Top_10_MarketCap,10,2015,GE,SELL,0.0001,149.28,0.01
World_Top_10_MarketCap,10,2015,JNJ,SELL,0.0001,102.72,0.0
World_Top_10_MarketCap,10,2015,GOOGL,SELL,0.0002,38.9,0.0
World_Top_10_MarketCap,10,2015,BRK.B,SELL,0.0001,132.04,0.0
World_Top_10_MarketCap,10,2015,GE,SELL,0.0,149.28,0.0
World_Top_10_MarketCap,10,2015,JNJ,SELL,0.0,102.72,0.0
World_Top_10_MarketCap,10,2015,GOOGL,SELL,0.0,38.9,0.0
World_Top_10_MarketCap,10,2015,BRK.B,SELL,0.0,132.04,0.0
World_Top_10_MarketCap,10,2015,GE,SELL,0.0,149.28,0.0
World_Top_10_MarketCap,10,2015,JNJ,SELL,0.0,102.72,0.0
World_Top_10_MarketCap,10,2015,GOOGL,SELL,0.0,38.9,0.0
World_Top_10_MarketCap,10,2015,BRK.B,SELL,0.0,132.04,0.0
World_Top_10_MarketCap,10,2015,AAPL,BUY,44.5702,26.32,0.0
World_Top_10_MarketCap,10,2015,MSFT,BUY,7.2173,55.48,0.0
World_Top_10_MarketCap,10,2015,XOM,BUY,11.4029,77.95,0.0
World_Top_10_MarketCap,10,2015,AMZN,BUY,172.1548,33.79,0.0
World_Top_10_MarketCap,10,2015,META,BUY,47.6409,104.66,0.0
World_Top_10_MarketCap,10,2015,BABA,BUY,44.3099,81.27,0.0
World_Top_10_MarketCap,10,2016,GE,SELL,27.8341,151.44,1455.92
World_Top_10_MarketCap,10,2016,XOM,SELL,10.4464,90.26,701.37
World_Top_10_MarketCap,10,2016,MSFT,SELL,0.1763,62.14,9.99
World_Top_10_MarketCap,10,2016,BRK.B,SELL,2.1012,162.98,153.98
World_Top_10_MarketCap,10,2016,AMZN,SELL,0.4986,37.49,1.84
World_Top_10_MarketCap,10,2016,XOM,SELL,1.0626,90.26,53.11
World_Top_10_MarketCap,10,2016,MSFT,SELL,2.112,62.14,119.67
World_Top_10_MarketCap,10,2016,BRK.B,SELL,0.5265,162.98,38.58
World_Top_10_MarketCap,10,2016,AMZN,SELL,2.6928,37.49,9.96
World_Top_10_MarketCap,10,2016,XOM,SELL,0.0732,90.26,3.66
World_Top_10_MarketCap,10,2016,MSFT,SELL,0.1454,62.14,8.24
World_Top_10_MarketCap,10,2016,BRK.B,SELL,0.0363,162.98,2.66
World_Top_10_MarketCap,10,2016,AMZN,SELL,0.1854,37.49,0.69
World_Top_10_MarketCap,10,2016,XOM,SELL,0.005,90.26,0.25
World_Top_10_MarketCap,10,2016,MSFT,SELL,0.01,62.14,0.57
World_Top_10_MarketCap,10,2016,BRK.B,SELL,0.0025,162.98,0.18
World_Top_10_MarketCap,10,2016,AMZN,SELL,0.0128,37.49,0.05
World_Top_10_MarketCap,10,2016,XOM,SELL,0.0003,90.26,0.02
World_Top_10_MarketCap,10,2016,MSFT,SELL,0.0007,62.14,0.04
World_Top_10_MarketCap,10,2016,BRK.B,SELL,0.0002,162.98,0.01
World_Top_10_MarketCap,10,2016,AMZN,SELL,0.0009,37.49,0.0
World_Top_10_MarketCap,10,2016,XOM,SELL,0.0,90.26,0.0
World_Top_10_MarketCap,10,2016,MSFT,SELL,0.0,62.14,0.0
World_Top_10_MarketCap,10,2016,BRK.B,SELL,0.0,162.98,0.0
World_Top_10_MarketCap,10,2016,AMZN,SELL,0.0001,37.49,0.0
World_Top_10_MarketCap,10,2016,XOM,SELL,0.0,90.26,0.0
World_Top_10_MarketCap,10,2016,MSFT,SELL,0.0,62.14,0.0
World_Top_10_MarketCap,10,2016,BRK.B,SELL,0.0,162.98,0.0
World_Top_10_MarketCap,10,2016,AMZN,SELL,0.0,37.49,0.0
World_Top_10_MarketCap,10,2016,XOM,SELL,0.0,90.26,0.0
World_Top_10_MarketCap,10,2016,MSFT,SELL,0.0,62.14,0.0
World_Top_10_MarketCap,10,2016,AMZN,SELL,0.0,37.49,0.0
World_Top_10_MarketCap,10,2016,AAPL,BUY,2.7709,28.95,0.0
World_Top_10_MarketCap,10,2016,META,BUY,1.853,115.05,0.0
World_Top_10_MarketCap,10,2016,JNJ,BUY,0.7862,115.21,0.0
World_Top_10_MarketCap,10,2016,JPM,BUY,54.9916,86.29,0.0
World_Top_10_MarketCap,10,2016,GOOGL,BUY,12.0905,39.62,0.0
World_Top_10_MarketCap,10,2016,BABA,BUY,2.5245,87.81,0.0
World_Top_10_MarketCap,10,2017,XOM,SELL,66.5923,83.64,1632.04
World_Top_10_MarketCap,10,2017,AAPL,SELL,41.2189,42.31,1433.59
World_Top_10_MarketCap,10,2017,AMZN,SELL,3.6831,58.47,90.9
World_Top_10_MarketCap,10,2017,META,SELL,1.3583,176.46,97.52
World_Top_10_MarketCap,10,2017,BABA,SELL,6.5302,172.43,595.3
World_Top_10_MarketCap,10,2017,JPM,SELL,0.8363,106.94,17.27
World_Top_10_MarketCap,10,2017,JNJ,SELL,0.4705,139.72,37.93
World_Top_10_MarketCap,10,2017,AAPL,SELL,5.4195,42.31,188.49
World_Top_10_MarketCap,10,2017,AMZN,SELL,2.8012,58.47,69.13
World_Top_10_MarketCap,10,2017,META,SELL,0.8168,176.46,58.65
World_Top_10_MarketCap,10,2017,BABA,SELL,0.6839,172.43,62.34
World_Top_10_MarketCap,10,2017,JPM,SELL,0.9189,106.94,18.98
World_Top_10_MarketCap,10,2017,JNJ,SELL,0.0686,139.72,5.53
World_Top_10_MarketCap,10,2017,AAPL,SELL,0.4958,42.31,17.24
World_Top_10_MarketCap,10,2017,AMZN,SELL,0.2563,58.47,6.32
World_Top_10_MarketCap,10,2017,META,SELL,0.0747,176.46,5.37
World_Top_10_MarketCap,10,2017,BABA,SELL,0.0626,172.43,5.7
World_Top_10_MarketCap,10,2017,JPM,SELL,0.0841,106.94,1.74
World_Top_10_MarketCap,10,2017,JNJ,SELL,0.0066,139.72,0.53
World_Top_10_MarketCap,10,2017,AAPL,SELL,0.0477,42.31,1.66
World_Top_10_MarketCap,10,2017,AMZN,SELL,0.0247,58.47,0.61
World_Top_10_MarketCap,10,2017,META,SELL,0.0072,176.46,0.52
World_Top_10_MarketCap,10,2017,BABA,SELL,0.006,172.43,0.55
World_Top_10_MarketCap,10,2017,JPM,SELL,0.0081,106.94,0.17
World_Top_10_MarketCap,10,2017,JNJ,SELL,0.0006,139.72,0.05
World_Top_10_MarketCap,10,2017,AAPL,SELL,0.0046,42.31,0.16
World_Top_10_MarketCap,10,2017,AMZN,SELL,0.0024,58.47,0.06
World_Top_10_MarketCap,10,2017,META,SELL,0.0007,176.46,0.05
World_Top_10_MarketCap,10,2017,BABA,SELL,0.0006,172.43,0.05
World_Top_10_MarketCap,10,2017,JPM,SELL,0.0008,106.94,0.02
World_Top_10_MarketCap,10,2017,JNJ,SELL,0.0001,139.72,0.0
World_Top_10_MarketCap,10,2017,AAPL,SELL,0.0004,42.31,0.02
World_Top_10_MarketCap,10,2017,AMZN,SELL,0.0002,58.47,0.01
World_Top_10_MarketCap,10,2017,META,SELL,0.0001,176.46,0.0
World_Top_10_MarketCap,10,2017,BABA,SELL,0.0001,172.43,0.01
World_Top_10_MarketCap,10,2017,JPM,SELL,0.0001,106.94,0.0
World_Top_10_MarketCap,10,2017,JNJ,SELL,0.0,139.72,0.0
World_Top_10_MarketCap,10,2017,AAPL,SELL,0.0,42.31,0.0
World_Top_10_MarketCap,10,2017,AMZN,SELL,0.0,58.47,0.0
World_Top_10_MarketCap,10,2017,META,SELL,0.0,176.46,0.0
World_Top_10_MarketCap,10,2017,BABA,SELL,0.0,172.43,0.0
World_Top_10_MarketCap,10,2017,JPM,SELL,0.0,106.94,0.0
World_Top_10_MarketCap,10,2017,JNJ,SELL,0.0,139.72,0.0
World_Top_10_MarketCap,10,2017,AAPL,SELL,0.0,42.31,0.0
World_Top_10_MarketCap,10,2017,AMZN,SELL,0.0,58.47,0.0
World_Top_10_MarketCap,10,2017,META,SELL,0.0,176.46,0.0
World_Top_10_MarketCap,10,2017,BABA,SELL,0.0,172.43,0.0
World_Top_10_MarketCap,10,2017,JPM,SELL,0.0,106.94,0.0
World_Top_10_MarketCap,10,2017,AAPL,SELL,0.0,42.31,0.0
World_Top_10_MarketCap,10,2017,AMZN,SELL,0.0,58.47,0.0
World_Top_10_MarketCap,10,2017,MSFT,BUY,0.5138,85.54,0.0
World_Top_10_MarketCap,10,2017,GOOGL,BUY,39.2777,52.67,0.0
World_Top_10_MarketCap,10,2017,BRK.B,BUY,3.3191,198.22,0.0
World_Top_10_MarketCap,10,2017,TSM,BUY,162.4441,39.65,0.0
World_Top_10_MarketCap,10,2018,MSFT,SELL,3.2967,101.57,316.78
World_Top_10_MarketCap,10,2018,AAPL,SELL,5.3784,39.44,171.63
World_Top_10_MarketCap,10,2018,BRK.B,SELL,1.6072,204.18,183.99
World_Top_10_MarketCap,10,2018,AMZN,SELL,9.2118,75.1,380.54
World_Top_10_MarketCap,10,2018,META,SELL,0.8975,131.09,23.72
World_Top_10_MarketCap,10,2018,TSM,SELL,25.2967,36.91,-69.31
World_Top_10_MarketCap,10,2018,MSFT,SELL,0.9219,101.57,88.58
World_Top_10_MarketCap,10,2018,AAPL,SELL,2.1915,39.44,69.93
World_Top_10_MarketCap,10,2018,BRK.B,SELL,0.2469,204.18,28.27
World_Top_10_MarketCap,10,2018,AMZN,SELL,1.087,75.1,44.9
World_Top_10_MarketCap,10,2018,META,SELL,0.3297,131.09,8.71
World_Top_10_MarketCap,10,2018,TSM,SELL,0.9757,36.91,-2.67
World_Top_10_MarketCap,10,2018,MSFT,SELL,0.1118,101.57,10.74
World_Top_10_MarketCap,10,2018,AAPL,SELL,0.2657,39.44,8.48
World_Top_10_MarketCap,10,2018,BRK.B,SELL,0.0299,204.18,3.43
World_Top_10_MarketCap,10,2018,AMZN,SELL,0.1318,75.1,5.44
World_Top_10_MarketCap,10,2018,META,SELL,0.04,131.09,1.06
World_Top_10_MarketCap,10,2018,TSM,SELL,0.1183,36.91,-0.32
World_Top_10_MarketCap,10,2018,MSFT,SELL,0.0136,101.57,1.3
World_Top_10_MarketCap,10,2018,AAPL,SELL,0.0322,39.44,1.03
World_Top_10_MarketCap,10,2018,BRK.B,SELL,0.0036,204.18,0.42
World_Top_10_MarketCap,10,2018,AMZN,SELL,0.016,75.1,0.66
World_Top_10_MarketCap,10,2018,META,SELL,0.0048,131.09,0.13
World_Top_10_MarketCap,10,2018,TSM,SELL,0.0143,36.91,-0.04
World_Top_10_MarketCap,10,2018,MSFT,SELL,0.0016,101.57,0.16
World_Top_10_MarketCap,10,2018,AAPL,SELL,0.0039,39.44,0.12
World_Top_10_MarketCap,10,2018,BRK.B,SELL,0.0004,204.18,0.05
World_Top_10_MarketCap,10,2018,AMZN,SELL,0.0019,75.1,0.08
World_Top_10_MarketCap,10,2018,META,SELL,0.0006,131.09,0.02
World_Top_10_MarketCap,10,2018,TSM,SELL,0.0017,36.91,-0.0
World_Top_10_MarketCap,10,2018,MSFT,SELL,0.0002,101.57,0.02
World_Top_10_MarketCap,10,2018,AAPL,SELL,0.0005,39.44,0.02
World_Top_10_MarketCap,10,2018,BRK.B,SELL,0.0001,204.18,0.01
World_Top_10_MarketCap,10,2018,AMZN,SELL,0.0002,75.1,0.01
World_Top_10_MarketCap,10,2018,META,SELL,0.0001,131.09,0.0
World_Top_10_MarketCap,10,2018,TSM,SELL,0.0002,36.91,-0.0
World_Top_10_MarketCap,10,2018,MSFT,SELL,0.0,101.57,0.0
World_Top_10_MarketCap,10,2018,AAPL,SELL,0.0001,39.44,0.0
World_Top_10_MarketCap,10,2018,BRK.B,SELL,0.0,204.18,0.0
World_Top_10_MarketCap,10,2018,AMZN,SELL,0.0,75.1,0.0
World_Top_10_MarketCap,10,2018,META,SELL,0.0,131.09,0.0
World_Top_10_MarketCap,10,2018,TSM,SELL,0.0,36.91,-0.0
World_Top_10_MarketCap,10,2018,MSFT,SELL,0.0,101.57,0.0
World_Top_10_MarketCap,10,2018,AAPL,SELL,0.0,39.44,0.0
World_Top_10_MarketCap,10,2018,BRK.B,SELL,0.0,204.18,0.0
World_Top_10_MarketCap,10,2018,AMZN,SELL,0.0,75.1,0.0
World_Top_10_MarketCap,10,2018,META,SELL,0.0,131.09,0.0
World_Top_10_MarketCap,10,2018,TSM,SELL,0.0,36.91,-0.0
World_Top_10_MarketCap,10,2018,MSFT,SELL,0.0,101.57,0.0
World_Top_10_MarketCap,10,2018,AAPL,SELL,0.0,39.44,0.0
World_Top_10_MarketCap,10,2018,AMZN,SELL,0.0,75.1,0.0
World_Top_10_MarketCap,10,2018,META,SELL,0.0,131.09,0.0
World_Top_10_MarketCap,10,2018,TSM,SELL,0.0,36.91,-0.0
World_Top_10_MarketCap,10,2018,BRK.B,SELL,0.0,204.18,0.0
World_Top_10_MarketCap,10,2018,AAPL,SELL,0.0,39.44,0.0
World_Top_10_MarketCap,10,2018,GOOGL,BUY,41.1346,52.25,0.0
World_Top_10_MarketCap,10,2018,JNJ,BUY,5.8969,129.05,0.0
World_Top_10_MarketCap,10,2018,BABA,BUY,1.965,137.07,0.0
World_Top_10_MarketCap,10,2018,JPM,BUY,1.7211,97.62,0.0
World_Top_10_MarketCap,10,2019,MSFT,SELL,3.2449,157.7,493.94
World_Top_10_MarketCap,10,2019,JNJ,SELL,2.035,145.87,176.57
World_Top_10_MarketCap,10,2019,AAPL,SELL,30.1447,73.41,1985.93
World_Top_10_MarketCap,10,2019,GOOGL,SELL,13.8104,66.97,680.44
World_Top_10_MarketCap,10,2019,JPM,SELL,2.1264,139.4,112.93
World_Top_10_MarketCap,10,2019,MSFT,SELL,1.4359,157.7,218.58
World_Top_10_MarketCap,10,2019,JNJ,SELL,0.5415,145.87,46.99
World_Top_10_MarketCap,10,2019,AAPL,SELL,3.1564,73.41,207.94
World_Top_10_MarketCap,10,2019,GOOGL,SELL,2.0445,66.97,100.73
World_Top_10_MarketCap,10,2019,JPM,SELL,0.6044,139.4,32.1
World_Top_10_MarketCap,10,2019,MSFT,SELL,0.1908,157.7,29.04
World_Top_10_MarketCap,10,2019,JNJ,SELL,0.0719,145.87,6.24
World_Top_10_MarketCap,10,2019,AAPL,SELL,0.4193,73.41,27.63
World_Top_10_MarketCap,10,2019,GOOGL,SELL,0.2716,66.97,13.38
World_Top_10_MarketCap,10,2019,JPM,SELL,0.0803,139.4,4.26
World_Top_10_MarketCap,10,2019,MSFT,SELL,0.0253,157.7,3.86
World_Top_10_MarketCap,10,2019,JNJ,SELL,0.0096,145.87,0.83
World_Top_10_MarketCap,10,2019,AAPL,SELL,0.0557,73.41,3.67
World_Top_10_MarketCap,10,2019,GOOGL,SELL,0.0361,66.97,1.78
World_Top_10_MarketCap,10,2019,JPM,SELL,0.0107,139.4,0.57
World_Top_10_MarketCap,10,2019,MSFT,SELL,0.0034,157.7,0.51
World_Top_10_MarketCap,10,2019,JNJ,SELL,0.0013,145.87,0.11
World_Top_10_MarketCap,10,2019,AAPL,SELL,0.0074,73.41,0.49
World_Top_10_MarketCap,10,2019,GOOGL,SELL,0.0048,66.97,0.24
World_Top_10_MarketCap,10,2019,JPM,SELL,0.0014,139.4,0.08
World_Top_10_MarketCap,10,2019,MSFT,SELL,0.0004,157.7,0.07
World_Top_10_MarketCap,10,2019,JNJ,SELL,0.0002,145.87,0.01
World_Top_10_MarketCap,10,2019,AAPL,SELL,0.001,73.41,0.06
World_Top_10_MarketCap,10,2019,GOOGL,SELL,0.0006,66.97,0.03
World_Top_10_MarketCap,10,2019,JPM,SELL,0.0002,139.4,0.01
World_Top_10_MarketCap,10,2019,MSFT,SELL,0.0001,157.7,0.01
World_Top_10_MarketCap,10,2019,JNJ,SELL,0.0,145.87,0.0
World_Top_10_MarketCap,10,2019,AAPL,SELL,0.0001,73.41,0.01
World_Top_10_MarketCap,10,2019,GOOGL,SELL,0.0001,66.97,0.0
World_Top_10_MarketCap,10,2019,JPM,SELL,0.0,139.4,0.0
World_Top_10_MarketCap,10,2019,MSFT,SELL,0.0,157.7,0.0
World_Top_10_MarketCap,10,2019,JNJ,SELL,0.0,145.87,0.0
World_Top_10_MarketCap,10,2019,AAPL,SELL,0.0,73.41,0.0
World_Top_10_MarketCap,10,2019,GOOGL,SELL,0.0,66.97,0.0
World_Top_10_MarketCap,10,2019,JPM,SELL,0.0,139.4,0.0
World_Top_10_MarketCap,10,2019,MSFT,SELL,0.0,157.7,0.0
World_Top_10_MarketCap,10,2019,JNJ,SELL,0.0,145.87,0.0
World_Top_10_MarketCap,10,2019,AAPL,SELL,0.0,73.41,0.0
World_Top_10_MarketCap,10,2019,GOOGL,SELL,0.0,66.97,0.0
World_Top_10_MarketCap,10,2019,JPM,SELL,0.0,139.4,0.0
World_Top_10_MarketCap,10,2019,MSFT,SELL,0.0,157.7,0.0
World_Top_10_MarketCap,10,2019,AAPL,SELL,0.0,73.41,0.0
World_Top_10_MarketCap,10,2019,GOOGL,SELL,0.0,66.97,0.0
World_Top_10_MarketCap,10,2019,AMZN,BUY,0.5862,92.39,0.0
World_Top_10_MarketCap,10,2019,META,BUY,13.6809,205.25,0.0
World_Top_10_MarketCap,10,2019,BABA,BUY,3.3758,212.1,0.0
World_Top_10_MarketCap,10,2019,BRK.B,BUY,3.6059,226.5,0.0
World_Top_10_MarketCap,10,2019,TSM,BUY,4.4335,58.1,0.0
World_Top_10_MarketCap,10,2020,JNJ,SELL,0.2536,157.38,24.92
World_Top_10_MarketCap,10,2020,BRK.B,SELL,3.9375,231.87,559.79
World_Top_10_MarketCap,10,2020,META,SELL,12.8906,273.16,2172.07
World_Top_10_MarketCap,10,2020,BABA,SELL,8.308,232.73,1258.33
World_Top_10_MarketCap,10,2020,JPM,SELL,52.0411,127.07,2102.73
World_Top_10_MarketCap,10,2020,TSM,SELL,34.5008,109.04,2394.01
World_Top_10_MarketCap,10,2020,JNJ,SELL,0.7873,157.38,77.37
World_Top_10_MarketCap,10,2020,BRK.B,SELL,0.5789,231.87,82.3
World_Top_10_MarketCap,10,2020,AMZN,SELL,1.6209,162.85,209.19
World_Top_10_MarketCap,10,2020,META,SELL,0.7938,273.16,133.75
World_Top_10_MarketCap,10,2020,BABA,SELL,0.6211,232.73,94.07
World_Top_10_MarketCap,10,2020,TSM,SELL,1.7991,109.04,124.84
World_Top_10_MarketCap,10,2020,JNJ,SELL,0.0592,157.38,5.81
World_Top_10_MarketCap,10,2020,BRK.B,SELL,0.0435,231.87,6.18
World_Top_10_MarketCap,10,2020,AMZN,SELL,0.1953,162.85,25.21
World_Top_10_MarketCap,10,2020,META,SELL,0.0596,273.16,10.05
World_Top_10_MarketCap,10,2020,BABA,SELL,0.0467,232.73,7.07
World_Top_10_MarketCap,10,2020,TSM,SELL,0.1352,109.04,9.38
World_Top_10_MarketCap,10,2020,JNJ,SELL,0.0052,157.38,0.51
World_Top_10_MarketCap,10,2020,BRK.B,SELL,0.0038,231.87,0.55
World_Top_10_MarketCap,10,2020,AMZN,SELL,0.0172,162.85,2.23
World_Top_10_MarketCap,10,2020,META,SELL,0.0053,273.16,0.89
World_Top_10_MarketCap,10,2020,BABA,SELL,0.0041,232.73,0.62
World_Top_10_MarketCap,10,2020,TSM,SELL,0.0119,109.04,0.83
World_Top_10_MarketCap,10,2020,JNJ,SELL,0.0005,157.38,0.05
World_Top_10_MarketCap,10,2020,BRK.B,SELL,0.0003,231.87,0.05
World_Top_10_MarketCap,10,2020,AMZN,SELL,0.0015,162.85,0.2
World_Top_10_MarketCap,10,2020,META,SELL,0.0005,273.16,0.08
World_Top_10_MarketCap,10,2020,BABA,SELL,0.0004,232.73,0.06
World_Top_10_MarketCap,10,2020,TSM,SELL,0.0011,109.04,0.07
World_Top_10_MarketCap,10,2020,JNJ,SELL,0.0,157.38,0.0
World_Top_10_MarketCap,10,2020,BRK.B,SELL,0.0,231.87,0.0
World_Top_10_MarketCap,10,2020,AMZN,SELL,0.0001,162.85,0.02
World_Top_10_MarketCap,10,2020,META,SELL,0.0,273.16,0.01
World_Top_10_MarketCap,10,2020,BABA,SELL,0.0,232.73,0.0
World_Top_10_MarketCap,10,2020,TSM,SELL,0.0001,109.04,0.01
World_Top_10_MarketCap,10,2020,JNJ,SELL,0.0,157.38,0.0
World_Top_10_MarketCap,10,2020,BRK.B,SELL,0.0,231.87,0.0
World_Top_10_MarketCap,10,2020,AMZN,SELL,0.0,162.85,0.0
World_Top_10_MarketCap,10,2020,META,SELL,0.0,273.16,0.0
World_Top_10_MarketCap,10,2020,BABA,SELL,0.0,232.73,0.0
World_Top_10_MarketCap,10,2020,TSM,SELL,0.0,109.04,0.0
World_Top_10_MarketCap,10,2020,JNJ,SELL,0.0,157.38,0.0
World_Top_10_MarketCap,10,2020,BRK.B,SELL,0.0,231.87,0.0
World_Top_10_MarketCap,10,2020,AMZN,SELL,0.0,162.85,0.0
World_Top_10_MarketCap,10,2020,META,SELL,0.0,273.16,0.0
World_Top_10_MarketCap,10,2020,BABA,SELL,0.0,232.73,0.0
World_Top_10_MarketCap,10,2020,TSM,SELL,0.0,109.04,0.0
World_Top_10_MarketCap,10,2020,AAPL,BUY,7.1805,132.69,0.0
World_Top_10_MarketCap,10,2020,MSFT,BUY,10.5703,222.42,0.0
World_Top_10_MarketCap,10,2020,GOOGL,BUY,28.3467,87.63,0.0
World_Top_10_MarketCap,10,2020,TSLA,BUY,43.1453,235.22,0.0
World_Top_10_MarketCap,10,2021,MSFT,SELL,14.7161,336.32,4818.55
World_Top_10_MarketCap,10,2021,JNJ,SELL,45.5188,171.07,4438.83
World_Top_10_MarketCap,10,2021,AAPL,SELL,29.2244,177.57,4969.32
World_Top_10_MarketCap,10,2021,GOOGL,SELL,13.0468,144.85,1658.9
World_Top_10_MarketCap,10,2021,AMZN,SELL,0.6917,166.72,91.94
World_Top_10_MarketCap,10,2021,META,SELL,0.5768,336.35,133.64
World_Top_10_MarketCap,10,2021,BABA,SELL,35.9116,118.79,779.59
World_Top_10_MarketCap,10,2021,TSM,SELL,0.3632,120.31,29.29
World_Top_10_MarketCap,10,2021,MSFT,SELL,2.9707,336.32,951.1
World_Top_10_MarketCap,10,2021,AAPL,SELL,6.2086,177.57,1055.71
World_Top_10_MarketCap,10,2021,GOOGL,SELL,4.7569,144.85,604.84
World_Top_10_MarketCap,10,2021,AMZN,SELL,3.7196,166.72,494.45
World_Top_10_MarketCap,10,2021,META,SELL,1.1267,336.35,261.05
World_Top_10_MarketCap,10,2021,TSM,SELL,2.5772,120.31,207.88
World_Top_10_MarketCap,10,2021,MSFT,SELL,0.5947,336.32,190.41
World_Top_10_MarketCap,10,2021,AAPL,SELL,1.2429,177.57,211.35
World_Top_10_MarketCap,10,2021,GOOGL,SELL,0.9523,144.85,121.09
World_Top_10_MarketCap,10,2021,AMZN,SELL,0.7447,166.72,98.99
World_Top_10_MarketCap,10,2021,META,SELL,0.2256,336.35,52.26
World_Top_10_MarketCap,10,2021,TSM,SELL,0.516,120.31,41.62
World_Top_10_MarketCap,10,2021,MSFT,SELL,0.1191,336.32,38.12
World_Top_10_MarketCap,10,2021,AAPL,SELL,0.2488,177.57,42.31
World_Top_10_MarketCap,10,2021,GOOGL,SELL,0.1907,144.85,24.24
World_Top_10_MarketCap,10,2021,AMZN,SELL,0.1491,166.72,19.82
World_Top_10_MarketCap,10,2021,META,SELL,0.0452,336.35,10.46
World_Top_10_MarketCap,10,2021,TSM,SELL,0.1033,120.31,8.33
World_Top_10_MarketCap,10,2021,MSFT,SELL,0.0238,336.32,7.63
World_Top_10_MarketCap,10,2021,AAPL,SELL,0.0498,177.57,8.47
World_Top_10_MarketCap,10,2021,GOOGL,SELL,0.0382,144.85,4.85
World_Top_10_MarketCap,10,2021,AMZN,SELL,0.0298,166.72,3.97
World_Top_10_MarketCap,10,2021,META,SELL,0.009,336.35,2.09
World_Top_10_MarketCap,10,2021,TSM,SELL,0.0207,120.31,1.67
World_Top_10_MarketCap,10,2021,MSFT,SELL,0.0048,336.32,1.53
World_Top_10_MarketCap,10,2021,AAPL,SELL,0.01,177.57,1.7
World_Top_10_MarketCap,10,2021,GOOGL,SELL,0.0076,144.85,0.97
World_Top_10_MarketCap,10,2021,AMZN,SELL,0.006,166.72,0.79
World_Top_10_MarketCap,10,2021,META,SELL,0.0018,336.35,0.42
World_Top_10_MarketCap,10,2021,TSM,SELL,0.0041,120.31,0.33
World_Top_10_MarketCap,10,2021,MSFT,SELL,0.001,336.32,0.31
World_Top_10_MarketCap,10,2021,AAPL,SELL,0.002,177.57,0.34
World_Top_10_MarketCap,10,2021,GOOGL,SELL,0.0015,144.85,0.19
World_Top_10_MarketCap,10,2021,AMZN,SELL,0.0012,166.72,0.16
World_Top_10_MarketCap,10,2021,META,SELL,0.0004,336.35,0.08
World_Top_10_MarketCap,10,2021,TSM,SELL,0.0008,120.31,0.07
World_Top_10_MarketCap,10,2021,MSFT,SELL,0.0002,336.32,0.06
World_Top_10_MarketCap,10,2021,AAPL,SELL,0.0004,177.57,0.07
World_Top_10_MarketCap,10,2021,GOOGL,SELL,0.0003,144.85,0.04
World_Top_10_MarketCap,10,2021,AMZN,SELL,0.0002,166.72,0.03
World_Top_10_MarketCap,10,2021,META,SELL,0.0001,336.35,0.02
World_Top_10_MarketCap,10,2021,TSM,SELL,0.0002,120.31,0.01
World_Top_10_MarketCap,10,2021,MSFT,SELL,0.0,336.32,0.01
World_Top_10_MarketCap,10,2021,AAPL,SELL,0.0001,177.57,0.01
World_Top_10_MarketCap,10,2021,GOOGL,SELL,0.0001,144.85,0.01
World_Top_10_MarketCap,10,2021,AMZN,SELL,0.0,166.72,0.01
World_Top_10_MarketCap,10,2021,META,SELL,0.0,336.35,0.0
World_Top_10_MarketCap,10,2021,TSM,SELL,0.0,120.31,0.0
World_Top_10_MarketCap,10,2021,MSFT,SELL,0.0,336.32,0.0
World_Top_10_MarketCap,10,2021,AAPL,SELL,0.0,177.57,0.0
World_Top_10_MarketCap,10,2021,GOOGL,SELL,0.0,144.85,0.0
World_Top_10_MarketCap,10,2021,AMZN,SELL,0.0,166.72,0.0
World_Top_10_MarketCap,10,2021,META,SELL,0.0,336.35,0.0
World_Top_10_MarketCap,10,2021,TSM,SELL,0.0,120.31,0.0
World_Top_10_MarketCap,10,2021,MSFT,SELL,0.0,336.32,0.0
World_Top_10_MarketCap,10,2021,AAPL,SELL,0.0,177.57,0.0
World_Top_10_MarketCap,10,2021,GOOGL,SELL,0.0,144.85,0.0
World_Top_10_MarketCap,10,2021,AMZN,SELL,0.0,166.72,0.0
World_Top_10_MarketCap,10,2021,META,SELL,0.0,336.35,0.0
World_Top_10_MarketCap,10,2021,TSM,SELL,0.0,120.31,0.0
World_Top_10_MarketCap,10,2021,MSFT,SELL,0.0,336.32,0.0
World_Top_10_MarketCap,10,2021,AAPL,SELL,0.0,177.57,0.0
World_Top_10_MarketCap,10,2021,GOOGL,SELL,0.0,144.85,0.0
World_Top_10_MarketCap,10,2021,AMZN,SELL,0.0,166.72,0.0
World_Top_10_MarketCap,10,2021,META,SELL,0.0,336.35,0.0
World_Top_10_MarketCap,10,2021,TSM,SELL,0.0,120.31,0.0
World_Top_10_MarketCap,10,2021,AAPL,SELL,0.0,177.57,0.0
World_Top_10_MarketCap,10,2021,GOOGL,SELL,0.0,144.85,0.0
World_Top_10_MarketCap,10,2021,TSLA,BUY,0.6862,352.26,0.0
World_Top_10_MarketCap,10,2021,NVDA,BUY,433.6915,29.41,0.0
World_Top_10_MarketCap,10,2021,BRK.B,BUY,2.4527,299.0,0.0
World_Top_10_MarketCap,10,2021,ASML,BUY,12.6481,796.14,0.0
World_Top_10_MarketCap,10,2022,MSFT,SELL,6.8971,239.82,1542.61
World_Top_10_MarketCap,10,2022,AAPL,SELL,22.3927,129.93,2740.87
World_Top_10_MarketCap,10,2022,GOOGL,SELL,4.5336,88.23,319.76
World_Top_10_MarketCap,10,2022,BRK.B,SELL,6.1823,308.9,1355.17
World_Top_10_MarketCap,10,2022,META,SELL,43.909,120.34,-706.92
World_Top_10_MarketCap,10,2022,TSM,SELL,9.5621,74.49,333.14
World_Top_10_MarketCap,10,2022,TSLA,SELL,43.8315,123.18,-4991.2
World_Top_10_MarketCap,10,2022,NVDA,SELL,433.6915,14.61,-6418.63
World_Top_10_MarketCap,10,2022,ASML,SELL,12.6481,546.4,-3158.73
World_Top_10_MarketCap,10,2022,MSFT,SELL,0.1973,239.82,44.13
World_Top_10_MarketCap,10,2022,AAPL,SELL,0.3979,129.93,48.7
World_Top_10_MarketCap,10,2022,GOOGL,SELL,0.3277,88.23,23.11
World_Top_10_MarketCap,10,2022,BRK.B,SELL,0.0539,308.9,11.81
World_Top_10_MarketCap,10,2022,TSM,SELL,0.1647,74.49,5.74
World_Top_10_MarketCap,10,2022,AMZN,BUY,4.433,84.0,0.0
World_Top_10_MarketCap,10,2022,UNH,BUY,16.3861,530.18,0.0
World_Top_10_MarketCap,10,2022,XOM,BUY,74.3873,110.3,0.0
World_Top_10_MarketCap,10,2022,JNJ,BUY,43.7151,176.65,0.0
World_Top_10_MarketCap,10,2022,JPM,BUY,53.9868,134.1,0.0
World_Top_10_MarketCap,10,2023,MSFT,SELL,0.6803,376.04,244.82
World_Top_10_MarketCap,10,2023,AAPL,SELL,14.6233,192.53,2705.31
World_Top_10_MarketCap,10,2023,GOOGL,SELL,92.422,139.69,10286.98
World_Top_10_MarketCap,10,2023,AMZN,SELL,23.8481,151.94,2817.65
World_Top_10_MarketCap,10,2023,TSM,SELL,1.9628,104.0,126.31
World_Top_10_MarketCap,10,2023,UNH,SELL,16.3861,526.47,-60.79
World_Top_10_MarketCap,10,2023,XOM,SELL,74.3873,99.98,-767.68
World_Top_10_MarketCap,10,2023,JNJ,SELL,43.7151,156.74,-870.37
World_Top_10_MarketCap,10,2023,JPM,SELL,53.9868,170.1,1943.53
World_Top_10_MarketCap,10,2023,MSFT,SELL,1.5922,376.04,572.99
World_Top_10_MarketCap,10,2023,AAPL,SELL,3.0155,192.53,557.87
World_Top_10_MarketCap,10,2023,GOOGL,SELL,1.2988,139.69,113.02
World_Top_10_MarketCap,10,2023,AMZN,SELL,1.8509,151.94,218.68
World_Top_10_MarketCap,10,2023,TSM,SELL,1.3084,104.0,84.2
World_Top_10_MarketCap,10,2023,MSFT,SELL,0.2715,376.04,97.7
World_Top_10_MarketCap,10,2023,AAPL,SELL,0.5142,192.53,95.12
World_Top_10_MarketCap,10,2023,GOOGL,SELL,0.2215,139.69,19.27
World_Top_10_MarketCap,10,2023,AMZN,SELL,0.3156,151.94,37.29
World_Top_10_MarketCap,10,2023,TSM,SELL,0.2231,104.0,14.36
World_Top_10_MarketCap,10,2023,MSFT,SELL,0.0463,376.04,16.66
World_Top_10_MarketCap,10,2023,AAPL,SELL,0.0877,192.53,16.22
World_Top_10_MarketCap,10,2023,GOOGL,SELL,0.0378,139.69,3.29
World_Top_10_MarketCap,10,2023,AMZN,SELL,0.0538,151.94,6.36
World_Top_10_MarketCap,10,2023,TSM,SELL,0.038,104.0,2.45
World_Top_10_MarketCap,10,2023,MSFT,SELL,0.0079,376.04,2.84
World_Top_10_MarketCap,10,2023,AAPL,SELL,0.0149,192.53,2.77
World_Top_10_MarketCap,10,2023,GOOGL,SELL,0.0064,139.69,0.56
World_Top_10_MarketCap,10,2023,AMZN,SELL,0.0092,151.94,1.08
World_Top_10_MarketCap,10,2023,TSM,SELL,0.0065,104.0,0.42
World_Top_10_MarketCap,10,2023,MSFT,SELL,0.0013,376.04,0.48
World_Top_10_MarketCap,10,2023,AAPL,SELL,0.0025,192.53,0.47
World_Top_10_MarketCap,10,2023,GOOGL,SELL,0.0011,139.69,0.1
World_Top_10_MarketCap,10,2023,AMZN,SELL,0.0016,151.94,0.18
World_Top_10_MarketCap,10,2023,TSM,SELL,0.0011,104.0,0.07
World_Top_10_MarketCap,10,2023,MSFT,SELL,0.0002,376.04,0.08
World_Top_10_MarketCap,10,2023,AAPL,SELL,0.0004,192.53,0.08
World_Top_10_MarketCap,10,2023,GOOGL,SELL,0.0002,139.69,0.02
World_Top_10_MarketCap,10,2023,AMZN,SELL,0.0003,151.94,0.03
World_Top_10_MarketCap,10,2023,TSM,SELL,0.0002,104.0,0.01
World_Top_10_MarketCap,10,2023,MSFT,SELL,0.0,376.04,0.01
World_Top_10_MarketCap,10,2023,AAPL,SELL,0.0001,192.53,0.01
World_Top_10_MarketCap,10,2023,GOOGL,SELL,0.0,139.69,0.0
World_Top_10_MarketCap,10,2023,AMZN,SELL,0.0,151.94,0.01
World_Top_10_MarketCap,10,2023,TSM,SELL,0.0,104.0,0.0
World_Top_10_MarketCap,10,2023,MSFT,SELL,0.0,376.04,0.0
World_Top_10_MarketCap,10,2023,AAPL,SELL,0.0,192.53,0.0
World_Top_10_MarketCap,10,2023,GOOGL,SELL,0.0,139.69,0.0
World_Top_10_MarketCap,10,2023,AMZN,SELL,0.0,151.94,0.0
World_Top_10_MarketCap,10,2023,TSM,SELL,0.0,104.0,0.0
World_Top_10_MarketCap,10,2023,MSFT,SELL,0.0,376.04,0.0
World_Top_10_MarketCap,10,2023,AAPL,SELL,0.0,192.53,0.0
World_Top_10_MarketCap,10,2023,GOOGL,SELL,0.0,139.69,0.0
World_Top_10_MarketCap,10,2023,AMZN,SELL,0.0,151.94,0.0
World_Top_10_MarketCap,10,2023,TSM,SELL,0.0,104.0,0.0
World_Top_10_MarketCap,10,2023,MSFT,SELL,0.0,376.04,0.0
World_Top_10_MarketCap,10,2023,AAPL,SELL,0.0,192.53,0.0
World_Top_10_MarketCap,10,2023,GOOGL,SELL,0.0,139.69,0.0
World_Top_10_MarketCap,10,2023,AMZN,SELL,0.0,151.94,0.0
World_Top_10_MarketCap,10,2023,TSM,SELL,0.0,104.0,0.0
World_Top_10_MarketCap,10,2023,NVDA,BUY,402.7557,49.52,0.0
World_Top_10_MarketCap,10,2023,META,BUY,35.857,353.96,0.0
World_Top_10_MarketCap,10,2023,BRK.B,BUY,2.5098,356.66,0.0
World_Top_10_MarketCap,10,2023,TSLA,BUY,41.3491,248.48,0.0
World_Top_10_MarketCap,10,2023,NVO,BUY,81.7911,103.45,0.0
World_Top_10_MarketCap,10,2024,BRK.B,SELL,2.4938,453.28,906.7
World_Top_10_MarketCap,10,2024,TSM,SELL,10.9759,197.49,1732.43
World_Top_10_MarketCap,10,2024,NVDA,SELL,25.3153,134.29,2145.97
World_Top_10_MarketCap,10,2024,META,SELL,0.6887,585.51,159.46
World_Top_10_MarketCap,10,2024,TSLA,SELL,9.9713,403.84,1549.14
World_Top_10_MarketCap,10,2024,NVO,SELL,81.7911,86.02,-1425.62
World_Top_10_MarketCap,10,2024,BRK.B,SELL,0.1997,453.28,72.61
World_Top_10_MarketCap,10,2024,TSM,SELL,0.5123,197.49,80.87
World_Top_10_MarketCap,10,2024,NVDA,SELL,2.5379,134.29,215.14
World_Top_10_MarketCap,10,2024,META,SELL,0.2365,585.51,54.75
World_Top_10_MarketCap,10,2024,TSLA,SELL,0.211,403.84,32.78
World_Top_10_MarketCap,10,2024,BRK.B,SELL,0.0151,453.28,5.47
World_Top_10_MarketCap,10,2024,TSM,SELL,0.0386,197.49,6.09
World_Top_10_MarketCap,10,2024,NVDA,SELL,0.1913,134.29,16.21
World_Top_10_MarketCap,10,2024,META,SELL,0.0178,585.51,4.13
World_Top_10_MarketCap,10,2024,TSLA,SELL,0.0159,403.84,2.47
World_Top_10_MarketCap,10,2024,BRK.B,SELL,0.0011,453.28,0.41
World_Top_10_MarketCap,10,2024,TSM,SELL,0.0029,197.49,0.46
World_Top_10_MarketCap,10,2024,NVDA,SELL,0.0144,134.29,1.22
World_Top_10_MarketCap,10,2024,META,SELL,0.0013,585.51,0.31
World_Top_10_MarketCap,10,2024,TSLA,SELL,0.0012,403.84,0.19
World_Top_10_MarketCap,10,2024,BRK.B,SELL,0.0001,453.28,0.03
World_Top_10_MarketCap,10,2024,TSM,SELL,0.0002,197.49,0.03
World_Top_10_MarketCap,10,2024,NVDA,SELL,0.0011,134.29,0.09
World_Top_10_MarketCap,10,2024,META,SELL,0.0001,585.51,0.02
World_Top_10_MarketCap,10,2024,TSLA,SELL,0.0001,403.84,0.01
World_Top_10_MarketCap,10,2024,BRK.B,SELL,0.0,453.28,0.0
World_Top_10_MarketCap,10,2024,TSM,SELL,0.0,197.49,0.0
World_Top_10_MarketCap,10,2024,NVDA,SELL,0.0001,134.29,0.01
World_Top_10_MarketCap,10,2024,META,SELL,0.0,585.51,0.0
World_Top_10_MarketCap,10,2024,TSLA,SELL,0.0,403.84,0.0
World_Top_10_MarketCap,10,2024,BRK.B,SELL,0.0,453.28,0.0
World_Top_10_MarketCap,10,2024,TSM,SELL,0.0,197.49,0.0
World_Top_10_MarketCap,10,2024,NVDA,SELL,0.0,134.29,0.0
World_Top_10_MarketCap,10,2024,META,SELL,0.0,585.51,0.0
World_Top_10_MarketCap,10,2024,TSLA,SELL,0.0,403.84,0.0
World_Top_10_MarketCap,10,2024,NVDA,SELL,0.0,134.29,0.0
World_Top_10_MarketCap,10,2024,AAPL,BUY,6.3085,250.42,0.0
World_Top_10_MarketCap,10,2024,MSFT,BUY,7.706,421.5,0.0
World_Top_10_MarketCap,10,2024,AMZN,BUY,5.7015,219.39,0.0
World_Top_10_MarketCap,10,2024,GOOGL,BUY,4.841,189.3,0.0
World_Top_10_MarketCap,10,2024,AVGO,BUY,47.4769,231.84,0.0
